0 verbose cli /usr/local/bin/node /usr/local/bin/npm
1 info using npm@10.9.2
2 info using node@v22.15.0
3 silly config load:file:/usr/local/lib/node_modules/npm/npmrc
4 silly config load:file:/Users/huseyindeniz/Desktop/pomodoro/.npmrc
5 silly config load:file:/Users/huseyindeniz/.npmrc
6 silly config load:file:/usr/local/etc/npmrc
7 verbose title npm install @react-navigation/native @react-navigation/bottom-tabs react-native-screens react-native-safe-area-context react-native-reanimated react-native-gesture-handler zustand @react-native-async-storage/async-storage expo-notifications expo-av expo-haptics expo-keep-awake expo-task-manager uuid react-native-svg
8 verbose argv "install" "--cache" "/Users/huseyindeniz/Desktop/pomodoro/.npm-cache" "@react-navigation/native" "@react-navigation/bottom-tabs" "react-native-screens" "react-native-safe-area-context" "react-native-reanimated" "react-native-gesture-handler" "zustand" "@react-native-async-storage/async-storage" "expo-notifications" "expo-av" "expo-haptics" "expo-keep-awake" "expo-task-manager" "uuid" "react-native-svg"
9 verbose logfile logs-max:10 dir:/Users/huseyindeniz/Desktop/pomodoro/.npm-cache/_logs/2026-05-22T12_17_52_808Z-
10 verbose logfile /Users/huseyindeniz/Desktop/pomodoro/.npm-cache/_logs/2026-05-22T12_17_52_808Z-debug-0.log
11 silly logfile done cleaning log files
12 silly packumentCache heap:4345298944 maxSize:1086324736 maxEntrySize:543162368
13 silly idealTree buildDeps
14 silly fetch manifest expo@~56.0.3
15 silly packumentCache full:https://registry.npmjs.org/expo cache-miss
16 http fetch GET 200 https://registry.npmjs.org/npm 765ms
17 http fetch GET 200 https://registry.npmjs.org/expo 801ms (cache miss)
18 silly packumentCache full:https://registry.npmjs.org/expo set size:undefined disposed:false
19 silly fetch manifest @expo/metro-runtime@*
20 silly packumentCache full:https://registry.npmjs.org/@expo%2fmetro-runtime cache-miss
21 http fetch GET 200 https://registry.npmjs.org/@expo%2fmetro-runtime 154ms (cache miss)
22 silly packumentCache full:https://registry.npmjs.org/@expo%2fmetro-runtime set size:undefined disposed:false
23 silly fetch manifest react@19.2.3
24 silly packumentCache full:https://registry.npmjs.org/react cache-miss
25 http fetch GET 200 https://registry.npmjs.org/react 424ms (cache miss)
26 silly packumentCache full:https://registry.npmjs.org/react set size:undefined disposed:false
27 silly fetch manifest react-dom@*
28 silly packumentCache full:https://registry.npmjs.org/react-dom cache-miss
29 http fetch GET 200 https://registry.npmjs.org/react-dom 459ms (cache miss)
30 silly packumentCache full:https://registry.npmjs.org/react-dom set size:undefined disposed:false
31 silly fetch manifest react@^19.2.6
32 silly packumentCache full:https://registry.npmjs.org/react cache-miss
33 http cache https://registry.npmjs.org/react 7ms (cache hit)
34 silly packumentCache full:https://registry.npmjs.org/react set size:6650647 disposed:false
35 silly fetch manifest react-native@0.85.3
36 silly packumentCache full:https://registry.npmjs.org/react-native cache-miss
37 http fetch GET 200 https://registry.npmjs.org/react-native 386ms (cache miss)
38 silly packumentCache full:https://registry.npmjs.org/react-native set size:undefined disposed:false
39 silly fetch manifest @react-native/jest-preset@0.85.3
40 silly packumentCache full:https://registry.npmjs.org/@react-native%2fjest-preset cache-miss
41 http fetch GET 200 https://registry.npmjs.org/@react-native%2fjest-preset 140ms (cache miss)
42 silly packumentCache full:https://registry.npmjs.org/@react-native%2fjest-preset set size:undefined disposed:false
43 silly fetch manifest @types/react@~19.2.2
44 silly packumentCache full:https://registry.npmjs.org/@types%2freact cache-miss
45 http fetch GET 200 https://registry.npmjs.org/@types%2freact 206ms (cache miss)
46 silly packumentCache full:https://registry.npmjs.org/@types%2freact set size:undefined disposed:false
47 silly fetch manifest react-native-web@*
48 silly packumentCache full:https://registry.npmjs.org/react-native-web cache-miss
49 http fetch GET 200 https://registry.npmjs.org/react-native-web 319ms (cache miss)
50 silly packumentCache full:https://registry.npmjs.org/react-native-web set size:undefined disposed:false
51 silly fetch manifest react-native-webview@*
52 silly packumentCache full:https://registry.npmjs.org/react-native-webview cache-miss
53 http fetch GET 200 https://registry.npmjs.org/react-native-webview 186ms (cache miss)
54 silly packumentCache full:https://registry.npmjs.org/react-native-webview set size:undefined disposed:false
55 silly fetch manifest expo-status-bar@~56.0.4
56 silly packumentCache full:https://registry.npmjs.org/expo-status-bar cache-miss
57 http fetch GET 200 https://registry.npmjs.org/expo-status-bar 142ms (cache miss)
58 silly packumentCache full:https://registry.npmjs.org/expo-status-bar set size:undefined disposed:false
59 silly fetch manifest @react-navigation/native@*
60 silly packumentCache full:https://registry.npmjs.org/@react-navigation%2fnative cache-miss
61 http fetch GET 200 https://registry.npmjs.org/@react-navigation%2fnative 206ms (cache miss)
62 silly packumentCache full:https://registry.npmjs.org/@react-navigation%2fnative set size:undefined disposed:false
63 silly fetch manifest @react-navigation/bottom-tabs@*
64 silly packumentCache full:https://registry.npmjs.org/@react-navigation%2fbottom-tabs cache-miss
65 http fetch GET 200 https://registry.npmjs.org/@react-navigation%2fbottom-tabs 171ms (cache miss)
66 silly packumentCache full:https://registry.npmjs.org/@react-navigation%2fbottom-tabs set size:undefined disposed:false
67 silly fetch manifest react-native-safe-area-context@*
68 silly packumentCache full:https://registry.npmjs.org/react-native-safe-area-context cache-miss
69 http fetch GET 200 https://registry.npmjs.org/react-native-safe-area-context 145ms (cache miss)
70 silly packumentCache full:https://registry.npmjs.org/react-native-safe-area-context set size:undefined disposed:false
71 silly fetch manifest react-native-screens@*
72 silly packumentCache full:https://registry.npmjs.org/react-native-screens cache-miss
73 http fetch GET 200 https://registry.npmjs.org/react-native-screens 172ms (cache miss)
74 silly packumentCache full:https://registry.npmjs.org/react-native-screens set size:undefined disposed:false
75 silly fetch manifest react-native-reanimated@*
76 silly packumentCache full:https://registry.npmjs.org/react-native-reanimated cache-miss
77 http fetch GET 200 https://registry.npmjs.org/react-native-reanimated 268ms (cache miss)
78 silly packumentCache full:https://registry.npmjs.org/react-native-reanimated set size:undefined disposed:false
79 silly fetch manifest react-native-worklets@0.8.x
80 silly packumentCache full:https://registry.npmjs.org/react-native-worklets cache-miss
81 http fetch GET 200 https://registry.npmjs.org/react-native-worklets 149ms (cache miss)
82 silly packumentCache full:https://registry.npmjs.org/react-native-worklets set size:undefined disposed:false
83 silly fetch manifest @babel/core@*
84 silly packumentCache full:https://registry.npmjs.org/@babel%2fcore cache-miss
85 http fetch GET 200 https://registry.npmjs.org/@babel%2fcore 166ms (cache miss)
86 silly packumentCache full:https://registry.npmjs.org/@babel%2fcore set size:undefined disposed:false
87 silly fetch manifest @react-native/metro-config@*
88 silly packumentCache full:https://registry.npmjs.org/@react-native%2fmetro-config cache-miss
89 http fetch GET 200 https://registry.npmjs.org/@react-native%2fmetro-config 194ms (cache miss)
90 silly packumentCache full:https://registry.npmjs.org/@react-native%2fmetro-config set size:undefined disposed:false
91 silly fetch manifest react-native-gesture-handler@*
92 silly packumentCache full:https://registry.npmjs.org/react-native-gesture-handler cache-miss
93 http fetch GET 200 https://registry.npmjs.org/react-native-gesture-handler 151ms (cache miss)
94 silly packumentCache full:https://registry.npmjs.org/react-native-gesture-handler set size:undefined disposed:false
95 silly fetch manifest zustand@*
96 silly packumentCache full:https://registry.npmjs.org/zustand cache-miss
97 http fetch GET 200 https://registry.npmjs.org/zustand 158ms (cache miss)
98 silly packumentCache full:https://registry.npmjs.org/zustand set size:undefined disposed:false
99 silly fetch manifest immer@>=9.0.6
100 silly packumentCache full:https://registry.npmjs.org/immer cache-miss
101 http fetch GET 200 https://registry.npmjs.org/immer 157ms (cache miss)
102 silly packumentCache full:https://registry.npmjs.org/immer set size:undefined disposed:false
103 silly fetch manifest use-sync-external-store@>=1.2.0
104 silly packumentCache full:https://registry.npmjs.org/use-sync-external-store cache-miss
105 http fetch GET 200 https://registry.npmjs.org/use-sync-external-store 254ms (cache miss)
106 silly packumentCache full:https://registry.npmjs.org/use-sync-external-store set size:undefined disposed:false
107 silly fetch manifest @react-native-async-storage/async-storage@*
108 silly packumentCache full:https://registry.npmjs.org/@react-native-async-storage%2fasync-storage cache-miss
109 http fetch GET 200 https://registry.npmjs.org/@react-native-async-storage%2fasync-storage 165ms (cache miss)
110 silly packumentCache full:https://registry.npmjs.org/@react-native-async-storage%2fasync-storage set size:undefined disposed:false
111 silly fetch manifest expo-notifications@*
112 silly packumentCache full:https://registry.npmjs.org/expo-notifications cache-miss
113 http fetch GET 200 https://registry.npmjs.org/expo-notifications 145ms (cache miss)
114 silly packumentCache full:https://registry.npmjs.org/expo-notifications set size:undefined disposed:false
115 silly fetch manifest expo-av@*
116 silly packumentCache full:https://registry.npmjs.org/expo-av cache-miss
117 http fetch GET 200 https://registry.npmjs.org/expo-av 317ms (cache miss)
118 silly packumentCache full:https://registry.npmjs.org/expo-av set size:undefined disposed:false
119 silly fetch manifest expo-haptics@*
120 silly packumentCache full:https://registry.npmjs.org/expo-haptics cache-miss
121 http fetch GET 200 https://registry.npmjs.org/expo-haptics 296ms (cache miss)
122 silly packumentCache full:https://registry.npmjs.org/expo-haptics set size:undefined disposed:false
123 silly fetch manifest expo-keep-awake@*
124 silly packumentCache full:https://registry.npmjs.org/expo-keep-awake cache-miss
125 http fetch GET 200 https://registry.npmjs.org/expo-keep-awake 148ms (cache miss)
126 silly packumentCache full:https://registry.npmjs.org/expo-keep-awake set size:undefined disposed:false
127 silly fetch manifest expo-task-manager@*
128 silly packumentCache full:https://registry.npmjs.org/expo-task-manager cache-miss
129 http fetch GET 200 https://registry.npmjs.org/expo-task-manager 136ms (cache miss)
130 silly packumentCache full:https://registry.npmjs.org/expo-task-manager set size:undefined disposed:false
131 silly fetch manifest uuid@*
132 silly packumentCache full:https://registry.npmjs.org/uuid cache-miss
133 http fetch GET 200 https://registry.npmjs.org/uuid 158ms (cache miss)
134 silly packumentCache full:https://registry.npmjs.org/uuid set size:undefined disposed:false
135 silly fetch manifest react-native-svg@*
136 silly packumentCache full:https://registry.npmjs.org/react-native-svg cache-miss
137 http fetch GET 200 https://registry.npmjs.org/react-native-svg 146ms (cache miss)
138 silly packumentCache full:https://registry.npmjs.org/react-native-svg set size:undefined disposed:false
139 silly fetch manifest typescript@~6.0.3
140 silly packumentCache full:https://registry.npmjs.org/typescript cache-miss
141 http fetch GET 200 https://registry.npmjs.org/typescript 439ms (cache miss)
142 silly packumentCache full:https://registry.npmjs.org/typescript set size:undefined disposed:false
143 silly placeDep ROOT @react-native-async-storage/async-storage@3.1.0 OK for: pomodoro@1.0.0 want: *
144 silly placeDep ROOT react@19.2.3 OK for: @react-native-async-storage/async-storage@3.1.0 want: *
145 silly placeDep ROOT react-native@0.85.3 OK for: @react-native-async-storage/async-storage@3.1.0 want: *
146 silly placeDep ROOT @react-navigation/bottom-tabs@7.16.1 OK for: pomodoro@1.0.0 want: *
147 silly placeDep ROOT react-native-screens@4.25.2 OK for: @react-navigation/bottom-tabs@7.16.1 want: >= 4.0.0
148 silly placeDep ROOT @react-navigation/native@7.2.4 OK for: @react-navigation/bottom-tabs@7.16.1 want: ^7.2.4
149 silly placeDep ROOT react-native-safe-area-context@5.8.0 OK for: @react-navigation/bottom-tabs@7.16.1 want: >= 4.0.0
150 silly placeDep ROOT @react-navigation/native@7.2.4 REPLACE for: pomodoro@1.0.0 want: *
151 silly placeDep ROOT @types/react@19.2.15 OK for: pomodoro@1.0.0 want: ~19.2.2
152 silly placeDep ROOT expo@56.0.3 OK for: pomodoro@1.0.0 want: ~56.0.3
153 silly placeDep ROOT expo-av@16.0.8 OK for: pomodoro@1.0.0 want: *
154 silly placeDep ROOT expo-haptics@56.0.3 OK for: pomodoro@1.0.0 want: *
155 silly placeDep ROOT expo-keep-awake@56.0.3 OK for: pomodoro@1.0.0 want: *
156 silly placeDep ROOT expo-notifications@56.0.12 OK for: pomodoro@1.0.0 want: *
157 silly placeDep ROOT expo-status-bar@56.0.4 OK for: pomodoro@1.0.0 want: ~56.0.4
158 silly placeDep ROOT expo-task-manager@56.0.13 OK for: pomodoro@1.0.0 want: *
159 silly placeDep ROOT react-native-gesture-handler@2.31.2 OK for: pomodoro@1.0.0 want: *
160 silly placeDep ROOT react-native-reanimated@4.3.1 OK for: pomodoro@1.0.0 want: *
161 silly placeDep ROOT react-native-worklets@0.8.3 OK for: react-native-reanimated@4.3.1 want: 0.8.x
162 silly placeDep ROOT @babel/core@7.29.0 OK for: react-native-worklets@0.8.3 want: *
163 silly placeDep ROOT @react-native/metro-config@0.85.3 OK for: react-native-worklets@0.8.3 want: *
164 silly placeDep ROOT react-native-safe-area-context@5.8.0 REPLACE for: pomodoro@1.0.0 want: *
165 silly placeDep ROOT react-native-screens@4.25.2 REPLACE for: pomodoro@1.0.0 want: *
166 silly placeDep ROOT react-native-svg@15.15.5 OK for: pomodoro@1.0.0 want: *
167 silly placeDep ROOT typescript@6.0.3 OK for: pomodoro@1.0.0 want: ~6.0.3
168 silly placeDep ROOT uuid@14.0.0 OK for: pomodoro@1.0.0 want: *
169 silly placeDep ROOT zustand@5.0.13 OK for: pomodoro@1.0.0 want: *
170 silly fetch manifest idb@8.0.3
171 silly packumentCache full:https://registry.npmjs.org/idb cache-miss
172 silly fetch manifest ws@^7.5.10
173 silly packumentCache full:https://registry.npmjs.org/ws cache-miss
174 silly fetch manifest anser@^1.4.9
175 silly packumentCache full:https://registry.npmjs.org/anser cache-miss
176 silly fetch manifest yargs@^17.6.2
177 silly packumentCache full:https://registry.npmjs.org/yargs cache-miss
178 silly fetch manifest semver@^7.1.3
179 silly packumentCache full:https://registry.npmjs.org/semver cache-miss
180 silly fetch manifest promise@^8.3.0
181 silly packumentCache full:https://registry.npmjs.org/promise cache-miss
182 silly fetch manifest base64-js@^1.5.1
183 silly packumentCache full:https://registry.npmjs.org/base64-js cache-miss
184 silly fetch manifest commander@^12.0.0
185 silly packumentCache full:https://registry.npmjs.org/commander cache-miss
186 silly fetch manifest invariant@^2.2.4
187 silly packumentCache full:https://registry.npmjs.org/invariant cache-miss
188 http fetch GET 200 https://registry.npmjs.org/idb 132ms (cache miss)
189 silly packumentCache full:https://registry.npmjs.org/idb set size:undefined disposed:false
190 silly fetch manifest scheduler@0.27.0
191 silly packumentCache full:https://registry.npmjs.org/scheduler cache-miss
192 http fetch GET 200 https://registry.npmjs.org/ws 157ms (cache miss)
193 silly packumentCache full:https://registry.npmjs.org/ws set size:undefined disposed:false
194 silly fetch manifest ansi-regex@^5.0.0
195 silly packumentCache full:https://registry.npmjs.org/ansi-regex cache-miss
196 http fetch GET 200 https://registry.npmjs.org/ansi-regex 142ms (cache miss)
197 silly packumentCache full:https://registry.npmjs.org/ansi-regex set size:undefined disposed:false
198 silly fetch manifest nullthrows@^1.1.1
199 silly packumentCache full:https://registry.npmjs.org/nullthrows cache-miss
200 http fetch GET 200 https://registry.npmjs.org/scheduler 261ms (cache miss)
201 silly packumentCache full:https://registry.npmjs.org/scheduler set size:undefined disposed:false
202 silly fetch manifest tinyglobby@^0.2.15
203 silly packumentCache full:https://registry.npmjs.org/tinyglobby cache-miss
204 http fetch GET 200 https://registry.npmjs.org/nullthrows 123ms (cache miss)
205 silly packumentCache full:https://registry.npmjs.org/nullthrows set size:undefined disposed:false
206 silly fetch manifest memoize-one@^5.0.0
207 silly packumentCache full:https://registry.npmjs.org/memoize-one cache-miss
208 http fetch GET 200 https://registry.npmjs.org/base64-js 431ms (cache miss)
209 silly packumentCache full:https://registry.npmjs.org/base64-js set size:undefined disposed:false
210 silly fetch manifest whatwg-fetch@^3.0.0
211 silly packumentCache full:https://registry.npmjs.org/whatwg-fetch cache-miss
212 http fetch GET 200 https://registry.npmjs.org/promise 445ms (cache miss)
213 silly packumentCache full:https://registry.npmjs.org/promise set size:undefined disposed:false
214 silly fetch manifest metro-runtime@^0.84.3
215 silly packumentCache full:https://registry.npmjs.org/metro-runtime cache-miss
216 http fetch GET 200 https://registry.npmjs.org/invariant 460ms (cache miss)
217 silly packumentCache full:https://registry.npmjs.org/invariant set size:undefined disposed:false
218 silly fetch manifest pretty-format@^29.7.0
219 silly packumentCache full:https://registry.npmjs.org/pretty-format cache-miss
220 http fetch GET 200 https://registry.npmjs.org/semver 467ms (cache miss)
221 silly packumentCache full:https://registry.npmjs.org/semver set size:undefined disposed:false
222 silly fetch manifest react-refresh@^0.14.0
223 silly packumentCache full:https://registry.npmjs.org/react-refresh cache-miss
224 http fetch GET 200 https://registry.npmjs.org/anser 486ms (cache miss)
225 silly packumentCache full:https://registry.npmjs.org/anser set size:undefined disposed:false
226 silly fetch manifest hermes-compiler@250829098.0.10
227 silly packumentCache full:https://registry.npmjs.org/hermes-compiler cache-miss
228 http fetch GET 200 https://registry.npmjs.org/tinyglobby 114ms (cache miss)
229 silly packumentCache full:https://registry.npmjs.org/tinyglobby set size:undefined disposed:false
230 silly fetch manifest abort-controller@^3.0.0
231 silly packumentCache full:https://registry.npmjs.org/abort-controller cache-miss
232 http fetch GET 200 https://registry.npmjs.org/commander 559ms (cache miss)
233 silly packumentCache full:https://registry.npmjs.org/commander set size:undefined disposed:false
234 silly fetch manifest metro-source-map@^0.84.3
235 silly packumentCache full:https://registry.npmjs.org/metro-source-map cache-miss
236 http fetch GET 200 https://registry.npmjs.org/yargs 562ms (cache miss)
237 silly packumentCache full:https://registry.npmjs.org/yargs set size:undefined disposed:false
238 silly fetch manifest stacktrace-parser@^0.1.10
239 silly packumentCache full:https://registry.npmjs.org/stacktrace-parser cache-miss
240 http fetch GET 200 https://registry.npmjs.org/whatwg-fetch 136ms (cache miss)
241 silly packumentCache full:https://registry.npmjs.org/whatwg-fetch set size:undefined disposed:false
242 silly fetch manifest flow-enums-runtime@^0.0.6
243 silly packumentCache full:https://registry.npmjs.org/flow-enums-runtime cache-miss
244 http fetch GET 200 https://registry.npmjs.org/memoize-one 146ms (cache miss)
245 silly packumentCache full:https://registry.npmjs.org/memoize-one set size:undefined disposed:false
246 silly fetch manifest react-devtools-core@^6.1.5
247 silly packumentCache full:https://registry.npmjs.org/react-devtools-core cache-miss
248 http fetch GET 200 https://registry.npmjs.org/metro-runtime 163ms (cache miss)
249 silly packumentCache full:https://registry.npmjs.org/metro-runtime set size:undefined disposed:false
250 silly fetch manifest regenerator-runtime@^0.13.2
251 silly packumentCache full:https://registry.npmjs.org/regenerator-runtime cache-miss
252 http fetch GET 200 https://registry.npmjs.org/abort-controller 113ms (cache miss)
253 silly packumentCache full:https://registry.npmjs.org/abort-controller set size:undefined disposed:false
254 silly fetch manifest @react-native/codegen@0.85.3
255 silly packumentCache full:https://registry.npmjs.org/@react-native%2fcodegen cache-miss
256 http fetch GET 200 https://registry.npmjs.org/hermes-compiler 160ms (cache miss)
257 silly packumentCache full:https://registry.npmjs.org/hermes-compiler set size:undefined disposed:false
258 silly fetch manifest @react-native/js-polyfills@0.85.3
259 silly packumentCache full:https://registry.npmjs.org/@react-native%2fjs-polyfills cache-miss
260 http fetch GET 200 https://registry.npmjs.org/flow-enums-runtime 125ms (cache miss)
261 silly packumentCache full:https://registry.npmjs.org/flow-enums-runtime set size:undefined disposed:false
262 silly fetch manifest @react-native/gradle-plugin@0.85.3
263 silly packumentCache full:https://registry.npmjs.org/@react-native%2fgradle-plugin cache-miss
264 http fetch GET 200 https://registry.npmjs.org/stacktrace-parser 134ms (cache miss)
265 silly packumentCache full:https://registry.npmjs.org/stacktrace-parser set size:undefined disposed:false
266 silly fetch manifest @react-native/assets-registry@0.85.3
267 silly packumentCache full:https://registry.npmjs.org/@react-native%2fassets-registry cache-miss
268 http fetch GET 200 https://registry.npmjs.org/pretty-format 280ms (cache miss)
269 silly packumentCache full:https://registry.npmjs.org/pretty-format set size:undefined disposed:false
270 silly fetch manifest @react-native/normalize-colors@0.85.3
271 silly packumentCache full:https://registry.npmjs.org/@react-native%2fnormalize-colors cache-miss
272 http fetch GET 200 https://registry.npmjs.org/react-devtools-core 172ms (cache miss)
273 silly packumentCache full:https://registry.npmjs.org/react-devtools-core set size:undefined disposed:false
274 silly fetch manifest @react-native/virtualized-lists@0.85.3
275 silly packumentCache full:https://registry.npmjs.org/@react-native%2fvirtualized-lists cache-miss
276 http fetch GET 200 https://registry.npmjs.org/regenerator-runtime 141ms (cache miss)
277 silly packumentCache full:https://registry.npmjs.org/regenerator-runtime set size:undefined disposed:false
278 silly fetch manifest babel-plugin-syntax-hermes-parser@0.33.3
279 silly packumentCache full:https://registry.npmjs.org/babel-plugin-syntax-hermes-parser cache-miss
280 http fetch GET 200 https://registry.npmjs.org/metro-source-map 192ms (cache miss)
281 silly packumentCache full:https://registry.npmjs.org/metro-source-map set size:undefined disposed:false
282 silly fetch manifest @react-native/community-cli-plugin@0.85.3
283 silly packumentCache full:https://registry.npmjs.org/@react-native%2fcommunity-cli-plugin cache-miss
284 http fetch GET 200 https://registry.npmjs.org/@react-native%2fcodegen 204ms (cache miss)
285 silly packumentCache full:https://registry.npmjs.org/@react-native%2fcodegen set size:undefined disposed:false
286 silly fetch manifest color@^4.2.3
287 silly packumentCache full:https://registry.npmjs.org/color cache-miss
288 http fetch GET 200 https://registry.npmjs.org/babel-plugin-syntax-hermes-parser 146ms (cache miss)
289 silly packumentCache full:https://registry.npmjs.org/babel-plugin-syntax-hermes-parser set size:undefined disposed:false
290 silly fetch manifest sf-symbols-typescript@^2.1.0
291 silly packumentCache full:https://registry.npmjs.org/sf-symbols-typescript cache-miss
292 http fetch GET 200 https://registry.npmjs.org/@react-native%2fnormalize-colors 269ms (cache miss)
293 silly packumentCache full:https://registry.npmjs.org/@react-native%2fnormalize-colors set size:undefined disposed:false
294 silly fetch manifest @react-navigation/elements@^2.9.18
295 silly packumentCache full:https://registry.npmjs.org/@react-navigation%2felements cache-miss
296 http fetch GET 200 https://registry.npmjs.org/color 183ms (cache miss)
297 silly packumentCache full:https://registry.npmjs.org/color set size:undefined disposed:false
298 silly fetch manifest nanoid@^3.3.11
299 silly packumentCache full:https://registry.npmjs.org/nanoid cache-miss
300 http fetch GET 200 https://registry.npmjs.org/@react-native%2fassets-registry 369ms (cache miss)
301 silly packumentCache full:https://registry.npmjs.org/@react-native%2fassets-registry set size:undefined disposed:false
302 silly fetch manifest fast-deep-equal@^3.1.3
303 silly packumentCache full:https://registry.npmjs.org/fast-deep-equal cache-miss
304 http fetch GET 200 https://registry.npmjs.org/sf-symbols-typescript 176ms (cache miss)
305 silly packumentCache full:https://registry.npmjs.org/sf-symbols-typescript set size:undefined disposed:false
306 silly fetch manifest use-latest-callback@^0.2.4
307 silly packumentCache full:https://registry.npmjs.org/use-latest-callback cache-miss
308 http fetch GET 200 https://registry.npmjs.org/react-refresh 613ms (cache miss)
309 silly packumentCache full:https://registry.npmjs.org/react-refresh set size:undefined disposed:false
310 silly fetch manifest escape-string-regexp@^4.0.0
311 silly packumentCache full:https://registry.npmjs.org/escape-string-regexp cache-miss
312 http fetch GET 200 https://registry.npmjs.org/@react-native%2fjs-polyfills 466ms (cache miss)
313 silly packumentCache full:https://registry.npmjs.org/@react-native%2fjs-polyfills set size:undefined disposed:false
314 silly fetch manifest @react-navigation/core@^7.17.4
315 silly packumentCache full:https://registry.npmjs.org/@react-navigation%2fcore cache-miss
316 http fetch GET 200 https://registry.npmjs.org/@react-native%2fcommunity-cli-plugin 364ms (cache miss)
317 silly packumentCache full:https://registry.npmjs.org/@react-native%2fcommunity-cli-plugin set size:undefined disposed:false
318 silly fetch manifest warn-once@^0.1.0
319 silly packumentCache full:https://registry.npmjs.org/warn-once cache-miss
320 http fetch GET 200 https://registry.npmjs.org/@react-native%2fvirtualized-lists 379ms (cache miss)
321 silly packumentCache full:https://registry.npmjs.org/@react-native%2fvirtualized-lists set size:undefined disposed:false
322 silly fetch manifest react-freeze@^1.0.0
323 silly packumentCache full:https://registry.npmjs.org/react-freeze cache-miss
324 http fetch GET 200 https://registry.npmjs.org/@react-native%2fgradle-plugin 456ms (cache miss)
325 silly packumentCache full:https://registry.npmjs.org/@react-native%2fgradle-plugin set size:undefined disposed:false
326 silly fetch manifest nanoid@^3.3.11
327 silly packumentCache full:https://registry.npmjs.org/nanoid cache-miss
328 http fetch GET 200 https://registry.npmjs.org/nanoid 131ms (cache miss)
329 silly packumentCache full:https://registry.npmjs.org/nanoid set size:undefined disposed:false
330 silly fetch manifest fast-deep-equal@^3.1.3
331 silly packumentCache full:https://registry.npmjs.org/fast-deep-equal cache-miss
332 http fetch GET 200 https://registry.npmjs.org/@react-navigation%2felements 177ms (cache miss)
333 silly packumentCache full:https://registry.npmjs.org/@react-navigation%2felements set size:undefined disposed:false
334 silly fetch manifest use-latest-callback@^0.2.4
335 silly packumentCache full:https://registry.npmjs.org/use-latest-callback cache-miss
336 http fetch GET 200 https://registry.npmjs.org/fast-deep-equal 126ms (cache miss)
337 silly packumentCache full:https://registry.npmjs.org/fast-deep-equal set size:undefined disposed:false
338 silly fetch manifest escape-string-regexp@^4.0.0
339 silly packumentCache full:https://registry.npmjs.org/escape-string-regexp cache-miss
340 http fetch GET 200 https://registry.npmjs.org/use-latest-callback 126ms (cache miss)
341 silly packumentCache full:https://registry.npmjs.org/use-latest-callback set size:undefined disposed:false
342 silly fetch manifest @react-navigation/core@^7.17.4
343 silly packumentCache full:https://registry.npmjs.org/@react-navigation%2fcore cache-miss
344 http fetch GET 200 https://registry.npmjs.org/escape-string-regexp 129ms (cache miss)
345 silly packumentCache full:https://registry.npmjs.org/escape-string-regexp set size:undefined disposed:false
346 silly fetch manifest csstype@^3.2.2
347 silly packumentCache full:https://registry.npmjs.org/csstype cache-miss
348 http fetch GET 200 https://registry.npmjs.org/warn-once 116ms (cache miss)
349 silly packumentCache full:https://registry.npmjs.org/warn-once set size:undefined disposed:false
350 silly fetch manifest @expo/cli@^56.1.10
351 silly packumentCache full:https://registry.npmjs.org/@expo%2fcli cache-miss
352 http fetch GET 200 https://registry.npmjs.org/react-freeze 112ms (cache miss)
353 silly packumentCache full:https://registry.npmjs.org/react-freeze set size:undefined disposed:false
354 silly fetch manifest expo-font@~56.0.5
355 silly packumentCache full:https://registry.npmjs.org/expo-font cache-miss
356 http fetch GET 200 https://registry.npmjs.org/fast-deep-equal 110ms (cache miss)
357 silly packumentCache full:https://registry.npmjs.org/fast-deep-equal set size:undefined disposed:false
358 silly fetch manifest expo-asset@~56.0.13
359 silly packumentCache full:https://registry.npmjs.org/expo-asset cache-miss
360 http fetch GET 200 https://registry.npmjs.org/nanoid 175ms (cache miss)
361 silly packumentCache full:https://registry.npmjs.org/nanoid set size:undefined disposed:false
362 silly fetch manifest @expo/metro@~56.0.0
363 silly packumentCache full:https://registry.npmjs.org/@expo%2fmetro cache-miss
364 http fetch GET 200 https://registry.npmjs.org/escape-string-regexp 131ms (cache miss)
365 silly packumentCache full:https://registry.npmjs.org/escape-string-regexp set size:undefined disposed:false
366 silly fetch manifest @expo/config@~56.0.8
367 silly packumentCache full:https://registry.npmjs.org/@expo%2fconfig cache-miss
368 http fetch GET 200 https://registry.npmjs.org/use-latest-callback 141ms (cache miss)
369 silly packumentCache full:https://registry.npmjs.org/use-latest-callback set size:undefined disposed:false
370 silly fetch manifest @expo/log-box@^56.0.12
371 silly packumentCache full:https://registry.npmjs.org/@expo%2flog-box cache-miss
372 http fetch GET 200 https://registry.npmjs.org/@react-navigation%2fcore 253ms (cache miss)
373 silly packumentCache full:https://registry.npmjs.org/@react-navigation%2fcore set size:undefined disposed:false
374 silly fetch manifest react-refresh@^0.14.2
375 silly packumentCache full:https://registry.npmjs.org/react-refresh cache-miss
376 http cache https://registry.npmjs.org/react-refresh 10ms (cache hit)
377 silly packumentCache full:https://registry.npmjs.org/react-refresh set size:6329425 disposed:false
378 silly fetch manifest @babel/runtime@^7.20.0
379 silly packumentCache full:https://registry.npmjs.org/@babel%2fruntime cache-miss
380 http fetch GET 200 https://registry.npmjs.org/csstype 186ms (cache miss)
381 silly packumentCache full:https://registry.npmjs.org/csstype set size:undefined disposed:false
382 silly fetch manifest @expo/devtools@~56.0.2
383 silly packumentCache full:https://registry.npmjs.org/@expo%2fdevtools cache-miss
384 http fetch GET 200 https://registry.npmjs.org/expo-font 184ms (cache miss)
385 silly packumentCache full:https://registry.npmjs.org/expo-font set size:undefined disposed:false
386 silly fetch manifest expo-constants@~56.0.14
387 silly packumentCache full:https://registry.npmjs.org/expo-constants cache-miss
388 http fetch GET 200 https://registry.npmjs.org/expo-asset 161ms (cache miss)
389 silly packumentCache full:https://registry.npmjs.org/expo-asset set size:undefined disposed:false
390 silly fetch manifest expo-keep-awake@~56.0.3
391 silly packumentCache full:https://registry.npmjs.org/expo-keep-awake cache-miss
392 http fetch GET 200 https://registry.npmjs.org/@expo%2fcli 197ms (cache miss)
393 silly packumentCache full:https://registry.npmjs.org/@expo%2fcli set size:undefined disposed:false
394 silly fetch manifest expo-file-system@~56.0.7
395 silly packumentCache full:https://registry.npmjs.org/expo-file-system cache-miss
396 http cache https://registry.npmjs.org/expo-keep-awake 8ms (cache hit)
397 silly packumentCache full:https://registry.npmjs.org/expo-keep-awake set size:732652 disposed:false
398 silly fetch manifest @expo/dom-webview@~56.0.5
399 silly packumentCache full:https://registry.npmjs.org/@expo%2fdom-webview cache-miss
400 http fetch GET 200 https://registry.npmjs.org/@expo%2fmetro 140ms (cache miss)
401 silly packumentCache full:https://registry.npmjs.org/@expo%2fmetro set size:undefined disposed:false
402 silly fetch manifest @expo/fingerprint@^0.19.1
403 silly packumentCache full:https://registry.npmjs.org/@expo%2ffingerprint cache-miss
404 http fetch GET 200 https://registry.npmjs.org/@react-navigation%2fcore 316ms (cache miss)
405 silly packumentCache full:https://registry.npmjs.org/@react-navigation%2fcore set size:undefined disposed:false
406 silly fetch manifest babel-preset-expo@~56.0.11
407 silly packumentCache full:https://registry.npmjs.org/babel-preset-expo cache-miss
408 http fetch GET 200 https://registry.npmjs.org/@expo%2flog-box 190ms (cache miss)
409 silly packumentCache full:https://registry.npmjs.org/@expo%2flog-box set size:undefined disposed:false
410 silly fetch manifest expo-modules-core@~56.0.12
411 silly packumentCache full:https://registry.npmjs.org/expo-modules-core cache-miss
412 http fetch GET 200 https://registry.npmjs.org/@expo%2fdevtools 142ms (cache miss)
413 silly packumentCache full:https://registry.npmjs.org/@expo%2fdevtools set size:undefined disposed:false
414 silly fetch manifest @expo/metro-config@~56.0.11
415 silly packumentCache full:https://registry.npmjs.org/@expo%2fmetro-config cache-miss
416 http fetch GET 200 https://registry.npmjs.org/expo-constants 160ms (cache miss)
417 silly packumentCache full:https://registry.npmjs.org/expo-constants set size:undefined disposed:false
418 silly fetch manifest whatwg-url-minimum@^0.1.2
419 silly packumentCache full:https://registry.npmjs.org/whatwg-url-minimum cache-miss
420 http fetch GET 200 https://registry.npmjs.org/@expo%2fconfig 263ms (cache miss)
421 silly packumentCache full:https://registry.npmjs.org/@expo%2fconfig set size:undefined disposed:false
422 silly fetch manifest @expo/config-plugins@~56.0.7
423 silly packumentCache full:https://registry.npmjs.org/@expo%2fconfig-plugins cache-miss
424 http fetch GET 200 https://registry.npmjs.org/@expo%2fdom-webview 152ms (cache miss)
425 silly packumentCache full:https://registry.npmjs.org/@expo%2fdom-webview set size:undefined disposed:false
426 silly fetch manifest @ungap/structured-clone@^1.3.0
427 silly packumentCache full:https://registry.npmjs.org/@ungap%2fstructured-clone cache-miss
428 http fetch GET 200 https://registry.npmjs.org/expo-file-system 158ms (cache miss)
429 silly packumentCache full:https://registry.npmjs.org/expo-file-system set size:undefined disposed:false
430 silly fetch manifest expo-modules-autolinking@~56.0.11
431 silly packumentCache full:https://registry.npmjs.org/expo-modules-autolinking cache-miss
432 http fetch GET 200 https://registry.npmjs.org/@expo%2ffingerprint 166ms (cache miss)
433 silly packumentCache full:https://registry.npmjs.org/@expo%2ffingerprint set size:undefined disposed:false
434 silly fetch manifest @expo/local-build-cache-provider@^56.0.7
435 silly packumentCache full:https://registry.npmjs.org/@expo%2flocal-build-cache-provider cache-miss
436 http fetch GET 200 https://registry.npmjs.org/babel-preset-expo 179ms (cache miss)
437 silly packumentCache full:https://registry.npmjs.org/babel-preset-expo set size:undefined disposed:false
438 silly fetch manifest badgin@^1.1.5
439 silly packumentCache full:https://registry.npmjs.org/badgin cache-miss
440 http fetch GET 200 https://registry.npmjs.org/expo-modules-core 174ms (cache miss)
441 silly packumentCache full:https://registry.npmjs.org/expo-modules-core set size:undefined disposed:false
442 silly fetch manifest expo-application@~56.0.3
443 silly packumentCache full:https://registry.npmjs.org/expo-application cache-miss
444 http fetch GET 200 https://registry.npmjs.org/whatwg-url-minimum 130ms (cache miss)
445 silly packumentCache full:https://registry.npmjs.org/whatwg-url-minimum set size:undefined disposed:false
446 silly fetch manifest @expo/image-utils@^0.10.0
447 silly packumentCache full:https://registry.npmjs.org/@expo%2fimage-utils cache-miss
448 http fetch GET 200 https://registry.npmjs.org/@babel%2fruntime 310ms (cache miss)
449 silly packumentCache full:https://registry.npmjs.org/@babel%2fruntime set size:undefined disposed:false
450 silly fetch manifest unimodules-app-loader@~56.0.0
451 silly packumentCache full:https://registry.npmjs.org/unimodules-app-loader cache-miss
452 http fetch GET 200 https://registry.npmjs.org/@ungap%2fstructured-clone 134ms (cache miss)
453 silly packumentCache full:https://registry.npmjs.org/@ungap%2fstructured-clone set size:undefined disposed:false
454 silly fetch manifest @egjs/hammerjs@^2.0.17
455 silly packumentCache full:https://registry.npmjs.org/@egjs%2fhammerjs cache-miss
456 http fetch GET 200 https://registry.npmjs.org/expo-modules-autolinking 158ms (cache miss)
457 silly packumentCache full:https://registry.npmjs.org/expo-modules-autolinking set size:undefined disposed:false
458 silly fetch manifest hoist-non-react-statics@^3.3.0
459 silly packumentCache full:https://registry.npmjs.org/hoist-non-react-statics cache-miss
460 http fetch GET 200 https://registry.npmjs.org/@expo%2flocal-build-cache-provider 146ms (cache miss)
461 silly packumentCache full:https://registry.npmjs.org/@expo%2flocal-build-cache-provider set size:undefined disposed:false
462 silly fetch manifest @types/react-test-renderer@^19.1.0
463 silly packumentCache full:https://registry.npmjs.org/@types%2freact-test-renderer cache-miss
464 http fetch GET 200 https://registry.npmjs.org/@expo%2fmetro-config 221ms (cache miss)
465 silly packumentCache full:https://registry.npmjs.org/@expo%2fmetro-config set size:undefined disposed:false
466 silly fetch manifest semver@^7.7.3
467 silly packumentCache full:https://registry.npmjs.org/semver cache-miss
468 http fetch GET 200 https://registry.npmjs.org/@expo%2fconfig-plugins 193ms (cache miss)
469 silly packumentCache full:https://registry.npmjs.org/@expo%2fconfig-plugins set size:undefined disposed:false
470 silly fetch manifest react-native-is-edge-to-edge@^1.3.1
471 silly packumentCache full:https://registry.npmjs.org/react-native-is-edge-to-edge cache-miss
472 http cache https://registry.npmjs.org/semver 7ms (cache hit)
473 silly packumentCache full:https://registry.npmjs.org/semver set size:235672 disposed:false
474 silly fetch manifest convert-source-map@^2.0.0
475 silly packumentCache full:https://registry.npmjs.org/convert-source-map cache-miss
476 http fetch GET 200 https://registry.npmjs.org/badgin 121ms (cache miss)
477 silly packumentCache full:https://registry.npmjs.org/badgin set size:undefined disposed:false
478 silly fetch manifest @babel/preset-typescript@^7.27.1
479 silly packumentCache full:https://registry.npmjs.org/@babel%2fpreset-typescript cache-miss
480 http fetch GET 200 https://registry.npmjs.org/@egjs%2fhammerjs 142ms (cache miss)
481 silly packumentCache full:https://registry.npmjs.org/@egjs%2fhammerjs set size:undefined disposed:false
482 silly fetch manifest @babel/plugin-transform-classes@^7.28.4
483 silly packumentCache full:https://registry.npmjs.org/@babel%2fplugin-transform-classes cache-miss
484 http fetch GET 200 https://registry.npmjs.org/expo-application 186ms (cache miss)
485 silly packumentCache full:https://registry.npmjs.org/expo-application set size:undefined disposed:false
486 silly fetch manifest @babel/plugin-transform-unicode-regex@^7.27.1
487 silly packumentCache full:https://registry.npmjs.org/@babel%2fplugin-transform-unicode-regex cache-miss
488 http fetch GET 200 https://registry.npmjs.org/hoist-non-react-statics 137ms (cache miss)
489 silly packumentCache full:https://registry.npmjs.org/hoist-non-react-statics set size:undefined disposed:false
490 silly fetch manifest @babel/plugin-transform-arrow-functions@^7.27.1
491 silly packumentCache full:https://registry.npmjs.org/@babel%2fplugin-transform-arrow-functions cache-miss
492 http fetch GET 200 https://registry.npmjs.org/@expo%2fimage-utils 183ms (cache miss)
493 silly packumentCache full:https://registry.npmjs.org/@expo%2fimage-utils set size:undefined disposed:false
494 silly fetch manifest @babel/plugin-transform-class-properties@^7.27.1
495 silly packumentCache full:https://registry.npmjs.org/@babel%2fplugin-transform-class-properties cache-miss
496 http fetch GET 200 https://registry.npmjs.org/react-native-is-edge-to-edge 124ms (cache miss)
497 silly packumentCache full:https://registry.npmjs.org/react-native-is-edge-to-edge set size:undefined disposed:false
498 silly fetch manifest @babel/plugin-transform-optional-chaining@^7.27.1
499 silly packumentCache full:https://registry.npmjs.org/@babel%2fplugin-transform-optional-chaining cache-miss
500 http fetch GET 200 https://registry.npmjs.org/convert-source-map 122ms (cache miss)
501 silly packumentCache full:https://registry.npmjs.org/convert-source-map set size:undefined disposed:false
502 silly fetch manifest @babel/plugin-transform-template-literals@^7.27.1
503 silly packumentCache full:https://registry.npmjs.org/@babel%2fplugin-transform-template-literals cache-miss
504 http fetch GET 200 https://registry.npmjs.org/@types%2freact-test-renderer 145ms (cache miss)
505 silly packumentCache full:https://registry.npmjs.org/@types%2freact-test-renderer set size:undefined disposed:false
506 silly fetch manifest @babel/plugin-transform-shorthand-properties@^7.27.1
507 silly packumentCache full:https://registry.npmjs.org/@babel%2fplugin-transform-shorthand-properties cache-miss
508 http fetch GET 200 https://registry.npmjs.org/@babel%2fpreset-typescript 185ms (cache miss)
509 silly packumentCache full:https://registry.npmjs.org/@babel%2fpreset-typescript set size:undefined disposed:false
510 silly fetch manifest @babel/plugin-transform-nullish-coalescing-operator@^7.27.1
511 silly packumentCache full:https://registry.npmjs.org/@babel%2fplugin-transform-nullish-coalescing-operator cache-miss
512 http fetch GET 200 https://registry.npmjs.org/@babel%2fplugin-transform-classes 141ms (cache miss)
513 silly packumentCache full:https://registry.npmjs.org/@babel%2fplugin-transform-classes set size:undefined disposed:false
514 silly fetch manifest metro-config@^0.84.3
515 silly packumentCache full:https://registry.npmjs.org/metro-config cache-miss
516 http fetch GET 200 https://registry.npmjs.org/@babel%2fplugin-transform-unicode-regex 151ms (cache miss)
517 silly packumentCache full:https://registry.npmjs.org/@babel%2fplugin-transform-unicode-regex set size:undefined disposed:false
518 silly fetch manifest @react-native/metro-babel-transformer@0.85.3
519 silly packumentCache full:https://registry.npmjs.org/@react-native%2fmetro-babel-transformer cache-miss
520 http fetch GET 200 https://registry.npmjs.org/unimodules-app-loader 333ms (cache miss)
521 silly packumentCache full:https://registry.npmjs.org/unimodules-app-loader set size:undefined disposed:false
522 silly fetch manifest debug@^4.1.0
523 silly packumentCache full:https://registry.npmjs.org/debug cache-miss
524 http fetch GET 200 https://registry.npmjs.org/@babel%2fplugin-transform-arrow-functions 166ms (cache miss)
525 silly packumentCache full:https://registry.npmjs.org/@babel%2fplugin-transform-arrow-functions set size:undefined disposed:false
526 silly fetch manifest json5@^2.2.3
527 silly packumentCache full:https://registry.npmjs.org/json5 cache-miss
528 http fetch GET 200 https://registry.npmjs.org/@babel%2fplugin-transform-class-properties 192ms (cache miss)
529 silly packumentCache full:https://registry.npmjs.org/@babel%2fplugin-transform-class-properties set size:undefined disposed:false
530 silly fetch manifest semver@^6.3.1
531 silly packumentCache full:https://registry.npmjs.org/semver cache-hit
532 silly fetch manifest gensync@^1.0.0-beta.2
533 silly packumentCache full:https://registry.npmjs.org/gensync cache-miss
534 http fetch GET 200 https://registry.npmjs.org/@babel%2fplugin-transform-optional-chaining 207ms (cache miss)
535 silly packumentCache full:https://registry.npmjs.org/@babel%2fplugin-transform-optional-chaining set size:undefined disposed:false
536 silly fetch manifest @babel/types@^7.29.0
537 silly packumentCache full:https://registry.npmjs.org/@babel%2ftypes cache-miss
538 http fetch GET 200 https://registry.npmjs.org/@babel%2fplugin-transform-shorthand-properties 195ms (cache miss)
539 silly packumentCache full:https://registry.npmjs.org/@babel%2fplugin-transform-shorthand-properties set size:undefined disposed:false
540 silly fetch manifest @babel/parser@^7.29.0
541 silly packumentCache full:https://registry.npmjs.org/@babel%2fparser cache-miss
542 http fetch GET 200 https://registry.npmjs.org/@babel%2fplugin-transform-template-literals 208ms (cache miss)
543 silly packumentCache full:https://registry.npmjs.org/@babel%2fplugin-transform-template-literals set size:undefined disposed:false
544 silly fetch manifest @babel/helpers@^7.28.6
545 silly packumentCache full:https://registry.npmjs.org/@babel%2fhelpers cache-miss
546 http fetch GET 200 https://registry.npmjs.org/metro-config 154ms (cache miss)
547 silly packumentCache full:https://registry.npmjs.org/metro-config set size:undefined disposed:false
548 silly fetch manifest @babel/template@^7.28.6
549 silly packumentCache full:https://registry.npmjs.org/@babel%2ftemplate cache-miss
550 http fetch GET 200 https://registry.npmjs.org/@babel%2fplugin-transform-nullish-coalescing-operator 185ms (cache miss)
551 silly packumentCache full:https://registry.npmjs.org/@babel%2fplugin-transform-nullish-coalescing-operator set size:undefined disposed:false
552 silly fetch manifest @babel/traverse@^7.29.0
553 silly packumentCache full:https://registry.npmjs.org/@babel%2ftraverse cache-miss
554 http fetch GET 200 https://registry.npmjs.org/json5 126ms (cache miss)
555 silly packumentCache full:https://registry.npmjs.org/json5 set size:undefined disposed:false
556 silly fetch manifest @babel/generator@^7.29.0
557 silly packumentCache full:https://registry.npmjs.org/@babel%2fgenerator cache-miss
558 http fetch GET 200 https://registry.npmjs.org/debug 146ms (cache miss)
559 silly packumentCache full:https://registry.npmjs.org/debug set size:undefined disposed:false
560 silly fetch manifest @babel/code-frame@^7.29.0
561 silly packumentCache full:https://registry.npmjs.org/@babel%2fcode-frame cache-miss
562 http fetch GET 200 https://registry.npmjs.org/gensync 116ms (cache miss)
563 silly packumentCache full:https://registry.npmjs.org/gensync set size:undefined disposed:false
564 silly fetch manifest @jridgewell/remapping@^2.3.5
565 silly packumentCache full:https://registry.npmjs.org/@jridgewell%2fremapping cache-miss
566 http fetch GET 200 https://registry.npmjs.org/@babel%2fhelpers 178ms (cache miss)
567 silly packumentCache full:https://registry.npmjs.org/@babel%2fhelpers set size:undefined disposed:false
568 silly fetch manifest @babel/helper-module-transforms@^7.28.6
569 silly packumentCache full:https://registry.npmjs.org/@babel%2fhelper-module-transforms cache-miss
570 http fetch GET 200 https://registry.npmjs.org/@babel%2ftypes 187ms (cache miss)
571 silly packumentCache full:https://registry.npmjs.org/@babel%2ftypes set size:undefined disposed:false
572 silly fetch manifest @babel/helper-compilation-targets@^7.28.6
573 silly packumentCache full:https://registry.npmjs.org/@babel%2fhelper-compilation-targets cache-miss
574 http fetch GET 200 https://registry.npmjs.org/@babel%2ftemplate 139ms (cache miss)
575 silly packumentCache full:https://registry.npmjs.org/@babel%2ftemplate set size:undefined disposed:false
576 silly fetch manifest css-tree@^1.1.3
577 silly packumentCache full:https://registry.npmjs.org/css-tree cache-miss
578 http fetch GET 200 https://registry.npmjs.org/@babel%2fparser 191ms (cache miss)
579 silly packumentCache full:https://registry.npmjs.org/@babel%2fparser set size:undefined disposed:false
580 silly fetch manifest css-select@^5.1.0
581 silly packumentCache full:https://registry.npmjs.org/css-select cache-miss
582 http fetch GET 200 https://registry.npmjs.org/@babel%2ftraverse 163ms (cache miss)
583 silly packumentCache full:https://registry.npmjs.org/@babel%2ftraverse set size:undefined disposed:false
584 http fetch GET 200 https://registry.npmjs.org/@babel%2fcode-frame 151ms (cache miss)
585 silly packumentCache full:https://registry.npmjs.org/@babel%2fcode-frame set size:undefined disposed:false
586 http fetch GET 200 https://registry.npmjs.org/@babel%2fgenerator 170ms (cache miss)
587 silly packumentCache full:https://registry.npmjs.org/@babel%2fgenerator set size:undefined disposed:false
588 http fetch GET 200 https://registry.npmjs.org/@jridgewell%2fremapping 159ms (cache miss)
589 silly packumentCache full:https://registry.npmjs.org/@jridgewell%2fremapping set size:undefined disposed:false
590 http fetch GET 200 https://registry.npmjs.org/css-tree 133ms (cache miss)
591 silly packumentCache full:https://registry.npmjs.org/css-tree set size:undefined disposed:false
592 http fetch GET 200 https://registry.npmjs.org/css-select 132ms (cache miss)
593 silly packumentCache full:https://registry.npmjs.org/css-select set size:undefined disposed:false
594 http fetch GET 200 https://registry.npmjs.org/@babel%2fhelper-compilation-targets 154ms (cache miss)
595 silly packumentCache full:https://registry.npmjs.org/@babel%2fhelper-compilation-targets set size:undefined disposed:false
596 http fetch GET 200 https://registry.npmjs.org/@babel%2fhelper-module-transforms 175ms (cache miss)
597 silly packumentCache full:https://registry.npmjs.org/@babel%2fhelper-module-transforms set size:undefined disposed:false
598 http fetch GET 200 https://registry.npmjs.org/@react-native%2fmetro-babel-transformer 453ms (cache miss)
599 silly packumentCache full:https://registry.npmjs.org/@react-native%2fmetro-babel-transformer set size:undefined disposed:false
600 silly fetch manifest @babel/core@^7.0.0
601 silly packumentCache full:https://registry.npmjs.org/@babel%2fcore cache-miss
602 http cache https://registry.npmjs.org/@babel%2fcore 2ms (cache hit)
603 silly packumentCache full:https://registry.npmjs.org/@babel%2fcore set size:768033 disposed:false
604 silly placeDep ROOT @babel/code-frame@7.29.0 OK for: @babel/core@7.29.0 want: ^7.29.0
605 silly placeDep ROOT @babel/generator@7.29.1 OK for: @babel/core@7.29.0 want: ^7.29.0
606 silly placeDep ROOT @babel/helper-compilation-targets@7.28.6 OK for: @babel/core@7.29.0 want: ^7.28.6
607 silly placeDep ROOT @babel/helper-module-transforms@7.28.6 OK for: @babel/core@7.29.0 want: ^7.28.6
608 silly placeDep ROOT @babel/helpers@7.29.2 OK for: @babel/core@7.29.0 want: ^7.28.6
609 silly placeDep ROOT @babel/parser@7.29.3 OK for: @babel/core@7.29.0 want: ^7.29.0
610 silly placeDep ROOT @babel/template@7.28.6 OK for: @babel/core@7.29.0 want: ^7.28.6
611 silly placeDep ROOT @babel/traverse@7.29.0 OK for: @babel/core@7.29.0 want: ^7.29.0
612 silly placeDep ROOT @babel/types@7.29.0 OK for: @babel/core@7.29.0 want: ^7.29.0
613 silly placeDep ROOT @jridgewell/remapping@2.3.5 OK for: @babel/core@7.29.0 want: ^2.3.5
614 silly placeDep ROOT convert-source-map@2.0.0 OK for: @babel/core@7.29.0 want: ^2.0.0
615 silly placeDep ROOT debug@4.4.3 OK for: @babel/core@7.29.0 want: ^4.1.0
616 silly placeDep ROOT gensync@1.0.0-beta.2 OK for: @babel/core@7.29.0 want: ^1.0.0-beta.2
617 silly placeDep ROOT json5@2.2.3 OK for: @babel/core@7.29.0 want: ^2.2.3
618 silly placeDep ROOT semver@6.3.1 OK for: @babel/core@7.29.0 want: ^6.3.1
619 silly fetch manifest js-tokens@^4.0.0
620 silly packumentCache full:https://registry.npmjs.org/js-tokens cache-miss
621 silly fetch manifest picocolors@^1.1.1
622 silly packumentCache full:https://registry.npmjs.org/picocolors cache-miss
623 silly fetch manifest @babel/helper-validator-identifier@^7.28.5
624 silly packumentCache full:https://registry.npmjs.org/@babel%2fhelper-validator-identifier cache-miss
625 silly fetch manifest jsesc@^3.0.2
626 silly packumentCache full:https://registry.npmjs.org/jsesc cache-miss
627 silly fetch manifest @jridgewell/gen-mapping@^0.3.12
628 silly packumentCache full:https://registry.npmjs.org/@jridgewell%2fgen-mapping cache-miss
629 silly fetch manifest @jridgewell/trace-mapping@^0.3.28
630 silly packumentCache full:https://registry.npmjs.org/@jridgewell%2ftrace-mapping cache-miss
631 silly fetch manifest lru-cache@^5.1.1
632 silly packumentCache full:https://registry.npmjs.org/lru-cache cache-miss
633 silly fetch manifest browserslist@^4.24.0
634 silly packumentCache full:https://registry.npmjs.org/browserslist cache-miss
635 silly fetch manifest @babel/compat-data@^7.28.6
636 silly packumentCache full:https://registry.npmjs.org/@babel%2fcompat-data cache-miss
637 http fetch GET 200 https://registry.npmjs.org/picocolors 120ms (cache miss)
638 silly packumentCache full:https://registry.npmjs.org/picocolors set size:undefined disposed:false
639 silly fetch manifest @babel/helper-validator-option@^7.27.1
640 silly packumentCache full:https://registry.npmjs.org/@babel%2fhelper-validator-option cache-miss
641 http fetch GET 200 https://registry.npmjs.org/js-tokens 129ms (cache miss)
642 silly packumentCache full:https://registry.npmjs.org/js-tokens set size:undefined disposed:false
643 silly fetch manifest @babel/traverse@^7.28.6
644 silly packumentCache full:https://registry.npmjs.org/@babel%2ftraverse cache-miss
645 http cache https://registry.npmjs.org/@babel%2ftraverse 2ms (cache hit)
646 silly packumentCache full:https://registry.npmjs.org/@babel%2ftraverse set size:553169 disposed:false
647 silly fetch manifest @babel/helper-module-imports@^7.28.6
648 silly packumentCache full:https://registry.npmjs.org/@babel%2fhelper-module-imports cache-miss
649 http fetch GET 200 https://registry.npmjs.org/jsesc 138ms (cache miss)
650 silly packumentCache full:https://registry.npmjs.org/jsesc set size:undefined disposed:false
651 silly fetch manifest @babel/helper-validator-identifier@^7.28.5
652 silly packumentCache full:https://registry.npmjs.org/@babel%2fhelper-validator-identifier cache-miss
653 http fetch GET 200 https://registry.npmjs.org/@jridgewell%2fgen-mapping 148ms (cache miss)
654 silly packumentCache full:https://registry.npmjs.org/@jridgewell%2fgen-mapping set size:undefined disposed:false
655 silly fetch manifest @babel/types@^7.28.6
656 silly packumentCache full:https://registry.npmjs.org/@babel%2ftypes cache-miss
657 http cache https://registry.npmjs.org/@babel%2ftypes 2ms (cache hit)
658 silly packumentCache full:https://registry.npmjs.org/@babel%2ftypes set size:491978 disposed:false
659 silly fetch manifest debug@^4.3.1
660 silly packumentCache full:https://registry.npmjs.org/debug cache-miss
661 http cache https://registry.npmjs.org/debug 2ms (cache hit)
662 silly packumentCache full:https://registry.npmjs.org/debug set size:195840 disposed:false
663 silly fetch manifest @babel/helper-globals@^7.28.0
664 silly packumentCache full:https://registry.npmjs.org/@babel%2fhelper-globals cache-miss
665 http fetch GET 200 https://registry.npmjs.org/@babel%2fhelper-validator-identifier 157ms (cache miss)
666 silly packumentCache full:https://registry.npmjs.org/@babel%2fhelper-validator-identifier set size:undefined disposed:false
667 silly fetch manifest @babel/helper-string-parser@^7.27.1
668 silly packumentCache full:https://registry.npmjs.org/@babel%2fhelper-string-parser cache-miss
669 http fetch GET 200 https://registry.npmjs.org/@jridgewell%2ftrace-mapping 164ms (cache miss)
670 silly packumentCache full:https://registry.npmjs.org/@jridgewell%2ftrace-mapping set size:undefined disposed:false
671 silly fetch manifest @jridgewell/gen-mapping@^0.3.5
672 silly packumentCache full:https://registry.npmjs.org/@jridgewell%2fgen-mapping cache-miss
673 http cache https://registry.npmjs.org/@jridgewell%2fgen-mapping 2ms (cache hit)
674 silly packumentCache full:https://registry.npmjs.org/@jridgewell%2fgen-mapping set size:75941 disposed:false
675 silly fetch manifest @jridgewell/trace-mapping@^0.3.24
676 silly packumentCache full:https://registry.npmjs.org/@jridgewell%2ftrace-mapping cache-miss
677 http fetch GET 200 https://registry.npmjs.org/lru-cache 166ms (cache miss)
678 silly packumentCache full:https://registry.npmjs.org/lru-cache set size:undefined disposed:false
679 silly fetch manifest ms@^2.1.3
680 silly packumentCache full:https://registry.npmjs.org/ms cache-miss
681 http cache https://registry.npmjs.org/@jridgewell%2ftrace-mapping 4ms (cache hit)
682 silly packumentCache full:https://registry.npmjs.org/@jridgewell%2ftrace-mapping set size:170909 disposed:false
683 http fetch GET 200 https://registry.npmjs.org/@babel%2fcompat-data 171ms (cache miss)
684 silly packumentCache full:https://registry.npmjs.org/@babel%2fcompat-data set size:undefined disposed:false
685 http fetch GET 200 https://registry.npmjs.org/browserslist 174ms (cache miss)
686 silly packumentCache full:https://registry.npmjs.org/browserslist set size:undefined disposed:false
687 http fetch GET 200 https://registry.npmjs.org/@babel%2fhelper-validator-option 144ms (cache miss)
688 silly packumentCache full:https://registry.npmjs.org/@babel%2fhelper-validator-option set size:undefined disposed:false
689 http fetch GET 200 https://registry.npmjs.org/@babel%2fhelper-globals 135ms (cache miss)
690 silly packumentCache full:https://registry.npmjs.org/@babel%2fhelper-globals set size:undefined disposed:false
691 http fetch GET 200 https://registry.npmjs.org/@babel%2fhelper-module-imports 164ms (cache miss)
692 silly packumentCache full:https://registry.npmjs.org/@babel%2fhelper-module-imports set size:undefined disposed:false
693 http fetch GET 200 https://registry.npmjs.org/ms 134ms (cache miss)
694 silly packumentCache full:https://registry.npmjs.org/ms set size:undefined disposed:false
695 http fetch GET 200 https://registry.npmjs.org/@babel%2fhelper-validator-identifier 168ms (cache miss)
696 silly packumentCache full:https://registry.npmjs.org/@babel%2fhelper-validator-identifier set size:undefined disposed:false
697 http fetch GET 200 https://registry.npmjs.org/@babel%2fhelper-string-parser 150ms (cache miss)
698 silly packumentCache full:https://registry.npmjs.org/@babel%2fhelper-string-parser set size:undefined disposed:false
699 silly placeDep ROOT @babel/helper-validator-identifier@7.28.5 OK for: @babel/code-frame@7.29.0 want: ^7.28.5
700 silly placeDep ROOT js-tokens@4.0.0 OK for: @babel/code-frame@7.29.0 want: ^4.0.0
701 silly placeDep ROOT picocolors@1.1.1 OK for: @babel/code-frame@7.29.0 want: ^1.1.1
702 silly placeDep ROOT @jridgewell/gen-mapping@0.3.13 OK for: @babel/generator@7.29.1 want: ^0.3.12
703 silly placeDep ROOT @jridgewell/trace-mapping@0.3.31 OK for: @babel/generator@7.29.1 want: ^0.3.28
704 silly placeDep ROOT jsesc@3.1.0 OK for: @babel/generator@7.29.1 want: ^3.0.2
705 silly fetch manifest @jridgewell/sourcemap-codec@^1.5.0
706 silly packumentCache full:https://registry.npmjs.org/@jridgewell%2fsourcemap-codec cache-miss
707 silly fetch manifest @jridgewell/resolve-uri@^3.1.0
708 silly packumentCache full:https://registry.npmjs.org/@jridgewell%2fresolve-uri cache-miss
709 silly fetch manifest @jridgewell/sourcemap-codec@^1.4.14
710 silly packumentCache full:https://registry.npmjs.org/@jridgewell%2fsourcemap-codec cache-miss
711 http fetch GET 200 https://registry.npmjs.org/@jridgewell%2fsourcemap-codec 130ms (cache miss)
712 silly packumentCache full:https://registry.npmjs.org/@jridgewell%2fsourcemap-codec set size:undefined disposed:false
713 http fetch GET 200 https://registry.npmjs.org/@jridgewell%2fresolve-uri 135ms (cache miss)
714 silly packumentCache full:https://registry.npmjs.org/@jridgewell%2fresolve-uri set size:undefined disposed:false
715 http fetch GET 200 https://registry.npmjs.org/@jridgewell%2fsourcemap-codec 145ms (cache miss)
716 silly packumentCache full:https://registry.npmjs.org/@jridgewell%2fsourcemap-codec set size:undefined disposed:false
717 silly placeDep ROOT @babel/compat-data@7.29.3 OK for: @babel/helper-compilation-targets@7.28.6 want: ^7.28.6
718 silly placeDep ROOT @babel/helper-validator-option@7.27.1 OK for: @babel/helper-compilation-targets@7.28.6 want: ^7.27.1
719 silly placeDep ROOT browserslist@4.28.2 OK for: @babel/helper-compilation-targets@7.28.6 want: ^4.24.0
720 silly placeDep ROOT lru-cache@5.1.1 OK for: @babel/helper-compilation-targets@7.28.6 want: ^5.1.1
721 silly fetch manifest baseline-browser-mapping@^2.10.12
722 silly packumentCache full:https://registry.npmjs.org/baseline-browser-mapping cache-miss
723 silly fetch manifest caniuse-lite@^1.0.30001782
724 silly packumentCache full:https://registry.npmjs.org/caniuse-lite cache-miss
725 silly fetch manifest electron-to-chromium@^1.5.328
726 silly packumentCache full:https://registry.npmjs.org/electron-to-chromium cache-miss
727 silly fetch manifest node-releases@^2.0.36
728 silly packumentCache full:https://registry.npmjs.org/node-releases cache-miss
729 silly fetch manifest update-browserslist-db@^1.2.3
730 silly packumentCache full:https://registry.npmjs.org/update-browserslist-db cache-miss
731 silly fetch manifest yallist@^3.0.2
732 silly packumentCache full:https://registry.npmjs.org/yallist cache-miss
733 http fetch GET 200 https://registry.npmjs.org/update-browserslist-db 140ms (cache miss)
734 silly packumentCache full:https://registry.npmjs.org/update-browserslist-db set size:undefined disposed:false
735 http fetch GET 200 https://registry.npmjs.org/yallist 143ms (cache miss)
736 silly packumentCache full:https://registry.npmjs.org/yallist set size:undefined disposed:false
737 http fetch GET 200 https://registry.npmjs.org/baseline-browser-mapping 145ms (cache miss)
738 silly packumentCache full:https://registry.npmjs.org/baseline-browser-mapping set size:undefined disposed:false
739 http fetch GET 200 https://registry.npmjs.org/node-releases 168ms (cache miss)
740 silly packumentCache full:https://registry.npmjs.org/node-releases set size:undefined disposed:false
741 http fetch GET 200 https://registry.npmjs.org/caniuse-lite 214ms (cache miss)
742 silly packumentCache full:https://registry.npmjs.org/caniuse-lite set size:undefined disposed:false
743 http fetch GET 200 https://registry.npmjs.org/electron-to-chromium 297ms (cache miss)
744 silly packumentCache full:https://registry.npmjs.org/electron-to-chromium set size:undefined disposed:false
745 silly placeDep ROOT @babel/helper-module-imports@7.28.6 OK for: @babel/helper-module-transforms@7.28.6 want: ^7.28.6
746 silly placeDep ROOT @babel/helper-globals@7.28.0 OK for: @babel/traverse@7.29.0 want: ^7.28.0
747 silly placeDep ROOT @babel/helper-string-parser@7.27.1 OK for: @babel/types@7.29.0 want: ^7.27.1
748 silly placeDep ROOT @jridgewell/sourcemap-codec@1.5.5 OK for: @jridgewell/gen-mapping@0.3.13 want: ^1.5.0
749 silly placeDep ROOT @jridgewell/resolve-uri@3.1.2 OK for: @jridgewell/trace-mapping@0.3.31 want: ^3.1.0
750 silly placeDep ROOT idb@8.0.3 OK for: @react-native-async-storage/async-storage@3.1.0 want: 8.0.3
751 silly placeDep ROOT @react-native/js-polyfills@0.85.3 OK for: @react-native/metro-config@0.85.3 want: 0.85.3
752 silly placeDep ROOT @react-native/metro-babel-transformer@0.85.3 OK for: @react-native/metro-config@0.85.3 want: 0.85.3
753 silly placeDep ROOT metro-config@0.84.4 OK for: @react-native/metro-config@0.85.3 want: ^0.84.3
754 silly placeDep ROOT metro-runtime@0.84.4 OK for: @react-native/metro-config@0.85.3 want: ^0.84.3
755 silly fetch manifest hermes-parser@0.33.3
756 silly packumentCache full:https://registry.npmjs.org/hermes-parser cache-miss
757 silly fetch manifest @react-native/babel-preset@0.85.3
758 silly packumentCache full:https://registry.npmjs.org/@react-native%2fbabel-preset cache-miss
759 silly fetch manifest connect@^3.6.5
760 silly packumentCache full:https://registry.npmjs.org/connect cache-miss
761 silly fetch manifest jest-validate@^29.7.0
762 silly packumentCache full:https://registry.npmjs.org/jest-validate cache-miss
763 silly fetch manifest metro@0.84.4
764 silly packumentCache full:https://registry.npmjs.org/metro cache-miss
765 silly fetch manifest metro-cache@0.84.4
766 silly packumentCache full:https://registry.npmjs.org/metro-cache cache-miss
767 silly fetch manifest metro-core@0.84.4
768 silly packumentCache full:https://registry.npmjs.org/metro-core cache-miss
769 silly fetch manifest metro-runtime@0.84.4
770 silly packumentCache full:https://registry.npmjs.org/metro-runtime cache-miss
771 silly fetch manifest yaml@^2.6.1
772 silly packumentCache full:https://registry.npmjs.org/yaml cache-miss
773 http cache https://registry.npmjs.org/metro-runtime 4ms (cache hit)
774 silly packumentCache full:https://registry.npmjs.org/metro-runtime set size:217103 disposed:false
775 silly fetch manifest @babel/runtime@^7.25.0
776 silly packumentCache full:https://registry.npmjs.org/@babel%2fruntime cache-miss
777 http cache https://registry.npmjs.org/@babel%2fruntime 4ms (cache hit)
778 silly packumentCache full:https://registry.npmjs.org/@babel%2fruntime set size:3404872 disposed:false
779 http fetch GET 200 https://registry.npmjs.org/hermes-parser 128ms (cache miss)
780 silly packumentCache full:https://registry.npmjs.org/hermes-parser set size:undefined disposed:false
781 http fetch GET 200 https://registry.npmjs.org/yaml 142ms (cache miss)
782 silly packumentCache full:https://registry.npmjs.org/yaml set size:undefined disposed:false
783 http fetch GET 200 https://registry.npmjs.org/connect 159ms (cache miss)
784 silly packumentCache full:https://registry.npmjs.org/connect set size:undefined disposed:false
785 http fetch GET 200 https://registry.npmjs.org/jest-validate 179ms (cache miss)
786 silly packumentCache full:https://registry.npmjs.org/jest-validate set size:undefined disposed:false
787 http fetch GET 200 https://registry.npmjs.org/metro-cache 184ms (cache miss)
788 silly packumentCache full:https://registry.npmjs.org/metro-cache set size:undefined disposed:false
789 http fetch GET 200 https://registry.npmjs.org/metro-core 196ms (cache miss)
790 silly packumentCache full:https://registry.npmjs.org/metro-core set size:undefined disposed:false
791 http fetch GET 200 https://registry.npmjs.org/metro 204ms (cache miss)
792 silly packumentCache full:https://registry.npmjs.org/metro set size:undefined disposed:false
793 http fetch GET 200 https://registry.npmjs.org/@react-native%2fbabel-preset 235ms (cache miss)
794 silly packumentCache full:https://registry.npmjs.org/@react-native%2fbabel-preset set size:undefined disposed:false
795 silly placeDep ROOT @react-native/babel-preset@0.85.3 OK for: @react-native/metro-babel-transformer@0.85.3 want: 0.85.3
796 silly placeDep ROOT hermes-parser@0.33.3 OK for: @react-native/metro-babel-transformer@0.85.3 want: 0.33.3
797 silly placeDep ROOT nullthrows@1.1.1 OK for: @react-native/metro-babel-transformer@0.85.3 want: ^1.1.1
798 silly fetch manifest @babel/plugin-transform-for-of@^7.24.7
799 silly packumentCache full:https://registry.npmjs.org/@babel%2fplugin-transform-for-of cache-miss
800 silly fetch manifest @babel/plugin-transform-classes@^7.25.4
801 silly packumentCache full:https://registry.npmjs.org/@babel%2fplugin-transform-classes cache-miss
802 silly fetch manifest @babel/plugin-transform-runtime@^7.24.7
803 silly packumentCache full:https://registry.npmjs.org/@babel%2fplugin-transform-runtime cache-miss
804 silly fetch manifest @babel/plugin-transform-react-jsx@^7.25.2
805 silly packumentCache full:https://registry.npmjs.org/@babel%2fplugin-transform-react-jsx cache-miss
806 silly fetch manifest babel-plugin-transform-flow-enums@^0.0.2
807 silly packumentCache full:https://registry.npmjs.org/babel-plugin-transform-flow-enums cache-miss
808 silly fetch manifest @babel/plugin-transform-typescript@^7.25.2
809 silly packumentCache full:https://registry.npmjs.org/@babel%2fplugin-transform-typescript cache-miss
810 silly fetch manifest @react-native/babel-plugin-codegen@0.85.3
811 silly packumentCache full:https://registry.npmjs.org/@react-native%2fbabel-plugin-codegen cache-miss
812 silly fetch manifest @babel/plugin-syntax-dynamic-import@^7.8.3
813 silly packumentCache full:https://registry.npmjs.org/@babel%2fplugin-syntax-dynamic-import cache-miss
814 silly fetch manifest @babel/plugin-transform-regenerator@^7.24.7
815 silly packumentCache full:https://registry.npmjs.org/@babel%2fplugin-transform-regenerator cache-miss
816 http cache https://registry.npmjs.org/@babel%2fplugin-transform-classes 5ms (cache hit)
817 silly packumentCache full:https://registry.npmjs.org/@babel%2fplugin-transform-classes set size:330663 disposed:false
818 silly fetch manifest @babel/plugin-transform-block-scoping@^7.25.0
819 silly packumentCache full:https://registry.npmjs.org/@babel%2fplugin-transform-block-scoping cache-miss
820 http fetch GET 200 https://registry.npmjs.org/babel-plugin-transform-flow-enums 118ms (cache miss)
821 silly packumentCache full:https://registry.npmjs.org/babel-plugin-transform-flow-enums set size:undefined disposed:false
822 silly fetch manifest @babel/plugin-transform-destructuring@^7.24.8
823 silly packumentCache full:https://registry.npmjs.org/@babel%2fplugin-transform-destructuring cache-miss
824 http fetch GET 200 https://registry.npmjs.org/@babel%2fplugin-transform-react-jsx 148ms (cache miss)
825 silly packumentCache full:https://registry.npmjs.org/@babel%2fplugin-transform-react-jsx set size:undefined disposed:false
826 silly fetch manifest @babel/plugin-transform-unicode-regex@^7.24.7
827 silly packumentCache full:https://registry.npmjs.org/@babel%2fplugin-transform-unicode-regex cache-miss
828 http fetch GET 200 https://registry.npmjs.org/@babel%2fplugin-syntax-dynamic-import 149ms (cache miss)
829 silly packumentCache full:https://registry.npmjs.org/@babel%2fplugin-syntax-dynamic-import set size:undefined disposed:false
830 silly fetch manifest @babel/plugin-syntax-optional-chaining@^7.8.3
831 silly packumentCache full:https://registry.npmjs.org/@babel%2fplugin-syntax-optional-chaining cache-miss
832 http cache https://registry.npmjs.org/@babel%2fplugin-transform-unicode-regex 3ms (cache hit)
833 silly packumentCache full:https://registry.npmjs.org/@babel%2fplugin-transform-unicode-regex set size:211905 disposed:false
834 silly fetch manifest @babel/plugin-transform-react-jsx-self@^7.24.7
835 silly packumentCache full:https://registry.npmjs.org/@babel%2fplugin-transform-react-jsx-self cache-miss
836 http fetch GET 200 https://registry.npmjs.org/@babel%2fplugin-transform-for-of 161ms (cache miss)
837 silly packumentCache full:https://registry.npmjs.org/@babel%2fplugin-transform-for-of set size:undefined disposed:false
838 silly fetch manifest @babel/plugin-transform-private-methods@^7.24.7
839 silly packumentCache full:https://registry.npmjs.org/@babel%2fplugin-transform-private-methods cache-miss
840 http fetch GET 200 https://registry.npmjs.org/@babel%2fplugin-transform-typescript 165ms (cache miss)
841 silly packumentCache full:https://registry.npmjs.org/@babel%2fplugin-transform-typescript set size:undefined disposed:false
842 silly fetch manifest @babel/plugin-syntax-export-default-from@^7.24.7
843 silly packumentCache full:https://registry.npmjs.org/@babel%2fplugin-syntax-export-default-from cache-miss
844 http fetch GET 200 https://registry.npmjs.org/@babel%2fplugin-transform-block-scoping 174ms (cache miss)
845 silly packumentCache full:https://registry.npmjs.org/@babel%2fplugin-transform-block-scoping set size:undefined disposed:false
846 silly fetch manifest @babel/plugin-transform-class-properties@^7.25.4
847 silly packumentCache full:https://registry.npmjs.org/@babel%2fplugin-transform-class-properties cache-miss
848 http fetch GET 200 https://registry.npmjs.org/@babel%2fplugin-transform-runtime 184ms (cache miss)
849 silly packumentCache full:https://registry.npmjs.org/@babel%2fplugin-transform-runtime set size:undefined disposed:false
850 silly fetch manifest @babel/plugin-transform-flow-strip-types@^7.25.2
851 silly packumentCache full:https://registry.npmjs.org/@babel%2fplugin-transform-flow-strip-types cache-miss
852 http cache https://registry.npmjs.org/@babel%2fplugin-transform-class-properties 5ms (cache hit)
853 silly packumentCache full:https://registry.npmjs.org/@babel%2fplugin-transform-class-properties set size:85824 disposed:false
854 silly fetch manifest @babel/plugin-transform-modules-commonjs@^7.24.8
855 silly packumentCache full:https://registry.npmjs.org/@babel%2fplugin-transform-modules-commonjs cache-miss
856 http fetch GET 200 https://registry.npmjs.org/@babel%2fplugin-transform-regenerator 202ms (cache miss)
857 silly packumentCache full:https://registry.npmjs.org/@babel%2fplugin-transform-regenerator set size:undefined disposed:false
858 silly fetch manifest @babel/plugin-transform-react-jsx-source@^7.24.7
859 silly packumentCache full:https://registry.npmjs.org/@babel%2fplugin-transform-react-jsx-source cache-miss
860 http fetch GET 200 https://registry.npmjs.org/@react-native%2fbabel-plugin-codegen 221ms (cache miss)
861 silly packumentCache full:https://registry.npmjs.org/@react-native%2fbabel-plugin-codegen set size:undefined disposed:false
862 silly fetch manifest @babel/plugin-transform-optional-chaining@^7.24.8
863 silly packumentCache full:https://registry.npmjs.org/@babel%2fplugin-transform-optional-chaining cache-miss
864 http cache https://registry.npmjs.org/@babel%2fplugin-transform-optional-chaining 2ms (cache hit)
865 silly packumentCache full:https://registry.npmjs.org/@babel%2fplugin-transform-optional-chaining set size:109143 disposed:false
866 silly fetch manifest @babel/plugin-proposal-export-default-from@^7.24.7
867 silly packumentCache full:https://registry.npmjs.org/@babel%2fplugin-proposal-export-default-from cache-miss
868 http fetch GET 200 https://registry.npmjs.org/@babel%2fplugin-transform-destructuring 163ms (cache miss)
869 silly packumentCache full:https://registry.npmjs.org/@babel%2fplugin-transform-destructuring set size:undefined disposed:false
870 silly fetch manifest @babel/plugin-transform-async-to-generator@^7.24.7
871 silly packumentCache full:https://registry.npmjs.org/@babel%2fplugin-transform-async-to-generator cache-miss
872 http fetch GET 200 https://registry.npmjs.org/@babel%2fplugin-syntax-optional-chaining 133ms (cache miss)
873 silly packumentCache full:https://registry.npmjs.org/@babel%2fplugin-syntax-optional-chaining set size:undefined disposed:false
874 silly fetch manifest @babel/plugin-transform-react-display-name@^7.24.7
875 silly packumentCache full:https://registry.npmjs.org/@babel%2fplugin-transform-react-display-name cache-miss
876 http fetch GET 200 https://registry.npmjs.org/@babel%2fplugin-transform-react-jsx-self 141ms (cache miss)
877 silly packumentCache full:https://registry.npmjs.org/@babel%2fplugin-transform-react-jsx-self set size:undefined disposed:false
878 silly fetch manifest @babel/plugin-transform-optional-catch-binding@^7.24.7
879 silly packumentCache full:https://registry.npmjs.org/@babel%2fplugin-transform-optional-catch-binding cache-miss
880 http fetch GET 200 https://registry.npmjs.org/@babel%2fplugin-transform-private-methods 145ms (cache miss)
881 silly packumentCache full:https://registry.npmjs.org/@babel%2fplugin-transform-private-methods set size:undefined disposed:false
882 silly fetch manifest @babel/plugin-syntax-nullish-coalescing-operator@^7.8.3
883 silly packumentCache full:https://registry.npmjs.org/@babel%2fplugin-syntax-nullish-coalescing-operator cache-miss
884 http fetch GET 200 https://registry.npmjs.org/@babel%2fplugin-syntax-export-default-from 152ms (cache miss)
885 silly packumentCache full:https://registry.npmjs.org/@babel%2fplugin-syntax-export-default-from set size:undefined disposed:false
886 silly fetch manifest @babel/plugin-transform-async-generator-functions@^7.25.4
887 silly packumentCache full:https://registry.npmjs.org/@babel%2fplugin-transform-async-generator-functions cache-miss
888 http fetch GET 200 https://registry.npmjs.org/@babel%2fplugin-transform-flow-strip-types 149ms (cache miss)
889 silly packumentCache full:https://registry.npmjs.org/@babel%2fplugin-transform-flow-strip-types set size:undefined disposed:false
890 silly fetch manifest @babel/plugin-transform-private-property-in-object@^7.24.7
891 silly packumentCache full:https://registry.npmjs.org/@babel%2fplugin-transform-private-property-in-object cache-miss
892 http fetch GET 200 https://registry.npmjs.org/@babel%2fplugin-transform-modules-commonjs 158ms (cache miss)
893 silly packumentCache full:https://registry.npmjs.org/@babel%2fplugin-transform-modules-commonjs set size:undefined disposed:false
894 silly fetch manifest @babel/plugin-transform-nullish-coalescing-operator@^7.24.7
895 silly packumentCache full:https://registry.npmjs.org/@babel%2fplugin-transform-nullish-coalescing-operator cache-miss
896 http cache https://registry.npmjs.org/@babel%2fplugin-transform-nullish-coalescing-operator 1ms (cache hit)
897 silly packumentCache full:https://registry.npmjs.org/@babel%2fplugin-transform-nullish-coalescing-operator set size:91680 disposed:false
898 silly fetch manifest @babel/plugin-transform-named-capturing-groups-regex@^7.24.7
899 silly packumentCache full:https://registry.npmjs.org/@babel%2fplugin-transform-named-capturing-groups-regex cache-miss
900 http fetch GET 200 https://registry.npmjs.org/@babel%2fplugin-transform-react-jsx-source 158ms (cache miss)
901 silly packumentCache full:https://registry.npmjs.org/@babel%2fplugin-transform-react-jsx-source set size:undefined disposed:false
902 silly fetch manifest hermes-estree@0.33.3
903 silly packumentCache full:https://registry.npmjs.org/hermes-estree cache-miss
904 http fetch GET 200 https://registry.npmjs.org/@babel%2fplugin-proposal-export-default-from 150ms (cache miss)
905 silly packumentCache full:https://registry.npmjs.org/@babel%2fplugin-proposal-export-default-from set size:undefined disposed:false
906 http fetch GET 200 https://registry.npmjs.org/@babel%2fplugin-transform-async-to-generator 144ms (cache miss)
907 silly packumentCache full:https://registry.npmjs.org/@babel%2fplugin-transform-async-to-generator set size:undefined disposed:false
908 http fetch GET 200 https://registry.npmjs.org/@babel%2fplugin-transform-optional-catch-binding 132ms (cache miss)
909 silly packumentCache full:https://registry.npmjs.org/@babel%2fplugin-transform-optional-catch-binding set size:undefined disposed:false
910 http fetch GET 200 https://registry.npmjs.org/@babel%2fplugin-syntax-nullish-coalescing-operator 143ms (cache miss)
911 silly packumentCache full:https://registry.npmjs.org/@babel%2fplugin-syntax-nullish-coalescing-operator set size:undefined disposed:false
912 http fetch GET 200 https://registry.npmjs.org/@babel%2fplugin-transform-async-generator-functions 144ms (cache miss)
913 silly packumentCache full:https://registry.npmjs.org/@babel%2fplugin-transform-async-generator-functions set size:undefined disposed:false
914 http fetch GET 200 https://registry.npmjs.org/@babel%2fplugin-transform-react-display-name 182ms (cache miss)
915 silly packumentCache full:https://registry.npmjs.org/@babel%2fplugin-transform-react-display-name set size:undefined disposed:false
916 http fetch GET 200 https://registry.npmjs.org/@babel%2fplugin-transform-named-capturing-groups-regex 130ms (cache miss)
917 silly packumentCache full:https://registry.npmjs.org/@babel%2fplugin-transform-named-capturing-groups-regex set size:undefined disposed:false
918 http fetch GET 200 https://registry.npmjs.org/@babel%2fplugin-transform-private-property-in-object 152ms (cache miss)
919 silly packumentCache full:https://registry.npmjs.org/@babel%2fplugin-transform-private-property-in-object set size:undefined disposed:false
920 http fetch GET 200 https://registry.npmjs.org/hermes-estree 132ms (cache miss)
921 silly packumentCache full:https://registry.npmjs.org/hermes-estree set size:undefined disposed:false
922 silly fetch manifest @babel/core@^7.25.2
923 silly packumentCache full:https://registry.npmjs.org/@babel%2fcore cache-hit
924 silly placeDep ROOT @babel/plugin-proposal-export-default-from@7.27.1 OK for: @react-native/babel-preset@0.85.3 want: ^7.24.7
925 silly placeDep ROOT @babel/plugin-syntax-dynamic-import@7.8.3 OK for: @react-native/babel-preset@0.85.3 want: ^7.8.3
926 silly placeDep ROOT @babel/plugin-syntax-export-default-from@7.28.6 OK for: @react-native/babel-preset@0.85.3 want: ^7.24.7
927 silly placeDep ROOT @babel/plugin-syntax-nullish-coalescing-operator@7.8.3 OK for: @react-native/babel-preset@0.85.3 want: ^7.8.3
928 silly placeDep ROOT @babel/plugin-syntax-optional-chaining@7.8.3 OK for: @react-native/babel-preset@0.85.3 want: ^7.8.3
929 silly placeDep ROOT @babel/plugin-transform-async-generator-functions@7.29.0 OK for: @react-native/babel-preset@0.85.3 want: ^7.25.4
930 silly placeDep ROOT @babel/plugin-transform-async-to-generator@7.28.6 OK for: @react-native/babel-preset@0.85.3 want: ^7.24.7
931 silly placeDep ROOT @babel/plugin-transform-block-scoping@7.28.6 OK for: @react-native/babel-preset@0.85.3 want: ^7.25.0
932 silly placeDep ROOT @babel/plugin-transform-class-properties@7.28.6 OK for: @react-native/babel-preset@0.85.3 want: ^7.25.4
933 silly placeDep ROOT @babel/plugin-transform-classes@7.28.6 OK for: @react-native/babel-preset@0.85.3 want: ^7.25.4
934 silly placeDep ROOT @babel/plugin-transform-destructuring@7.28.5 OK for: @react-native/babel-preset@0.85.3 want: ^7.24.8
935 silly placeDep ROOT @babel/plugin-transform-flow-strip-types@7.27.1 OK for: @react-native/babel-preset@0.85.3 want: ^7.25.2
936 silly placeDep ROOT @babel/plugin-transform-for-of@7.27.1 OK for: @react-native/babel-preset@0.85.3 want: ^7.24.7
937 silly placeDep ROOT @babel/plugin-transform-modules-commonjs@7.28.6 OK for: @react-native/babel-preset@0.85.3 want: ^7.24.8
938 silly placeDep ROOT @babel/plugin-transform-named-capturing-groups-regex@7.29.0 OK for: @react-native/babel-preset@0.85.3 want: ^7.24.7
939 silly placeDep ROOT @babel/plugin-transform-nullish-coalescing-operator@7.28.6 OK for: @react-native/babel-preset@0.85.3 want: ^7.24.7
940 silly placeDep ROOT @babel/plugin-transform-optional-catch-binding@7.28.6 OK for: @react-native/babel-preset@0.85.3 want: ^7.24.7
941 silly placeDep ROOT @babel/plugin-transform-optional-chaining@7.28.6 OK for: @react-native/babel-preset@0.85.3 want: ^7.24.8
942 silly placeDep ROOT @babel/plugin-transform-private-methods@7.28.6 OK for: @react-native/babel-preset@0.85.3 want: ^7.24.7
943 silly placeDep ROOT @babel/plugin-transform-private-property-in-object@7.28.6 OK for: @react-native/babel-preset@0.85.3 want: ^7.24.7
944 silly placeDep ROOT @babel/plugin-transform-react-display-name@7.28.0 OK for: @react-native/babel-preset@0.85.3 want: ^7.24.7
945 silly placeDep ROOT @babel/plugin-transform-react-jsx@7.28.6 OK for: @react-native/babel-preset@0.85.3 want: ^7.25.2
946 silly placeDep ROOT @babel/plugin-transform-react-jsx-self@7.27.1 OK for: @react-native/babel-preset@0.85.3 want: ^7.24.7
947 silly placeDep ROOT @babel/plugin-transform-react-jsx-source@7.27.1 OK for: @react-native/babel-preset@0.85.3 want: ^7.24.7
948 silly placeDep ROOT @babel/plugin-transform-regenerator@7.29.0 OK for: @react-native/babel-preset@0.85.3 want: ^7.24.7
949 silly placeDep ROOT @babel/plugin-transform-runtime@7.29.0 OK for: @react-native/babel-preset@0.85.3 want: ^7.24.7
950 silly placeDep ROOT @babel/plugin-transform-typescript@7.28.6 OK for: @react-native/babel-preset@0.85.3 want: ^7.25.2
951 silly placeDep ROOT @babel/plugin-transform-unicode-regex@7.27.1 OK for: @react-native/babel-preset@0.85.3 want: ^7.24.7
952 silly placeDep ROOT @react-native/babel-plugin-codegen@0.85.3 OK for: @react-native/babel-preset@0.85.3 want: 0.85.3
953 silly placeDep ROOT babel-plugin-syntax-hermes-parser@0.33.3 OK for: @react-native/babel-preset@0.85.3 want: 0.33.3
954 silly placeDep ROOT babel-plugin-transform-flow-enums@0.0.2 OK for: @react-native/babel-preset@0.85.3 want: ^0.0.2
955 silly placeDep ROOT react-refresh@0.14.2 OK for: @react-native/babel-preset@0.85.3 want: ^0.14.0
956 silly fetch manifest @babel/helper-plugin-utils@^7.27.1
957 silly packumentCache full:https://registry.npmjs.org/@babel%2fhelper-plugin-utils cache-miss
958 silly fetch manifest @babel/helper-plugin-utils@^7.8.0
959 silly packumentCache full:https://registry.npmjs.org/@babel%2fhelper-plugin-utils cache-miss
960 silly fetch manifest @babel/helper-plugin-utils@^7.28.6
961 silly packumentCache full:https://registry.npmjs.org/@babel%2fhelper-plugin-utils cache-miss
962 silly fetch manifest @babel/helper-plugin-utils@^7.8.0
963 silly packumentCache full:https://registry.npmjs.org/@babel%2fhelper-plugin-utils cache-miss
964 silly fetch manifest @babel/helper-plugin-utils@^7.8.0
965 silly packumentCache full:https://registry.npmjs.org/@babel%2fhelper-plugin-utils cache-miss
966 silly fetch manifest @babel/helper-plugin-utils@^7.28.6
967 silly packumentCache full:https://registry.npmjs.org/@babel%2fhelper-plugin-utils cache-miss
968 silly fetch manifest @babel/helper-remap-async-to-generator@^7.27.1
969 silly packumentCache full:https://registry.npmjs.org/@babel%2fhelper-remap-async-to-generator cache-miss
970 silly fetch manifest @babel/helper-plugin-utils@^7.28.6
971 silly packumentCache full:https://registry.npmjs.org/@babel%2fhelper-plugin-utils cache-miss
972 silly fetch manifest @babel/helper-remap-async-to-generator@^7.27.1
973 silly packumentCache full:https://registry.npmjs.org/@babel%2fhelper-remap-async-to-generator cache-miss
974 http fetch GET 200 https://registry.npmjs.org/@babel%2fhelper-plugin-utils 140ms (cache miss)
975 silly packumentCache full:https://registry.npmjs.org/@babel%2fhelper-plugin-utils set size:undefined disposed:false
976 silly fetch manifest @babel/helper-plugin-utils@^7.28.6
977 silly packumentCache full:https://registry.npmjs.org/@babel%2fhelper-plugin-utils cache-miss
978 http cache https://registry.npmjs.org/@babel%2fhelper-plugin-utils 2ms (cache hit)
979 silly packumentCache full:https://registry.npmjs.org/@babel%2fhelper-plugin-utils set size:167686 disposed:false
980 silly fetch manifest @babel/helper-create-class-features-plugin@^7.28.6
981 silly packumentCache full:https://registry.npmjs.org/@babel%2fhelper-create-class-features-plugin cache-miss
982 http fetch GET 200 https://registry.npmjs.org/@babel%2fhelper-plugin-utils 149ms (cache miss)
983 silly packumentCache full:https://registry.npmjs.org/@babel%2fhelper-plugin-utils set size:undefined disposed:false
984 silly packumentCache full:https://registry.npmjs.org/@babel%2fhelper-plugin-utils dispose
985 silly fetch manifest @babel/helper-replace-supers@^7.28.6
986 silly packumentCache full:https://registry.npmjs.org/@babel%2fhelper-replace-supers cache-miss
987 http fetch GET 200 https://registry.npmjs.org/@babel%2fhelper-plugin-utils 164ms (cache miss)
988 silly packumentCache full:https://registry.npmjs.org/@babel%2fhelper-plugin-utils set size:undefined disposed:true
989 silly fetch manifest @babel/helper-annotate-as-pure@^7.27.3
990 silly packumentCache full:https://registry.npmjs.org/@babel%2fhelper-annotate-as-pure cache-miss
991 http fetch GET 200 https://registry.npmjs.org/@babel%2fhelper-plugin-utils 167ms (cache miss)
992 silly packumentCache full:https://registry.npmjs.org/@babel%2fhelper-plugin-utils set size:undefined disposed:false
993 silly fetch manifest @babel/plugin-syntax-flow@^7.27.1
994 silly packumentCache full:https://registry.npmjs.org/@babel%2fplugin-syntax-flow cache-miss
995 http fetch GET 200 https://registry.npmjs.org/@babel%2fhelper-plugin-utils 169ms (cache miss)
996 silly packumentCache full:https://registry.npmjs.org/@babel%2fhelper-plugin-utils set size:undefined disposed:false
997 silly fetch manifest @babel/helper-skip-transparent-expression-wrappers@^7.27.1
998 silly packumentCache full:https://registry.npmjs.org/@babel%2fhelper-skip-transparent-expression-wrappers cache-miss
999 http fetch GET 200 https://registry.npmjs.org/@babel%2fhelper-plugin-utils 171ms (cache miss)
1000 silly packumentCache full:https://registry.npmjs.org/@babel%2fhelper-plugin-utils set size:undefined disposed:false
1001 silly fetch manifest @babel/helper-create-regexp-features-plugin@^7.28.5
1002 silly packumentCache full:https://registry.npmjs.org/@babel%2fhelper-create-regexp-features-plugin cache-miss
1003 http fetch GET 200 https://registry.npmjs.org/@babel%2fhelper-remap-async-to-generator 172ms (cache miss)
1004 silly packumentCache full:https://registry.npmjs.org/@babel%2fhelper-remap-async-to-generator set size:undefined disposed:false
1005 silly fetch manifest @babel/helper-skip-transparent-expression-wrappers@^7.27.1
1006 silly packumentCache full:https://registry.npmjs.org/@babel%2fhelper-skip-transparent-expression-wrappers cache-miss
1007 http fetch GET 200 https://registry.npmjs.org/@babel%2fhelper-remap-async-to-generator 174ms (cache miss)
1008 silly packumentCache full:https://registry.npmjs.org/@babel%2fhelper-remap-async-to-generator set size:undefined disposed:false
1009 silly fetch manifest @babel/helper-create-class-features-plugin@^7.28.6
1010 silly packumentCache full:https://registry.npmjs.org/@babel%2fhelper-create-class-features-plugin cache-miss
1011 http fetch GET 200 https://registry.npmjs.org/@babel%2fhelper-plugin-utils 174ms (cache miss)
1012 silly packumentCache full:https://registry.npmjs.org/@babel%2fhelper-plugin-utils set size:undefined disposed:false
1013 silly fetch manifest @babel/helper-annotate-as-pure@^7.27.3
1014 silly packumentCache full:https://registry.npmjs.org/@babel%2fhelper-annotate-as-pure cache-miss
1015 http fetch GET 200 https://registry.npmjs.org/@babel%2fhelper-create-class-features-plugin 156ms (cache miss)
1016 silly packumentCache full:https://registry.npmjs.org/@babel%2fhelper-create-class-features-plugin set size:undefined disposed:false
1017 silly fetch manifest @babel/plugin-syntax-jsx@^7.28.6
1018 silly packumentCache full:https://registry.npmjs.org/@babel%2fplugin-syntax-jsx cache-miss
1019 http fetch GET 200 https://registry.npmjs.org/@babel%2fhelper-skip-transparent-expression-wrappers 137ms (cache miss)
1020 silly packumentCache full:https://registry.npmjs.org/@babel%2fhelper-skip-transparent-expression-wrappers set size:undefined disposed:false
1021 silly fetch manifest @babel/helper-annotate-as-pure@^7.27.3
1022 silly packumentCache full:https://registry.npmjs.org/@babel%2fhelper-annotate-as-pure cache-miss
1023 http fetch GET 200 https://registry.npmjs.org/@babel%2fhelper-skip-transparent-expression-wrappers 144ms (cache miss)
1024 silly packumentCache full:https://registry.npmjs.org/@babel%2fhelper-skip-transparent-expression-wrappers set size:undefined disposed:false
1025 silly fetch manifest babel-plugin-polyfill-corejs2@^0.4.14
1026 silly packumentCache full:https://registry.npmjs.org/babel-plugin-polyfill-corejs2 cache-miss
1027 http fetch GET 200 https://registry.npmjs.org/@babel%2fhelper-replace-supers 168ms (cache miss)
1028 silly packumentCache full:https://registry.npmjs.org/@babel%2fhelper-replace-supers set size:undefined disposed:false
1029 silly fetch manifest babel-plugin-polyfill-corejs3@^0.13.0
1030 silly packumentCache full:https://registry.npmjs.org/babel-plugin-polyfill-corejs3 cache-miss
1031 http fetch GET 200 https://registry.npmjs.org/@babel%2fhelper-annotate-as-pure 156ms (cache miss)
1032 silly packumentCache full:https://registry.npmjs.org/@babel%2fhelper-annotate-as-pure set size:undefined disposed:false
1033 silly fetch manifest babel-plugin-polyfill-regenerator@^0.6.5
1034 silly packumentCache full:https://registry.npmjs.org/babel-plugin-polyfill-regenerator cache-miss
1035 http fetch GET 200 https://registry.npmjs.org/@babel%2fhelper-create-regexp-features-plugin 151ms (cache miss)
1036 silly packumentCache full:https://registry.npmjs.org/@babel%2fhelper-create-regexp-features-plugin set size:undefined disposed:false
1037 silly fetch manifest @babel/plugin-syntax-typescript@^7.28.6
1038 silly packumentCache full:https://registry.npmjs.org/@babel%2fplugin-syntax-typescript cache-miss
1039 http fetch GET 200 https://registry.npmjs.org/@babel%2fhelper-annotate-as-pure 149ms (cache miss)
1040 silly packumentCache full:https://registry.npmjs.org/@babel%2fhelper-annotate-as-pure set size:undefined disposed:false
1041 silly fetch manifest @babel/helper-create-regexp-features-plugin@^7.27.1
1042 silly packumentCache full:https://registry.npmjs.org/@babel%2fhelper-create-regexp-features-plugin cache-miss
1043 http cache https://registry.npmjs.org/@babel%2fhelper-create-regexp-features-plugin 3ms (cache hit)
1044 silly packumentCache full:https://registry.npmjs.org/@babel%2fhelper-create-regexp-features-plugin set size:180311 disposed:false
1045 silly fetch manifest @babel/plugin-syntax-flow@^7.12.1
1046 silly packumentCache full:https://registry.npmjs.org/@babel%2fplugin-syntax-flow cache-miss
1047 http fetch GET 200 https://registry.npmjs.org/@babel%2fplugin-syntax-flow 160ms (cache miss)
1048 silly packumentCache full:https://registry.npmjs.org/@babel%2fplugin-syntax-flow set size:undefined disposed:false
1049 http cache https://registry.npmjs.org/@babel%2fplugin-syntax-flow 2ms (cache hit)
1050 silly packumentCache full:https://registry.npmjs.org/@babel%2fplugin-syntax-flow set size:192800 disposed:false
1051 http fetch GET 200 https://registry.npmjs.org/@babel%2fhelper-create-class-features-plugin 168ms (cache miss)
1052 silly packumentCache full:https://registry.npmjs.org/@babel%2fhelper-create-class-features-plugin set size:undefined disposed:false
1053 http fetch GET 200 https://registry.npmjs.org/@babel%2fplugin-syntax-jsx 131ms (cache miss)
1054 silly packumentCache full:https://registry.npmjs.org/@babel%2fplugin-syntax-jsx set size:undefined disposed:false
1055 http fetch GET 200 https://registry.npmjs.org/babel-plugin-polyfill-corejs2 136ms (cache miss)
1056 silly packumentCache full:https://registry.npmjs.org/babel-plugin-polyfill-corejs2 set size:undefined disposed:false
1057 http fetch GET 200 https://registry.npmjs.org/@babel%2fhelper-annotate-as-pure 143ms (cache miss)
1058 silly packumentCache full:https://registry.npmjs.org/@babel%2fhelper-annotate-as-pure set size:undefined disposed:false
1059 http fetch GET 200 https://registry.npmjs.org/babel-plugin-polyfill-regenerator 133ms (cache miss)
1060 silly packumentCache full:https://registry.npmjs.org/babel-plugin-polyfill-regenerator set size:undefined disposed:false
1061 http fetch GET 200 https://registry.npmjs.org/babel-plugin-polyfill-corejs3 149ms (cache miss)
1062 silly packumentCache full:https://registry.npmjs.org/babel-plugin-polyfill-corejs3 set size:undefined disposed:false
1063 http fetch GET 200 https://registry.npmjs.org/@babel%2fplugin-syntax-typescript 158ms (cache miss)
1064 silly packumentCache full:https://registry.npmjs.org/@babel%2fplugin-syntax-typescript set size:undefined disposed:false
1065 silly placeDep ROOT @babel/helper-plugin-utils@7.28.6 OK for: @babel/plugin-proposal-export-default-from@7.27.1 want: ^7.27.1
1066 silly fetch manifest @babel/core@^7.0.0-0
1067 silly packumentCache full:https://registry.npmjs.org/@babel%2fcore cache-hit
1068 silly placeDep ROOT @babel/helper-remap-async-to-generator@7.27.1 OK for: @babel/plugin-transform-async-generator-functions@7.29.0 want: ^7.27.1
1069 silly fetch manifest @babel/helper-wrap-function@^7.27.1
1070 silly packumentCache full:https://registry.npmjs.org/@babel%2fhelper-wrap-function cache-miss
1071 silly fetch manifest @babel/helper-annotate-as-pure@^7.27.1
1072 silly packumentCache full:https://registry.npmjs.org/@babel%2fhelper-annotate-as-pure cache-miss
1073 http cache https://registry.npmjs.org/@babel%2fhelper-annotate-as-pure 3ms (cache hit)
1074 silly packumentCache full:https://registry.npmjs.org/@babel%2fhelper-annotate-as-pure set size:175447 disposed:false
1075 http fetch GET 200 https://registry.npmjs.org/@babel%2fhelper-wrap-function 154ms (cache miss)
1076 silly packumentCache full:https://registry.npmjs.org/@babel%2fhelper-wrap-function set size:undefined disposed:false
1077 silly placeDep ROOT @babel/helper-annotate-as-pure@7.27.3 OK for: @babel/helper-remap-async-to-generator@7.27.1 want: ^7.27.1
1078 silly placeDep ROOT @babel/helper-wrap-function@7.28.6 OK for: @babel/helper-remap-async-to-generator@7.27.1 want: ^7.27.1
1079 silly placeDep ROOT @babel/helper-create-class-features-plugin@7.29.3 OK for: @babel/plugin-transform-class-properties@7.28.6 want: ^7.28.6
1080 silly fetch manifest @babel/helper-optimise-call-expression@^7.27.1
1081 silly packumentCache full:https://registry.npmjs.org/@babel%2fhelper-optimise-call-expression cache-miss
1082 silly fetch manifest @babel/helper-member-expression-to-functions@^7.28.5
1083 silly packumentCache full:https://registry.npmjs.org/@babel%2fhelper-member-expression-to-functions cache-miss
1084 http fetch GET 200 https://registry.npmjs.org/@babel%2fhelper-optimise-call-expression 136ms (cache miss)
1085 silly packumentCache full:https://registry.npmjs.org/@babel%2fhelper-optimise-call-expression set size:undefined disposed:false
1086 http fetch GET 200 https://registry.npmjs.org/@babel%2fhelper-member-expression-to-functions 154ms (cache miss)
1087 silly packumentCache full:https://registry.npmjs.org/@babel%2fhelper-member-expression-to-functions set size:undefined disposed:false
1088 silly placeDep ROOT @babel/helper-member-expression-to-functions@7.28.5 OK for: @babel/helper-create-class-features-plugin@7.29.3 want: ^7.28.5
1089 silly placeDep ROOT @babel/helper-optimise-call-expression@7.27.1 OK for: @babel/helper-create-class-features-plugin@7.29.3 want: ^7.27.1
1090 silly placeDep ROOT @babel/helper-replace-supers@7.28.6 OK for: @babel/helper-create-class-features-plugin@7.29.3 want: ^7.28.6
1091 silly placeDep ROOT @babel/helper-skip-transparent-expression-wrappers@7.27.1 OK for: @babel/helper-create-class-features-plugin@7.29.3 want: ^7.27.1
1092 silly placeDep ROOT @babel/plugin-syntax-flow@7.28.6 OK for: @babel/plugin-transform-flow-strip-types@7.27.1 want: ^7.27.1
1093 silly placeDep ROOT @babel/helper-create-regexp-features-plugin@7.28.5 OK for: @babel/plugin-transform-named-capturing-groups-regex@7.29.0 want: ^7.28.5
1094 silly fetch manifest regexpu-core@^6.3.1
1095 silly packumentCache full:https://registry.npmjs.org/regexpu-core cache-miss
1096 http fetch GET 200 https://registry.npmjs.org/regexpu-core 123ms (cache miss)
1097 silly packumentCache full:https://registry.npmjs.org/regexpu-core set size:undefined disposed:false
1098 silly placeDep ROOT regexpu-core@6.4.0 OK for: @babel/helper-create-regexp-features-plugin@7.28.5 want: ^6.3.1
1099 silly fetch manifest regenerate@^1.4.2
1100 silly packumentCache full:https://registry.npmjs.org/regenerate cache-miss
1101 silly fetch manifest regenerate-unicode-properties@^10.2.2
1102 silly packumentCache full:https://registry.npmjs.org/regenerate-unicode-properties cache-miss
1103 silly fetch manifest regjsgen@^0.8.0
1104 silly packumentCache full:https://registry.npmjs.org/regjsgen cache-miss
1105 silly fetch manifest regjsparser@^0.13.0
1106 silly packumentCache full:https://registry.npmjs.org/regjsparser cache-miss
1107 silly fetch manifest unicode-match-property-ecmascript@^2.0.0
1108 silly packumentCache full:https://registry.npmjs.org/unicode-match-property-ecmascript cache-miss
1109 silly fetch manifest unicode-match-property-value-ecmascript@^2.2.1
1110 silly packumentCache full:https://registry.npmjs.org/unicode-match-property-value-ecmascript cache-miss
1111 http fetch GET 200 https://registry.npmjs.org/regenerate 115ms (cache miss)
1112 silly packumentCache full:https://registry.npmjs.org/regenerate set size:undefined disposed:false
1113 http fetch GET 200 https://registry.npmjs.org/regjsgen 121ms (cache miss)
1114 silly packumentCache full:https://registry.npmjs.org/regjsgen set size:undefined disposed:false
1115 http fetch GET 200 https://registry.npmjs.org/unicode-match-property-value-ecmascript 125ms (cache miss)
1116 silly packumentCache full:https://registry.npmjs.org/unicode-match-property-value-ecmascript set size:undefined disposed:false
1117 http fetch GET 200 https://registry.npmjs.org/regenerate-unicode-properties 130ms (cache miss)
1118 silly packumentCache full:https://registry.npmjs.org/regenerate-unicode-properties set size:undefined disposed:false
1119 http fetch GET 200 https://registry.npmjs.org/unicode-match-property-ecmascript 140ms (cache miss)
1120 silly packumentCache full:https://registry.npmjs.org/unicode-match-property-ecmascript set size:undefined disposed:false
1121 http fetch GET 200 https://registry.npmjs.org/regjsparser 142ms (cache miss)
1122 silly packumentCache full:https://registry.npmjs.org/regjsparser set size:undefined disposed:false
1123 silly placeDep ROOT @babel/plugin-syntax-jsx@7.28.6 OK for: @babel/plugin-transform-react-jsx@7.28.6 want: ^7.28.6
1124 silly placeDep ROOT babel-plugin-polyfill-corejs2@0.4.17 OK for: @babel/plugin-transform-runtime@7.29.0 want: ^0.4.14
1125 silly placeDep ROOT babel-plugin-polyfill-corejs3@0.13.0 OK for: @babel/plugin-transform-runtime@7.29.0 want: ^0.13.0
1126 silly placeDep ROOT babel-plugin-polyfill-regenerator@0.6.8 OK for: @babel/plugin-transform-runtime@7.29.0 want: ^0.6.5
1127 silly fetch manifest @babel/helper-define-polyfill-provider@^0.6.8
1128 silly packumentCache full:https://registry.npmjs.org/@babel%2fhelper-define-polyfill-provider cache-miss
1129 silly fetch manifest core-js-compat@^3.43.0
1130 silly packumentCache full:https://registry.npmjs.org/core-js-compat cache-miss
1131 silly fetch manifest @babel/helper-define-polyfill-provider@^0.6.5
1132 silly packumentCache full:https://registry.npmjs.org/@babel%2fhelper-define-polyfill-provider cache-miss
1133 silly fetch manifest @babel/helper-define-polyfill-provider@^0.6.8
1134 silly packumentCache full:https://registry.npmjs.org/@babel%2fhelper-define-polyfill-provider cache-miss
1135 http fetch GET 200 https://registry.npmjs.org/@babel%2fhelper-define-polyfill-provider 137ms (cache miss)
1136 silly packumentCache full:https://registry.npmjs.org/@babel%2fhelper-define-polyfill-provider set size:undefined disposed:false
1137 http fetch GET 200 https://registry.npmjs.org/@babel%2fhelper-define-polyfill-provider 137ms (cache miss)
1138 silly packumentCache full:https://registry.npmjs.org/@babel%2fhelper-define-polyfill-provider set size:undefined disposed:false
1139 http fetch GET 200 https://registry.npmjs.org/@babel%2fhelper-define-polyfill-provider 143ms (cache miss)
1140 silly packumentCache full:https://registry.npmjs.org/@babel%2fhelper-define-polyfill-provider set size:undefined disposed:false
1141 http fetch GET 200 https://registry.npmjs.org/core-js-compat 175ms (cache miss)
1142 silly packumentCache full:https://registry.npmjs.org/core-js-compat set size:undefined disposed:false
1143 silly placeDep ROOT @babel/plugin-syntax-typescript@7.28.6 OK for: @babel/plugin-transform-typescript@7.28.6 want: ^7.28.6
1144 silly placeDep ROOT @react-native/codegen@0.85.3 OK for: @react-native/babel-plugin-codegen@0.85.3 want: 0.85.3
1145 silly placeDep ROOT invariant@2.2.4 OK for: @react-native/codegen@0.85.3 want: ^2.2.4
1146 silly placeDep ROOT tinyglobby@0.2.16 OK for: @react-native/codegen@0.85.3 want: ^0.2.15
1147 silly placeDep ROOT yargs@17.7.2 OK for: @react-native/codegen@0.85.3 want: ^17.6.2
1148 silly fetch manifest loose-envify@^1.0.0
1149 silly packumentCache full:https://registry.npmjs.org/loose-envify cache-miss
1150 silly fetch manifest fdir@^6.5.0
1151 silly packumentCache full:https://registry.npmjs.org/fdir cache-miss
1152 silly fetch manifest picomatch@^4.0.4
1153 silly packumentCache full:https://registry.npmjs.org/picomatch cache-miss
1154 silly fetch manifest y18n@^5.0.5
1155 silly packumentCache full:https://registry.npmjs.org/y18n cache-miss
1156 silly fetch manifest cliui@^8.0.1
1157 silly packumentCache full:https://registry.npmjs.org/cliui cache-miss
1158 silly fetch manifest escalade@^3.1.1
1159 silly packumentCache full:https://registry.npmjs.org/escalade cache-miss
1160 silly fetch manifest string-width@^4.2.3
1161 silly packumentCache full:https://registry.npmjs.org/string-width cache-miss
1162 silly fetch manifest yargs-parser@^21.1.1
1163 silly packumentCache full:https://registry.npmjs.org/yargs-parser cache-miss
1164 silly fetch manifest get-caller-file@^2.0.5
1165 silly packumentCache full:https://registry.npmjs.org/get-caller-file cache-miss
1166 http fetch GET 200 https://registry.npmjs.org/loose-envify 108ms (cache miss)
1167 silly packumentCache full:https://registry.npmjs.org/loose-envify set size:undefined disposed:false
1168 silly fetch manifest require-directory@^2.1.1
1169 silly packumentCache full:https://registry.npmjs.org/require-directory cache-miss
1170 http fetch GET 200 https://registry.npmjs.org/escalade 118ms (cache miss)
1171 silly packumentCache full:https://registry.npmjs.org/escalade set size:undefined disposed:false
1172 http fetch GET 200 https://registry.npmjs.org/y18n 135ms (cache miss)
1173 silly packumentCache full:https://registry.npmjs.org/y18n set size:undefined disposed:false
1174 http fetch GET 200 https://registry.npmjs.org/fdir 137ms (cache miss)
1175 silly packumentCache full:https://registry.npmjs.org/fdir set size:undefined disposed:false
1176 http fetch GET 200 https://registry.npmjs.org/string-width 137ms (cache miss)
1177 silly packumentCache full:https://registry.npmjs.org/string-width set size:undefined disposed:false
1178 http fetch GET 200 https://registry.npmjs.org/picomatch 139ms (cache miss)
1179 silly packumentCache full:https://registry.npmjs.org/picomatch set size:undefined disposed:false
1180 http fetch GET 200 https://registry.npmjs.org/cliui 140ms (cache miss)
1181 silly packumentCache full:https://registry.npmjs.org/cliui set size:undefined disposed:false
1182 http fetch GET 200 https://registry.npmjs.org/get-caller-file 151ms (cache miss)
1183 silly packumentCache full:https://registry.npmjs.org/get-caller-file set size:undefined disposed:false
1184 http fetch GET 200 https://registry.npmjs.org/yargs-parser 151ms (cache miss)
1185 silly packumentCache full:https://registry.npmjs.org/yargs-parser set size:undefined disposed:false
1186 http fetch GET 200 https://registry.npmjs.org/require-directory 114ms (cache miss)
1187 silly packumentCache full:https://registry.npmjs.org/require-directory set size:undefined disposed:false
1188 silly fetch manifest @react-native-masked-view/masked-view@>= 0.2.0
1189 silly packumentCache full:https://registry.npmjs.org/@react-native-masked-view%2fmasked-view cache-miss
1190 http fetch GET 200 https://registry.npmjs.org/@react-native-masked-view%2fmasked-view 131ms (cache miss)
1191 silly packumentCache full:https://registry.npmjs.org/@react-native-masked-view%2fmasked-view set size:undefined disposed:false
1192 silly fetch manifest react@>= 18.2.0
1193 silly packumentCache full:https://registry.npmjs.org/react cache-miss
1194 http cache https://registry.npmjs.org/react 10ms (cache hit)
1195 silly packumentCache full:https://registry.npmjs.org/react set size:6650647 disposed:false
1196 silly fetch manifest react-native@*
1197 silly packumentCache full:https://registry.npmjs.org/react-native cache-miss
1198 http cache https://registry.npmjs.org/react-native 19ms (cache hit)
1199 silly packumentCache full:https://registry.npmjs.org/react-native set size:15284045 disposed:false
1200 silly fetch manifest @types/react@^19.1.1
1201 silly packumentCache full:https://registry.npmjs.org/@types%2freact cache-miss
1202 http cache https://registry.npmjs.org/@types%2freact 5ms (cache hit)
1203 silly packumentCache full:https://registry.npmjs.org/@types%2freact set size:2607900 disposed:false
1204 silly fetch manifest @react-navigation/native@^7.2.4
1205 silly packumentCache full:https://registry.npmjs.org/@react-navigation%2fnative cache-miss
1206 http cache https://registry.npmjs.org/@react-navigation%2fnative 2ms (cache hit)
1207 silly packumentCache full:https://registry.npmjs.org/@react-navigation%2fnative set size:1112922 disposed:false
1208 silly fetch manifest react-native-safe-area-context@>= 4.0.0
1209 silly packumentCache full:https://registry.npmjs.org/react-native-safe-area-context cache-miss
1210 http cache https://registry.npmjs.org/react-native-safe-area-context 1ms (cache hit)
1211 silly packumentCache full:https://registry.npmjs.org/react-native-safe-area-context set size:667318 disposed:false
1212 silly placeDep ROOT @react-navigation/elements@2.9.18 OK for: @react-navigation/bottom-tabs@7.16.1 want: ^2.9.18
1213 silly placeDep ROOT color@4.2.3 OK for: @react-navigation/bottom-tabs@7.16.1 want: ^4.2.3
1214 silly placeDep ROOT sf-symbols-typescript@2.2.0 OK for: @react-navigation/bottom-tabs@7.16.1 want: ^2.1.0
1215 silly fetch manifest use-sync-external-store@^1.5.0
1216 silly packumentCache full:https://registry.npmjs.org/use-sync-external-store cache-miss
1217 silly fetch manifest color-string@^1.9.0
1218 silly packumentCache full:https://registry.npmjs.org/color-string cache-miss
1219 silly fetch manifest color-convert@^2.0.1
1220 silly packumentCache full:https://registry.npmjs.org/color-convert cache-miss
1221 http cache https://registry.npmjs.org/use-sync-external-store 5ms (cache hit)
1222 silly packumentCache full:https://registry.npmjs.org/use-sync-external-store set size:4675268 disposed:false
1223 http fetch GET 200 https://registry.npmjs.org/color-convert 132ms (cache miss)
1224 silly packumentCache full:https://registry.npmjs.org/color-convert set size:undefined disposed:false
1225 http fetch GET 200 https://registry.npmjs.org/color-string 133ms (cache miss)
1226 silly packumentCache full:https://registry.npmjs.org/color-string set size:undefined disposed:false
1227 silly placeDep ROOT use-latest-callback@0.2.6 OK for: @react-navigation/elements@2.9.18 want: ^0.2.4
1228 silly placeDep ROOT use-sync-external-store@1.6.0 OK for: @react-navigation/elements@2.9.18 want: ^1.5.0
1229 silly placeDep ROOT @react-navigation/core@7.17.4 OK for: @react-navigation/native@7.2.4 want: ^7.17.4
1230 silly placeDep ROOT escape-string-regexp@4.0.0 OK for: @react-navigation/native@7.2.4 want: ^4.0.0
1231 silly placeDep ROOT fast-deep-equal@3.1.3 OK for: @react-navigation/native@7.2.4 want: ^3.1.3
1232 silly placeDep ROOT nanoid@3.3.12 OK for: @react-navigation/native@7.2.4 want: ^3.3.11
1233 silly fetch manifest react-is@^19.1.0
1234 silly packumentCache full:https://registry.npmjs.org/react-is cache-miss
1235 silly fetch manifest query-string@^7.1.3
1236 silly packumentCache full:https://registry.npmjs.org/query-string cache-miss
1237 silly fetch manifest @react-navigation/routers@^7.5.5
1238 silly packumentCache full:https://registry.npmjs.org/@react-navigation%2frouters cache-miss
1239 http fetch GET 200 https://registry.npmjs.org/query-string 130ms (cache miss)
1240 silly packumentCache full:https://registry.npmjs.org/query-string set size:undefined disposed:false
1241 http fetch GET 200 https://registry.npmjs.org/@react-navigation%2frouters 179ms (cache miss)
1242 silly packumentCache full:https://registry.npmjs.org/@react-navigation%2frouters set size:undefined disposed:false
1243 http fetch GET 200 https://registry.npmjs.org/react-is 385ms (cache miss)
1244 silly packumentCache full:https://registry.npmjs.org/react-is set size:undefined disposed:false
1245 silly placeDep ROOT @react-navigation/routers@7.5.5 OK for: @react-navigation/core@7.17.4 want: ^7.5.5
1246 silly placeDep ROOT query-string@7.1.3 OK for: @react-navigation/core@7.17.4 want: ^7.1.3
1247 silly placeDep ROOT react-is@19.2.6 OK for: @react-navigation/core@7.17.4 want: ^19.1.0
1248 silly fetch manifest filter-obj@^1.1.0
1249 silly packumentCache full:https://registry.npmjs.org/filter-obj cache-miss
1250 silly fetch manifest split-on-first@^1.0.0
1251 silly packumentCache full:https://registry.npmjs.org/split-on-first cache-miss
1252 silly fetch manifest strict-uri-encode@^2.0.0
1253 silly packumentCache full:https://registry.npmjs.org/strict-uri-encode cache-miss
1254 silly fetch manifest decode-uri-component@^0.2.2
1255 silly packumentCache full:https://registry.npmjs.org/decode-uri-component cache-miss
1256 http fetch GET 200 https://registry.npmjs.org/decode-uri-component 121ms (cache miss)
1257 silly packumentCache full:https://registry.npmjs.org/decode-uri-component set size:undefined disposed:false
1258 http fetch GET 200 https://registry.npmjs.org/filter-obj 130ms (cache miss)
1259 silly packumentCache full:https://registry.npmjs.org/filter-obj set size:undefined disposed:false
1260 http fetch GET 200 https://registry.npmjs.org/split-on-first 132ms (cache miss)
1261 silly packumentCache full:https://registry.npmjs.org/split-on-first set size:undefined disposed:false
1262 http fetch GET 200 https://registry.npmjs.org/strict-uri-encode 135ms (cache miss)
1263 silly packumentCache full:https://registry.npmjs.org/strict-uri-encode set size:undefined disposed:false
1264 silly placeDep ROOT csstype@3.2.3 OK for: @types/react@19.2.15 want: ^3.2.2
1265 silly fetch manifest @babel/core@^7.4.0 || ^8.0.0-0 <8.0.0
1266 silly packumentCache full:https://registry.npmjs.org/@babel%2fcore cache-hit
1267 silly placeDep ROOT @babel/helper-define-polyfill-provider@0.6.8 OK for: babel-plugin-polyfill-corejs2@0.4.17 want: ^0.6.8
1268 silly fetch manifest resolve@^1.22.11
1269 silly packumentCache full:https://registry.npmjs.org/resolve cache-miss
1270 silly fetch manifest lodash.debounce@^4.0.8
1271 silly packumentCache full:https://registry.npmjs.org/lodash.debounce cache-miss
1272 http fetch GET 200 https://registry.npmjs.org/resolve 142ms (cache miss)
1273 silly packumentCache full:https://registry.npmjs.org/resolve set size:undefined disposed:false
1274 http fetch GET 200 https://registry.npmjs.org/lodash.debounce 145ms (cache miss)
1275 silly packumentCache full:https://registry.npmjs.org/lodash.debounce set size:undefined disposed:false
1276 silly placeDep ROOT lodash.debounce@4.0.8 OK for: @babel/helper-define-polyfill-provider@0.6.8 want: ^4.0.8
1277 silly placeDep ROOT resolve@1.22.12 OK for: @babel/helper-define-polyfill-provider@0.6.8 want: ^1.22.11
1278 silly fetch manifest es-errors@^1.3.0
1279 silly packumentCache full:https://registry.npmjs.org/es-errors cache-miss
1280 silly fetch manifest path-parse@^1.0.7
1281 silly packumentCache full:https://registry.npmjs.org/path-parse cache-miss
1282 silly fetch manifest is-core-module@^2.16.1
1283 silly packumentCache full:https://registry.npmjs.org/is-core-module cache-miss
1284 silly fetch manifest supports-preserve-symlinks-flag@^1.0.0
1285 silly packumentCache full:https://registry.npmjs.org/supports-preserve-symlinks-flag cache-miss
1286 http fetch GET 200 https://registry.npmjs.org/es-errors 114ms (cache miss)
1287 silly packumentCache full:https://registry.npmjs.org/es-errors set size:undefined disposed:false
1288 http fetch GET 200 https://registry.npmjs.org/supports-preserve-symlinks-flag 115ms (cache miss)
1289 silly packumentCache full:https://registry.npmjs.org/supports-preserve-symlinks-flag set size:undefined disposed:false
1290 http fetch GET 200 https://registry.npmjs.org/path-parse 125ms (cache miss)
1291 silly packumentCache full:https://registry.npmjs.org/path-parse set size:undefined disposed:false
1292 http fetch GET 200 https://registry.npmjs.org/is-core-module 127ms (cache miss)
1293 silly packumentCache full:https://registry.npmjs.org/is-core-module set size:undefined disposed:false
1294 silly placeDep ROOT core-js-compat@3.49.0 OK for: babel-plugin-polyfill-corejs3@0.13.0 want: ^3.43.0
1295 silly fetch manifest browserslist@>= 4.21.0
1296 silly packumentCache full:https://registry.npmjs.org/browserslist cache-miss
1297 http cache https://registry.npmjs.org/browserslist 3ms (cache hit)
1298 silly packumentCache full:https://registry.npmjs.org/browserslist set size:504681 disposed:false
1299 silly placeDep ROOT baseline-browser-mapping@2.10.31 OK for: browserslist@4.28.2 want: ^2.10.12
1300 silly placeDep ROOT caniuse-lite@1.0.30001793 OK for: browserslist@4.28.2 want: ^1.0.30001782
1301 silly placeDep ROOT electron-to-chromium@1.5.361 OK for: browserslist@4.28.2 want: ^1.5.328
1302 silly placeDep ROOT node-releases@2.0.46 OK for: browserslist@4.28.2 want: ^2.0.36
1303 silly placeDep ROOT update-browserslist-db@1.2.3 OK for: browserslist@4.28.2 want: ^1.2.3
1304 silly fetch manifest escalade@^3.2.0
1305 silly packumentCache full:https://registry.npmjs.org/escalade cache-miss
1306 http cache https://registry.npmjs.org/escalade 1ms (cache hit)
1307 silly packumentCache full:https://registry.npmjs.org/escalade set size:33724 disposed:false
1308 silly placeDep ROOT color-convert@2.0.1 OK for: color@4.2.3 want: ^2.0.1
1309 silly placeDep ROOT color-string@1.9.1 OK for: color@4.2.3 want: ^1.9.0
1310 silly fetch manifest color-name@~1.1.4
1311 silly packumentCache full:https://registry.npmjs.org/color-name cache-miss
1312 silly fetch manifest color-name@^1.0.0
1313 silly packumentCache full:https://registry.npmjs.org/color-name cache-miss
1314 silly fetch manifest simple-swizzle@^0.2.2
1315 silly packumentCache full:https://registry.npmjs.org/simple-swizzle cache-miss
1316 http fetch GET 200 https://registry.npmjs.org/color-name 128ms (cache miss)
1317 silly packumentCache full:https://registry.npmjs.org/color-name set size:undefined disposed:false
1318 http fetch GET 200 https://registry.npmjs.org/color-name 129ms (cache miss)
1319 silly packumentCache full:https://registry.npmjs.org/color-name set size:undefined disposed:false
1320 http fetch GET 200 https://registry.npmjs.org/simple-swizzle 130ms (cache miss)
1321 silly packumentCache full:https://registry.npmjs.org/simple-swizzle set size:undefined disposed:false
1322 silly placeDep ROOT color-name@1.1.4 OK for: color-convert@2.0.1 want: ~1.1.4
1323 silly placeDep ROOT simple-swizzle@0.2.4 OK for: color-string@1.9.1 want: ^0.2.2
1324 silly fetch manifest is-arrayish@^0.3.1
1325 silly packumentCache full:https://registry.npmjs.org/is-arrayish cache-miss
1326 http fetch GET 200 https://registry.npmjs.org/is-arrayish 113ms (cache miss)
1327 silly packumentCache full:https://registry.npmjs.org/is-arrayish set size:undefined disposed:false
1328 silly placeDep ROOT ms@2.1.3 OK for: debug@4.4.3 want: ^2.1.3
1329 silly fetch manifest expo@*
1330 silly packumentCache full:https://registry.npmjs.org/expo cache-miss
1331 http cache https://registry.npmjs.org/expo 7ms (cache hit)
1332 silly packumentCache full:https://registry.npmjs.org/expo set size:3787936 disposed:false
1333 silly fetch manifest react@*
1334 silly packumentCache full:https://registry.npmjs.org/react cache-miss
1335 http cache https://registry.npmjs.org/react 9ms (cache hit)
1336 silly packumentCache full:https://registry.npmjs.org/react set size:6650647 disposed:false
1337 silly fetch manifest expo-router@*
1338 silly packumentCache full:https://registry.npmjs.org/expo-router cache-miss
1339 http fetch GET 200 https://registry.npmjs.org/expo-router 192ms (cache miss)
1340 silly packumentCache full:https://registry.npmjs.org/expo-router set size:undefined disposed:false
1341 silly fetch manifest @testing-library/react-native@>= 13.2.0
1342 silly packumentCache full:https://registry.npmjs.org/@testing-library%2freact-native cache-miss
1343 http fetch GET 200 https://registry.npmjs.org/@testing-library%2freact-native 166ms (cache miss)
1344 silly packumentCache full:https://registry.npmjs.org/@testing-library%2freact-native set size:undefined disposed:false
1345 silly fetch manifest jest@>=29.0.0
1346 silly packumentCache full:https://registry.npmjs.org/jest cache-miss
1347 http fetch GET 200 https://registry.npmjs.org/jest 197ms (cache miss)
1348 silly packumentCache full:https://registry.npmjs.org/jest set size:undefined disposed:false
1349 silly fetch manifest node-notifier@^8.0.1 || ^9.0.0 || ^10.0.0
1350 silly packumentCache full:https://registry.npmjs.org/node-notifier cache-miss
1351 http fetch GET 200 https://registry.npmjs.org/node-notifier 140ms (cache miss)
1352 silly packumentCache full:https://registry.npmjs.org/node-notifier set size:undefined disposed:false
1353 silly fetch manifest react-test-renderer@>=18.2.0
1354 silly packumentCache full:https://registry.npmjs.org/react-test-renderer cache-miss
1355 http fetch GET 200 https://registry.npmjs.org/react-test-renderer 309ms (cache miss)
1356 silly packumentCache full:https://registry.npmjs.org/react-test-renderer set size:undefined disposed:false
1357 silly fetch manifest expo-linking@^56.0.11
1358 silly packumentCache full:https://registry.npmjs.org/expo-linking cache-miss
1359 http fetch GET 200 https://registry.npmjs.org/expo-linking 160ms (cache miss)
1360 silly packumentCache full:https://registry.npmjs.org/expo-linking set size:undefined disposed:false
1361 silly fetch manifest react-native-safe-area-context@>= 5.4.0
1362 silly packumentCache full:https://registry.npmjs.org/react-native-safe-area-context cache-hit
1363 silly fetch manifest react-server-dom-webpack@~19.0.4 || ~19.1.5 || ~19.2.4
1364 silly packumentCache full:https://registry.npmjs.org/react-server-dom-webpack cache-miss
1365 http fetch GET 200 https://registry.npmjs.org/react-server-dom-webpack 291ms (cache miss)
1366 silly packumentCache full:https://registry.npmjs.org/react-server-dom-webpack set size:undefined disposed:false
1367 silly fetch manifest webpack@^5.59.0
1368 silly packumentCache full:https://registry.npmjs.org/webpack cache-miss
1369 http fetch GET 200 https://registry.npmjs.org/webpack 341ms (cache miss)
1370 silly packumentCache full:https://registry.npmjs.org/webpack set size:undefined disposed:false
1371 silly fetch manifest expo-widgets@^56.0.12
1372 silly packumentCache full:https://registry.npmjs.org/expo-widgets cache-miss
1373 http fetch GET 200 https://registry.npmjs.org/expo-widgets 125ms (cache miss)
1374 silly packumentCache full:https://registry.npmjs.org/expo-widgets set size:undefined disposed:false
1375 silly fetch manifest react-native-worklets@^0.7.4 || ^0.8.0
1376 silly packumentCache full:https://registry.npmjs.org/react-native-worklets cache-miss
1377 http cache https://registry.npmjs.org/react-native-worklets 5ms (cache hit)
1378 silly packumentCache full:https://registry.npmjs.org/react-native-worklets set size:2552214 disposed:false
1379 silly placeDep ROOT @babel/runtime@7.29.2 OK for: expo@56.0.3 want: ^7.20.0
1380 silly placeDep node_modules/expo @expo/cli@56.1.10 CONFLICT for: expo@56.0.3 want: ^56.1.10
1381 silly placeDep ROOT @expo/config@56.0.8 OK for: expo@56.0.3 want: ~56.0.8
1382 silly placeDep ROOT @expo/config-plugins@56.0.7 OK for: expo@56.0.3 want: ~56.0.7
1383 silly placeDep ROOT @expo/devtools@56.0.2 OK for: expo@56.0.3 want: ~56.0.2
1384 silly placeDep node_modules/expo @expo/dom-webview@56.0.5 CONFLICT for: expo@56.0.3 want: ~56.0.5
1385 silly placeDep ROOT @expo/fingerprint@0.19.1 OK for: expo@56.0.3 want: ^0.19.1
1386 silly placeDep ROOT @expo/local-build-cache-provider@56.0.7 OK for: expo@56.0.3 want: ^56.0.7
1387 silly placeDep node_modules/expo @expo/log-box@56.0.12 CONFLICT for: expo@56.0.3 want: ^56.0.12
1388 silly placeDep ROOT @expo/metro@56.0.0 OK for: expo@56.0.3 want: ~56.0.0
1389 silly placeDep node_modules/expo @expo/metro-config@56.0.11 CONFLICT for: expo@56.0.3 want: ~56.0.11
1390 silly placeDep ROOT @ungap/structured-clone@1.3.1 OK for: expo@56.0.3 want: ^1.3.0
1391 silly placeDep node_modules/expo babel-preset-expo@56.0.11 CONFLICT for: expo@56.0.3 want: ~56.0.11
1392 silly placeDep node_modules/expo expo-asset@56.0.13 CONFLICT for: expo@56.0.3 want: ~56.0.13
1393 silly placeDep node_modules/expo expo-constants@56.0.14 CONFLICT for: expo@56.0.3 want: ~56.0.14
1394 silly placeDep node_modules/expo expo-file-system@56.0.7 CONFLICT for: expo@56.0.3 want: ~56.0.7
1395 silly placeDep node_modules/expo expo-font@56.0.5 CONFLICT for: expo@56.0.3 want: ~56.0.5
1396 silly placeDep ROOT expo-modules-autolinking@56.0.11 OK for: expo@56.0.3 want: ~56.0.11
1397 silly placeDep ROOT expo-modules-core@56.0.12 OK for: expo@56.0.3 want: ~56.0.12
1398 silly placeDep ROOT pretty-format@29.7.0 OK for: expo@56.0.3 want: ^29.7.0
1399 silly placeDep ROOT whatwg-url-minimum@0.1.2 OK for: expo@56.0.3 want: ^0.1.2
1400 silly fetch manifest ws@^8.12.1
1401 silly packumentCache full:https://registry.npmjs.org/ws cache-miss
1402 silly fetch manifest arg@^5.0.2
1403 silly packumentCache full:https://registry.npmjs.org/arg cache-miss
1404 silly fetch manifest ora@^3.4.0
1405 silly packumentCache full:https://registry.npmjs.org/ora cache-miss
1406 silly fetch manifest zod@^3.25.76
1407 silly packumentCache full:https://registry.npmjs.org/zod cache-miss
1408 silly fetch manifest glob@^13.0.0
1409 silly packumentCache full:https://registry.npmjs.org/glob cache-miss
1410 silly fetch manifest send@^0.19.0
1411 silly packumentCache full:https://registry.npmjs.org/send cache-miss
1412 silly fetch manifest toqr@^0.1.1
1413 silly packumentCache full:https://registry.npmjs.org/toqr cache-miss
1414 silly fetch manifest chalk@^4.0.0
1415 silly packumentCache full:https://registry.npmjs.org/chalk cache-miss
1416 silly fetch manifest getenv@^2.0.0
1417 silly packumentCache full:https://registry.npmjs.org/getenv cache-miss
1418 http cache https://registry.npmjs.org/ws 3ms (cache hit)
1419 silly packumentCache full:https://registry.npmjs.org/ws set size:418167 disposed:false
1420 silly fetch manifest semver@^7.6.0
1421 silly packumentCache full:https://registry.npmjs.org/semver cache-hit
1422 silly fetch manifest accepts@^1.3.8
1423 silly packumentCache full:https://registry.npmjs.org/accepts cache-miss
1424 http fetch GET 200 https://registry.npmjs.org/arg 127ms (cache miss)
1425 silly packumentCache full:https://registry.npmjs.org/arg set size:undefined disposed:false
1426 silly fetch manifest ci-info@^3.3.0
1427 silly packumentCache full:https://registry.npmjs.org/ci-info cache-miss
1428 http fetch GET 200 https://registry.npmjs.org/accepts 127ms (cache miss)
1429 silly packumentCache full:https://registry.npmjs.org/accepts set size:undefined disposed:false
1430 silly fetch manifest connect@^3.7.0
1431 silly packumentCache full:https://registry.npmjs.org/connect cache-miss
1432 http fetch GET 200 https://registry.npmjs.org/toqr 133ms (cache miss)
1433 silly packumentCache full:https://registry.npmjs.org/toqr set size:undefined disposed:false
1434 silly fetch manifest prompts@^2.3.2
1435 silly packumentCache full:https://registry.npmjs.org/prompts cache-miss
1436 http cache https://registry.npmjs.org/connect 2ms (cache hit)
1437 silly packumentCache full:https://registry.npmjs.org/connect set size:438385 disposed:false
1438 silly fetch manifest slugify@^1.3.4
1439 silly packumentCache full:https://registry.npmjs.org/slugify cache-miss
1440 http fetch GET 200 https://registry.npmjs.org/send 140ms (cache miss)
1441 silly packumentCache full:https://registry.npmjs.org/send set size:undefined disposed:false
1442 silly fetch manifest progress@^2.0.3
1443 silly packumentCache full:https://registry.npmjs.org/progress cache-miss
1444 http fetch GET 200 https://registry.npmjs.org/getenv 142ms (cache miss)
1445 silly packumentCache full:https://registry.npmjs.org/getenv set size:undefined disposed:false
1446 silly fetch manifest @expo/env@~2.3.0
1447 silly packumentCache full:https://registry.npmjs.org/@expo%2fenv cache-miss
1448 http fetch GET 200 https://registry.npmjs.org/ora 144ms (cache miss)
1449 silly packumentCache full:https://registry.npmjs.org/ora set size:undefined disposed:false
1450 silly fetch manifest multitars@^1.0.0
1451 silly packumentCache full:https://registry.npmjs.org/multitars cache-miss
1452 http fetch GET 200 https://registry.npmjs.org/chalk 146ms (cache miss)
1453 silly packumentCache full:https://registry.npmjs.org/chalk set size:undefined disposed:false
1454 silly fetch manifest wrap-ansi@^7.0.0
1455 silly packumentCache full:https://registry.npmjs.org/wrap-ansi cache-miss
1456 http fetch GET 200 https://registry.npmjs.org/glob 156ms (cache miss)
1457 silly packumentCache full:https://registry.npmjs.org/glob set size:undefined disposed:false
1458 silly fetch manifest node-forge@^1.3.3
1459 silly packumentCache full:https://registry.npmjs.org/node-forge cache-miss
1460 http fetch GET 200 https://registry.npmjs.org/zod 207ms (cache miss)
1461 silly packumentCache full:https://registry.npmjs.org/zod set size:undefined disposed:false
1462 silly fetch manifest @expo/plist@^0.7.0
1463 silly packumentCache full:https://registry.npmjs.org/@expo%2fplist cache-miss
1464 http fetch GET 200 https://registry.npmjs.org/progress 129ms (cache miss)
1465 silly packumentCache full:https://registry.npmjs.org/progress set size:undefined disposed:false
1466 silly fetch manifest compression@^1.7.4
1467 silly packumentCache full:https://registry.npmjs.org/compression cache-miss
1468 http fetch GET 200 https://registry.npmjs.org/prompts 141ms (cache miss)
1469 silly packumentCache full:https://registry.npmjs.org/prompts set size:undefined disposed:false
1470 silly fetch manifest expo-server@^56.0.4
1471 silly packumentCache full:https://registry.npmjs.org/expo-server cache-miss
1472 http fetch GET 200 https://registry.npmjs.org/ci-info 148ms (cache miss)
1473 silly packumentCache full:https://registry.npmjs.org/ci-info set size:undefined disposed:false
1474 silly fetch manifest lan-network@^0.2.1
1475 silly packumentCache full:https://registry.npmjs.org/lan-network cache-miss
1476 http fetch GET 200 https://registry.npmjs.org/multitars 132ms (cache miss)
1477 silly packumentCache full:https://registry.npmjs.org/multitars set size:undefined disposed:false
1478 silly fetch manifest resolve-from@^5.0.0
1479 silly packumentCache full:https://registry.npmjs.org/resolve-from cache-miss
1480 http fetch GET 200 https://registry.npmjs.org/slugify 145ms (cache miss)
1481 silly packumentCache full:https://registry.npmjs.org/slugify set size:undefined disposed:false
1482 silly fetch manifest @expo/devcert@^1.2.1
1483 silly packumentCache full:https://registry.npmjs.org/@expo%2fdevcert cache-miss
1484 http fetch GET 200 https://registry.npmjs.org/wrap-ansi 136ms (cache miss)
1485 silly packumentCache full:https://registry.npmjs.org/wrap-ansi set size:undefined disposed:false
1486 silly fetch manifest bplist-parser@^0.3.1
1487 silly packumentCache full:https://registry.npmjs.org/bplist-parser cache-miss
1488 http fetch GET 200 https://registry.npmjs.org/node-forge 143ms (cache miss)
1489 silly packumentCache full:https://registry.npmjs.org/node-forge set size:undefined disposed:false
1490 silly fetch manifest terminal-link@^2.1.1
1491 silly packumentCache full:https://registry.npmjs.org/terminal-link cache-miss
1492 http fetch GET 200 https://registry.npmjs.org/@expo%2fenv 164ms (cache miss)
1493 silly packumentCache full:https://registry.npmjs.org/@expo%2fenv set size:undefined disposed:false
1494 silly fetch manifest @expo/xcpretty@^4.4.4
1495 silly packumentCache full:https://registry.npmjs.org/@expo%2fxcpretty cache-miss
1496 http fetch GET 200 https://registry.npmjs.org/@expo%2fplist 168ms (cache miss)
1497 silly packumentCache full:https://registry.npmjs.org/@expo%2fplist set size:undefined disposed:false
1498 silly fetch manifest bplist-creator@0.1.0
1499 silly packumentCache full:https://registry.npmjs.org/bplist-creator cache-miss
1500 http fetch GET 200 https://registry.npmjs.org/lan-network 119ms (cache miss)
1501 silly packumentCache full:https://registry.npmjs.org/lan-network set size:undefined disposed:false
1502 silly fetch manifest fetch-nodeshim@^0.4.10
1503 silly packumentCache full:https://registry.npmjs.org/fetch-nodeshim cache-miss
1504 http fetch GET 200 https://registry.npmjs.org/resolve-from 129ms (cache miss)
1505 silly packumentCache full:https://registry.npmjs.org/resolve-from set size:undefined disposed:false
1506 silly fetch manifest @expo/json-file@^10.2.0
1507 silly packumentCache full:https://registry.npmjs.org/@expo%2fjson-file cache-miss
1508 http fetch GET 200 https://registry.npmjs.org/compression 137ms (cache miss)
1509 silly packumentCache full:https://registry.npmjs.org/compression set size:undefined disposed:false
1510 silly fetch manifest @expo/osascript@^2.6.0
1511 silly packumentCache full:https://registry.npmjs.org/@expo%2fosascript cache-miss
1512 http fetch GET 200 https://registry.npmjs.org/expo-server 138ms (cache miss)
1513 silly packumentCache full:https://registry.npmjs.org/expo-server set size:undefined disposed:false
1514 silly fetch manifest @expo/ws-tunnel@^1.0.1
1515 silly packumentCache full:https://registry.npmjs.org/@expo%2fws-tunnel cache-miss
1516 http fetch GET 200 https://registry.npmjs.org/terminal-link 114ms (cache miss)
1517 silly packumentCache full:https://registry.npmjs.org/terminal-link set size:undefined disposed:false
1518 silly fetch manifest dnssd-advertise@^1.1.4
1519 silly packumentCache full:https://registry.npmjs.org/dnssd-advertise cache-miss
1520 http fetch GET 200 https://registry.npmjs.org/bplist-parser 137ms (cache miss)
1521 silly packumentCache full:https://registry.npmjs.org/bplist-parser set size:undefined disposed:false
1522 silly fetch manifest npm-package-arg@^11.0.0
1523 silly packumentCache full:https://registry.npmjs.org/npm-package-arg cache-miss
1524 http fetch GET 200 https://registry.npmjs.org/@expo%2fdevcert 155ms (cache miss)
1525 silly packumentCache full:https://registry.npmjs.org/@expo%2fdevcert set size:undefined disposed:false
1526 silly fetch manifest @expo/spawn-async@^1.8.0
1527 silly packumentCache full:https://registry.npmjs.org/@expo%2fspawn-async cache-miss
1528 http fetch GET 200 https://registry.npmjs.org/@expo%2fxcpretty 155ms (cache miss)
1529 silly packumentCache full:https://registry.npmjs.org/@expo%2fxcpretty set size:undefined disposed:false
1530 silly fetch manifest @expo/schema-utils@^56.0.0
1531 silly packumentCache full:https://registry.npmjs.org/@expo%2fschema-utils cache-miss
1532 http fetch GET 200 https://registry.npmjs.org/bplist-creator 108ms (cache miss)
1533 silly packumentCache full:https://registry.npmjs.org/bplist-creator set size:undefined disposed:false
1534 silly fetch manifest structured-headers@^0.4.1
1535 silly packumentCache full:https://registry.npmjs.org/structured-headers cache-miss
1536 http fetch GET 200 https://registry.npmjs.org/fetch-nodeshim 117ms (cache miss)
1537 silly packumentCache full:https://registry.npmjs.org/fetch-nodeshim set size:undefined disposed:false
1538 silly fetch manifest @expo/require-utils@^56.1.2
1539 silly packumentCache full:https://registry.npmjs.org/@expo%2frequire-utils cache-miss
1540 http fetch GET 200 https://registry.npmjs.org/dnssd-advertise 125ms (cache miss)
1541 silly packumentCache full:https://registry.npmjs.org/dnssd-advertise set size:undefined disposed:false
1542 silly fetch manifest @expo/router-server@^56.0.11
1543 silly packumentCache full:https://registry.npmjs.org/@expo%2frouter-server cache-miss
1544 http fetch GET 200 https://registry.npmjs.org/npm-package-arg 141ms (cache miss)
1545 silly packumentCache full:https://registry.npmjs.org/npm-package-arg set size:undefined disposed:false
1546 silly fetch manifest @expo/inline-modules@^0.0.9
1547 silly packumentCache full:https://registry.npmjs.org/@expo%2finline-modules cache-miss
1548 http fetch GET 200 https://registry.npmjs.org/@expo%2fws-tunnel 149ms (cache miss)
1549 silly packumentCache full:https://registry.npmjs.org/@expo%2fws-tunnel set size:undefined disposed:false
1550 silly fetch manifest @expo/metro-file-map@^56.0.3
1551 silly packumentCache full:https://registry.npmjs.org/@expo%2fmetro-file-map cache-miss
1552 http fetch GET 200 https://registry.npmjs.org/@expo%2fspawn-async 139ms (cache miss)
1553 silly packumentCache full:https://registry.npmjs.org/@expo%2fspawn-async set size:undefined disposed:false
1554 silly fetch manifest @expo/package-manager@^1.12.0
1555 silly packumentCache full:https://registry.npmjs.org/@expo%2fpackage-manager cache-miss
1556 http fetch GET 200 https://registry.npmjs.org/@expo%2fosascript 171ms (cache miss)
1557 silly packumentCache full:https://registry.npmjs.org/@expo%2fosascript set size:undefined disposed:false
1558 silly fetch manifest @expo/prebuild-config@^56.0.12
1559 silly packumentCache full:https://registry.npmjs.org/@expo%2fprebuild-config cache-miss
1560 http fetch GET 200 https://registry.npmjs.org/structured-headers 112ms (cache miss)
1561 silly packumentCache full:https://registry.npmjs.org/structured-headers set size:undefined disposed:false
1562 silly fetch manifest @react-native/dev-middleware@0.85.3
1563 silly packumentCache full:https://registry.npmjs.org/@react-native%2fdev-middleware cache-miss
1564 http fetch GET 200 https://registry.npmjs.org/@expo%2fschema-utils 148ms (cache miss)
1565 silly packumentCache full:https://registry.npmjs.org/@expo%2fschema-utils set size:undefined disposed:false
1566 silly fetch manifest @expo/code-signing-certificates@^0.0.6
1567 silly packumentCache full:https://registry.npmjs.org/@expo%2fcode-signing-certificates cache-miss
1568 http fetch GET 200 https://registry.npmjs.org/@expo%2frequire-utils 140ms (cache miss)
1569 silly packumentCache full:https://registry.npmjs.org/@expo%2frequire-utils set size:undefined disposed:false
1570 silly fetch manifest deepmerge@^4.3.1
1571 silly packumentCache full:https://registry.npmjs.org/deepmerge cache-miss
1572 http fetch GET 200 https://registry.npmjs.org/@expo%2frouter-server 156ms (cache miss)
1573 silly packumentCache full:https://registry.npmjs.org/@expo%2frouter-server set size:undefined disposed:false
1574 silly fetch manifest @expo/json-file@^10.2.0
1575 silly packumentCache full:https://registry.npmjs.org/@expo%2fjson-file cache-miss
1576 http fetch GET 200 https://registry.npmjs.org/@expo%2fmetro-file-map 157ms (cache miss)
1577 silly packumentCache full:https://registry.npmjs.org/@expo%2fmetro-file-map set size:undefined disposed:false
1578 silly fetch manifest @expo/config-types@^56.0.5
1579 silly packumentCache full:https://registry.npmjs.org/@expo%2fconfig-types cache-miss
1580 http fetch GET 200 https://registry.npmjs.org/@expo%2fjson-file 315ms (cache miss)
1581 silly packumentCache full:https://registry.npmjs.org/@expo%2fjson-file set size:undefined disposed:false
1582 silly fetch manifest resolve-workspace-root@^2.0.0
1583 silly packumentCache full:https://registry.npmjs.org/resolve-workspace-root cache-miss
1584 http fetch GET 200 https://registry.npmjs.org/@expo%2finline-modules 176ms (cache miss)
1585 silly packumentCache full:https://registry.npmjs.org/@expo%2finline-modules set size:undefined disposed:false
1586 silly fetch manifest chalk@^4.1.2
1587 silly packumentCache full:https://registry.npmjs.org/chalk cache-miss
1588 http cache https://registry.npmjs.org/chalk 1ms (cache hit)
1589 silly packumentCache full:https://registry.npmjs.org/chalk set size:117861 disposed:false
1590 silly fetch manifest xcode@^3.0.1
1591 silly packumentCache full:https://registry.npmjs.org/xcode cache-miss
1592 http fetch GET 200 https://registry.npmjs.org/@expo%2fpackage-manager 182ms (cache miss)
1593 silly packumentCache full:https://registry.npmjs.org/@expo%2fpackage-manager set size:undefined disposed:false
1594 silly fetch manifest semver@^7.5.4
1595 silly packumentCache full:https://registry.npmjs.org/semver cache-hit
1596 silly fetch manifest xml2js@0.6.0
1597 silly packumentCache full:https://registry.npmjs.org/xml2js cache-miss
1598 http fetch GET 200 https://registry.npmjs.org/@expo%2fprebuild-config 190ms (cache miss)
1599 silly packumentCache full:https://registry.npmjs.org/@expo%2fprebuild-config set size:undefined disposed:false
1600 silly fetch manifest slugify@^1.6.6
1601 silly packumentCache full:https://registry.npmjs.org/slugify cache-miss
1602 http cache https://registry.npmjs.org/slugify 2ms (cache hit)
1603 silly packumentCache full:https://registry.npmjs.org/slugify set size:103522 disposed:false
1604 silly fetch manifest @expo/json-file@~10.2.0
1605 silly packumentCache full:https://registry.npmjs.org/@expo%2fjson-file cache-miss
1606 http fetch GET 200 https://registry.npmjs.org/@expo%2fcode-signing-certificates 165ms (cache miss)
1607 silly packumentCache full:https://registry.npmjs.org/@expo%2fcode-signing-certificates set size:undefined disposed:false
1608 silly fetch manifest @expo/config-types@^56.0.5
1609 silly packumentCache full:https://registry.npmjs.org/@expo%2fconfig-types cache-miss
1610 http cache https://registry.npmjs.org/@expo%2fjson-file 2ms (cache hit)
1611 silly packumentCache full:https://registry.npmjs.org/@expo%2fjson-file set size:749561 disposed:false
1612 silly fetch manifest @expo/sdk-runtime-versions@^1.0.0
1613 silly packumentCache full:https://registry.npmjs.org/@expo%2fsdk-runtime-versions cache-miss
1614 http fetch GET 200 https://registry.npmjs.org/deepmerge 140ms (cache miss)
1615 silly packumentCache full:https://registry.npmjs.org/deepmerge set size:undefined disposed:false
1616 silly fetch manifest ignore@^5.3.1
1617 silly packumentCache full:https://registry.npmjs.org/ignore cache-miss
1618 http fetch GET 200 https://registry.npmjs.org/@react-native%2fdev-middleware 205ms (cache miss)
1619 silly packumentCache full:https://registry.npmjs.org/@react-native%2fdev-middleware set size:undefined disposed:false
1620 silly fetch manifest @expo/env@^2.3.0
1621 silly packumentCache full:https://registry.npmjs.org/@expo%2fenv cache-miss
1622 http cache https://registry.npmjs.org/@expo%2fenv 1ms (cache hit)
1623 silly packumentCache full:https://registry.npmjs.org/@expo%2fenv set size:557605 disposed:false
1624 silly fetch manifest minimatch@^10.2.2
1625 silly packumentCache full:https://registry.npmjs.org/minimatch cache-miss
1626 http fetch GET 200 https://registry.npmjs.org/resolve-workspace-root 126ms (cache miss)
1627 silly packumentCache full:https://registry.npmjs.org/resolve-workspace-root set size:undefined disposed:false
1628 silly fetch manifest metro-file-map@0.84.4
1629 silly packumentCache full:https://registry.npmjs.org/metro-file-map cache-miss
1630 http fetch GET 200 https://registry.npmjs.org/@expo%2fjson-file 166ms (cache miss)
1631 silly packumentCache full:https://registry.npmjs.org/@expo%2fjson-file set size:undefined disposed:false
1632 silly packumentCache full:https://registry.npmjs.org/@expo%2fjson-file dispose
1633 silly fetch manifest metro-resolver@0.84.4
1634 silly packumentCache full:https://registry.npmjs.org/metro-resolver cache-miss
1635 http fetch GET 200 https://registry.npmjs.org/@expo%2fconfig-types 167ms (cache miss)
1636 silly packumentCache full:https://registry.npmjs.org/@expo%2fconfig-types set size:undefined disposed:false
1637 silly fetch manifest metro-cache-key@0.84.4
1638 silly packumentCache full:https://registry.npmjs.org/metro-cache-key cache-miss
1639 http fetch GET 200 https://registry.npmjs.org/xml2js 131ms (cache miss)
1640 silly packumentCache full:https://registry.npmjs.org/xml2js set size:undefined disposed:false
1641 silly fetch manifest metro-source-map@0.84.4
1642 silly packumentCache full:https://registry.npmjs.org/metro-source-map cache-miss
1643 http cache https://registry.npmjs.org/metro-source-map 4ms (cache hit)
1644 silly packumentCache full:https://registry.npmjs.org/metro-source-map set size:424782 disposed:false
1645 silly fetch manifest metro-symbolicate@0.84.4
1646 silly packumentCache full:https://registry.npmjs.org/metro-symbolicate cache-miss
1647 http fetch GET 200 https://registry.npmjs.org/@expo%2fsdk-runtime-versions 157ms (cache miss)
1648 silly packumentCache full:https://registry.npmjs.org/@expo%2fsdk-runtime-versions set size:undefined disposed:false
1649 silly fetch manifest metro-minify-terser@0.84.4
1650 silly packumentCache full:https://registry.npmjs.org/metro-minify-terser cache-miss
1651 http fetch GET 200 https://registry.npmjs.org/ignore 146ms (cache miss)
1652 silly packumentCache full:https://registry.npmjs.org/ignore set size:undefined disposed:false
1653 silly fetch manifest metro-transform-worker@0.84.4
1654 silly packumentCache full:https://registry.npmjs.org/metro-transform-worker cache-miss
1655 http fetch GET 200 https://registry.npmjs.org/@expo%2fconfig-types 179ms (cache miss)
1656 silly packumentCache full:https://registry.npmjs.org/@expo%2fconfig-types set size:undefined disposed:false
1657 silly fetch manifest metro-babel-transformer@0.84.4
1658 silly packumentCache full:https://registry.npmjs.org/metro-babel-transformer cache-miss
1659 http fetch GET 200 https://registry.npmjs.org/minimatch 146ms (cache miss)
1660 silly packumentCache full:https://registry.npmjs.org/minimatch set size:undefined disposed:false
1661 silly fetch manifest metro-transform-plugins@0.84.4
1662 silly packumentCache full:https://registry.npmjs.org/metro-transform-plugins cache-miss
1663 http fetch GET 200 https://registry.npmjs.org/metro-file-map 144ms (cache miss)
1664 silly packumentCache full:https://registry.npmjs.org/metro-file-map set size:undefined disposed:false
1665 silly fetch manifest chalk@^4.1.0
1666 silly packumentCache full:https://registry.npmjs.org/chalk cache-hit
1667 silly fetch manifest postcss@^8.5.14
1668 silly packumentCache full:https://registry.npmjs.org/postcss cache-miss
1669 http fetch GET 200 https://registry.npmjs.org/metro-resolver 148ms (cache miss)
1670 silly packumentCache full:https://registry.npmjs.org/metro-resolver set size:undefined disposed:false
1671 silly fetch manifest msgpackr@^2.0.1
1672 silly packumentCache full:https://registry.npmjs.org/msgpackr cache-miss
1673 http fetch GET 200 https://registry.npmjs.org/metro-cache-key 139ms (cache miss)
1674 silly packumentCache full:https://registry.npmjs.org/metro-cache-key set size:undefined disposed:false
1675 silly fetch manifest jsc-safe-url@^0.2.4
1676 silly packumentCache full:https://registry.npmjs.org/jsc-safe-url cache-miss
1677 http fetch GET 200 https://registry.npmjs.org/metro-symbolicate 155ms (cache miss)
1678 silly packumentCache full:https://registry.npmjs.org/metro-symbolicate set size:undefined disposed:false
1679 silly fetch manifest lightningcss@^1.30.1
1680 silly packumentCache full:https://registry.npmjs.org/lightningcss cache-miss
1681 http fetch GET 200 https://registry.npmjs.org/xcode 314ms (cache miss)
1682 silly packumentCache full:https://registry.npmjs.org/xcode set size:undefined disposed:false
1683 silly fetch manifest @babel/preset-typescript@^7.23.0
1684 silly packumentCache full:https://registry.npmjs.org/@babel%2fpreset-typescript cache-miss
1685 http cache https://registry.npmjs.org/@babel%2fpreset-typescript 7ms (cache hit)
1686 silly packumentCache full:https://registry.npmjs.org/@babel%2fpreset-typescript set size:261890 disposed:false
1687 silly fetch manifest babel-plugin-react-compiler@^1.0.0
1688 silly packumentCache full:https://registry.npmjs.org/babel-plugin-react-compiler cache-miss
1689 http fetch GET 200 https://registry.npmjs.org/metro-transform-plugins 123ms (cache miss)
1690 silly packumentCache full:https://registry.npmjs.org/metro-transform-plugins set size:undefined disposed:false
1691 silly fetch manifest babel-plugin-react-native-web@~0.21.0
1692 silly packumentCache full:https://registry.npmjs.org/babel-plugin-react-native-web cache-miss
1693 http fetch GET 200 https://registry.npmjs.org/metro-transform-worker 161ms (cache miss)
1694 silly packumentCache full:https://registry.npmjs.org/metro-transform-worker set size:undefined disposed:false
1695 silly fetch manifest @babel/plugin-proposal-decorators@^7.12.9
1696 silly packumentCache full:https://registry.npmjs.org/@babel%2fplugin-proposal-decorators cache-miss
1697 http fetch GET 200 https://registry.npmjs.org/metro-minify-terser 165ms (cache miss)
1698 silly packumentCache full:https://registry.npmjs.org/metro-minify-terser set size:undefined disposed:false
1699 silly fetch manifest @babel/plugin-transform-parameters@^7.24.7
1700 silly packumentCache full:https://registry.npmjs.org/@babel%2fplugin-transform-parameters cache-miss
1701 http fetch GET 200 https://registry.npmjs.org/metro-babel-transformer 149ms (cache miss)
1702 silly packumentCache full:https://registry.npmjs.org/metro-babel-transformer set size:undefined disposed:false
1703 silly fetch manifest @babel/plugin-transform-class-static-block@^7.27.1
1704 silly packumentCache full:https://registry.npmjs.org/@babel%2fplugin-transform-class-static-block cache-miss
1705 http fetch GET 200 https://registry.npmjs.org/jsc-safe-url 119ms (cache miss)
1706 silly packumentCache full:https://registry.npmjs.org/jsc-safe-url set size:undefined disposed:false
1707 silly fetch manifest @babel/plugin-transform-object-rest-spread@^7.24.7
1708 silly packumentCache full:https://registry.npmjs.org/@babel%2fplugin-transform-object-rest-spread cache-miss
1709 http fetch GET 200 https://registry.npmjs.org/postcss 172ms (cache miss)
1710 silly packumentCache full:https://registry.npmjs.org/postcss set size:undefined disposed:false
1711 silly fetch manifest @babel/plugin-transform-export-namespace-from@^7.25.9
1712 silly packumentCache full:https://registry.npmjs.org/@babel%2fplugin-transform-export-namespace-from cache-miss
1713 http fetch GET 200 https://registry.npmjs.org/msgpackr 155ms (cache miss)
1714 silly packumentCache full:https://registry.npmjs.org/msgpackr set size:undefined disposed:false
1715 silly fetch manifest @babel/plugin-transform-react-jsx-development@^7.27.1
1716 silly packumentCache full:https://registry.npmjs.org/@babel%2fplugin-transform-react-jsx-development cache-miss
1717 http fetch GET 200 https://registry.npmjs.org/lightningcss 118ms (cache miss)
1718 silly packumentCache full:https://registry.npmjs.org/lightningcss set size:undefined disposed:false
1719 silly fetch manifest @babel/plugin-transform-react-pure-annotations@^7.27.1
1720 silly packumentCache full:https://registry.npmjs.org/@babel%2fplugin-transform-react-pure-annotations cache-miss
1721 http fetch GET 200 https://registry.npmjs.org/babel-plugin-react-native-web 146ms (cache miss)
1722 silly packumentCache full:https://registry.npmjs.org/babel-plugin-react-native-web set size:undefined disposed:false
1723 silly fetch manifest @babel/plugin-transform-logical-assignment-operators@^7.24.7
1724 silly packumentCache full:https://registry.npmjs.org/@babel%2fplugin-transform-logical-assignment-operators cache-miss
1725 http fetch GET 200 https://registry.npmjs.org/babel-plugin-react-compiler 167ms (cache miss)
1726 silly packumentCache full:https://registry.npmjs.org/babel-plugin-react-compiler set size:undefined disposed:false
1727 silly fetch manifest fontfaceobserver@^2.1.0
1728 silly packumentCache full:https://registry.npmjs.org/fontfaceobserver cache-miss
1729 http fetch GET 200 https://registry.npmjs.org/@babel%2fplugin-transform-class-static-block 143ms (cache miss)
1730 silly packumentCache full:https://registry.npmjs.org/@babel%2fplugin-transform-class-static-block set size:undefined disposed:false
1731 silly fetch manifest commander@^7.2.0
1732 silly packumentCache full:https://registry.npmjs.org/commander cache-miss
1733 http cache https://registry.npmjs.org/commander 1ms (cache hit)
1734 silly packumentCache full:https://registry.npmjs.org/commander set size:306288 disposed:false
1735 silly fetch manifest expo-modules-jsi@~56.0.7
1736 silly packumentCache full:https://registry.npmjs.org/expo-modules-jsi cache-miss
1737 http fetch GET 200 https://registry.npmjs.org/@babel%2fplugin-transform-parameters 156ms (cache miss)
1738 silly packumentCache full:https://registry.npmjs.org/@babel%2fplugin-transform-parameters set size:undefined disposed:false
1739 silly fetch manifest @expo/expo-modules-macros-plugin@~0.0.9
1740 silly packumentCache full:https://registry.npmjs.org/@expo%2fexpo-modules-macros-plugin cache-miss
1741 http fetch GET 200 https://registry.npmjs.org/@babel%2fplugin-proposal-decorators 158ms (cache miss)
1742 silly packumentCache full:https://registry.npmjs.org/@babel%2fplugin-proposal-decorators set size:undefined disposed:false
1743 silly fetch manifest react-is@^18.0.0
1744 silly packumentCache full:https://registry.npmjs.org/react-is cache-miss
1745 http cache https://registry.npmjs.org/react-is 5ms (cache hit)
1746 silly packumentCache full:https://registry.npmjs.org/react-is set size:5380884 disposed:false
1747 silly fetch manifest ansi-styles@^5.0.0
1748 silly packumentCache full:https://registry.npmjs.org/ansi-styles cache-miss
1749 http fetch GET 200 https://registry.npmjs.org/@babel%2fplugin-transform-object-rest-spread 157ms (cache miss)
1750 silly packumentCache full:https://registry.npmjs.org/@babel%2fplugin-transform-object-rest-spread set size:undefined disposed:false
1751 silly fetch manifest @jest/schemas@^29.6.3
1752 silly packumentCache full:https://registry.npmjs.org/@jest%2fschemas cache-miss
1753 http fetch GET 200 https://registry.npmjs.org/@babel%2fplugin-transform-export-namespace-from 146ms (cache miss)
1754 silly packumentCache full:https://registry.npmjs.org/@babel%2fplugin-transform-export-namespace-from set size:undefined disposed:false
1755 http fetch GET 200 https://registry.npmjs.org/@babel%2fplugin-transform-react-pure-annotations 142ms (cache miss)
1756 silly packumentCache full:https://registry.npmjs.org/@babel%2fplugin-transform-react-pure-annotations set size:undefined disposed:false
1757 http fetch GET 200 https://registry.npmjs.org/@babel%2fplugin-transform-react-jsx-development 144ms (cache miss)
1758 silly packumentCache full:https://registry.npmjs.org/@babel%2fplugin-transform-react-jsx-development set size:undefined disposed:false
1759 http fetch GET 200 https://registry.npmjs.org/@babel%2fplugin-transform-logical-assignment-operators 128ms (cache miss)
1760 silly packumentCache full:https://registry.npmjs.org/@babel%2fplugin-transform-logical-assignment-operators set size:undefined disposed:false
1761 http fetch GET 200 https://registry.npmjs.org/expo-modules-jsi 115ms (cache miss)
1762 silly packumentCache full:https://registry.npmjs.org/expo-modules-jsi set size:undefined disposed:false
1763 http fetch GET 200 https://registry.npmjs.org/fontfaceobserver 129ms (cache miss)
1764 silly packumentCache full:https://registry.npmjs.org/fontfaceobserver set size:undefined disposed:false
1765 http fetch GET 200 https://registry.npmjs.org/ansi-styles 121ms (cache miss)
1766 silly packumentCache full:https://registry.npmjs.org/ansi-styles set size:undefined disposed:false
1767 http fetch GET 200 https://registry.npmjs.org/@expo%2fexpo-modules-macros-plugin 144ms (cache miss)
1768 silly packumentCache full:https://registry.npmjs.org/@expo%2fexpo-modules-macros-plugin set size:undefined disposed:false
1769 http fetch GET 200 https://registry.npmjs.org/@jest%2fschemas 135ms (cache miss)
1770 silly packumentCache full:https://registry.npmjs.org/@jest%2fschemas set size:undefined disposed:false
1771 silly fetch manifest typescript@^5.0.0 || ^5.0.0-0 || ^6.0.0
1772 silly packumentCache full:https://registry.npmjs.org/typescript cache-miss
1773 http cache https://registry.npmjs.org/typescript 12ms (cache hit)
1774 silly packumentCache full:https://registry.npmjs.org/typescript set size:15409943 disposed:false
1775 silly placeDep ROOT @expo/config-types@56.0.5 OK for: @expo/config@56.0.8 want: ^56.0.5
1776 silly placeDep ROOT @expo/json-file@10.2.0 OK for: @expo/config@56.0.8 want: ^10.2.0
1777 silly placeDep ROOT @expo/require-utils@56.1.2 OK for: @expo/config@56.0.8 want: ^56.1.2
1778 silly placeDep ROOT deepmerge@4.3.1 OK for: @expo/config@56.0.8 want: ^4.3.1
1779 silly placeDep ROOT getenv@2.0.0 OK for: @expo/config@56.0.8 want: ^2.0.0
1780 silly placeDep ROOT glob@13.0.6 OK for: @expo/config@56.0.8 want: ^13.0.0
1781 silly placeDep ROOT resolve-workspace-root@2.0.1 OK for: @expo/config@56.0.8 want: ^2.0.0
1782 silly placeDep node_modules/@expo/config semver@7.8.1 OK for: @expo/config@56.0.8 want: ^7.6.0
1783 silly placeDep ROOT slugify@1.6.9 OK for: @expo/config@56.0.8 want: ^1.3.4
1784 silly fetch manifest minipass@^7.1.3
1785 silly packumentCache full:https://registry.npmjs.org/minipass cache-miss
1786 silly fetch manifest path-scurry@^2.0.2
1787 silly packumentCache full:https://registry.npmjs.org/path-scurry cache-miss
1788 http fetch GET 200 https://registry.npmjs.org/path-scurry 147ms (cache miss)
1789 silly packumentCache full:https://registry.npmjs.org/path-scurry set size:undefined disposed:false
1790 http fetch GET 200 https://registry.npmjs.org/minipass 149ms (cache miss)
1791 silly packumentCache full:https://registry.npmjs.org/minipass set size:undefined disposed:false
1792 silly placeDep ROOT @expo/plist@0.7.0 OK for: @expo/config-plugins@56.0.7 want: ^0.7.0
1793 silly placeDep ROOT @expo/sdk-runtime-versions@1.0.0 OK for: @expo/config-plugins@56.0.7 want: ^1.0.0
1794 silly placeDep ROOT chalk@4.1.2 OK for: @expo/config-plugins@56.0.7 want: ^4.1.2
1795 silly placeDep node_modules/@expo/config-plugins semver@7.8.1 OK for: @expo/config-plugins@56.0.7 want: ^7.5.4
1796 silly placeDep ROOT xcode@3.0.1 OK for: @expo/config-plugins@56.0.7 want: ^3.0.1
1797 silly placeDep ROOT xml2js@0.6.0 OK for: @expo/config-plugins@56.0.7 want: 0.6.0
1798 silly fetch manifest xmlbuilder@^15.1.1
1799 silly packumentCache full:https://registry.npmjs.org/xmlbuilder cache-miss
1800 silly fetch manifest @xmldom/xmldom@^0.8.8
1801 silly packumentCache full:https://registry.npmjs.org/@xmldom%2fxmldom cache-miss
1802 silly fetch manifest ansi-styles@^4.1.0
1803 silly packumentCache full:https://registry.npmjs.org/ansi-styles cache-miss
1804 silly fetch manifest supports-color@^7.1.0
1805 silly packumentCache full:https://registry.npmjs.org/supports-color cache-miss
1806 silly fetch manifest uuid@^7.0.3
1807 silly packumentCache full:https://registry.npmjs.org/uuid cache-miss
1808 silly fetch manifest simple-plist@^1.1.0
1809 silly packumentCache full:https://registry.npmjs.org/simple-plist cache-miss
1810 silly fetch manifest sax@>=0.6.0
1811 silly packumentCache full:https://registry.npmjs.org/sax cache-miss
1812 silly fetch manifest xmlbuilder@~11.0.0
1813 silly packumentCache full:https://registry.npmjs.org/xmlbuilder cache-miss
1814 http cache https://registry.npmjs.org/ansi-styles 5ms (cache hit)
1815 silly packumentCache full:https://registry.npmjs.org/ansi-styles set size:63233 disposed:false
1816 http cache https://registry.npmjs.org/uuid 6ms (cache hit)
1817 silly packumentCache full:https://registry.npmjs.org/uuid set size:234700 disposed:false
1818 http fetch GET 200 https://registry.npmjs.org/xmlbuilder 126ms (cache miss)
1819 silly packumentCache full:https://registry.npmjs.org/xmlbuilder set size:undefined disposed:false
1820 http fetch GET 200 https://registry.npmjs.org/sax 128ms (cache miss)
1821 silly packumentCache full:https://registry.npmjs.org/sax set size:undefined disposed:false
1822 http fetch GET 200 https://registry.npmjs.org/supports-color 141ms (cache miss)
1823 silly packumentCache full:https://registry.npmjs.org/supports-color set size:undefined disposed:false
1824 http fetch GET 200 https://registry.npmjs.org/simple-plist 142ms (cache miss)
1825 silly packumentCache full:https://registry.npmjs.org/simple-plist set size:undefined disposed:false
1826 http fetch GET 200 https://registry.npmjs.org/xmlbuilder 144ms (cache miss)
1827 silly packumentCache full:https://registry.npmjs.org/xmlbuilder set size:undefined disposed:false
1828 http fetch GET 200 https://registry.npmjs.org/@xmldom%2fxmldom 146ms (cache miss)
1829 silly packumentCache full:https://registry.npmjs.org/@xmldom%2fxmldom set size:undefined disposed:false
1830 silly placeDep ROOT @expo/env@2.3.0 OK for: @expo/fingerprint@0.19.1 want: ^2.3.0
1831 silly placeDep ROOT @expo/spawn-async@1.8.0 OK for: @expo/fingerprint@0.19.1 want: ^1.8.0
1832 silly placeDep ROOT arg@5.0.2 OK for: @expo/fingerprint@0.19.1 want: ^5.0.2
1833 silly placeDep ROOT ignore@5.3.2 OK for: @expo/fingerprint@0.19.1 want: ^5.3.1
1834 silly placeDep ROOT minimatch@10.2.5 OK for: @expo/fingerprint@0.19.1 want: ^10.2.2
1835 silly placeDep ROOT resolve-from@5.0.0 OK for: @expo/fingerprint@0.19.1 want: ^5.0.0
1836 silly placeDep node_modules/@expo/fingerprint semver@7.8.1 OK for: @expo/fingerprint@0.19.1 want: ^7.6.0
1837 silly fetch manifest cross-spawn@^7.0.6
1838 silly packumentCache full:https://registry.npmjs.org/cross-spawn cache-miss
1839 silly fetch manifest brace-expansion@^5.0.5
1840 silly packumentCache full:https://registry.npmjs.org/brace-expansion cache-miss
1841 http fetch GET 200 https://registry.npmjs.org/cross-spawn 125ms (cache miss)
1842 silly packumentCache full:https://registry.npmjs.org/cross-spawn set size:undefined disposed:false
1843 http fetch GET 200 https://registry.npmjs.org/brace-expansion 134ms (cache miss)
1844 silly packumentCache full:https://registry.npmjs.org/brace-expansion set size:undefined disposed:false
1845 silly placeDep ROOT metro@0.84.4 OK for: @expo/metro@56.0.0 want: 0.84.4
1846 silly placeDep ROOT metro-babel-transformer@0.84.4 OK for: @expo/metro@56.0.0 want: 0.84.4
1847 silly placeDep ROOT metro-cache@0.84.4 OK for: @expo/metro@56.0.0 want: 0.84.4
1848 silly placeDep ROOT metro-cache-key@0.84.4 OK for: @expo/metro@56.0.0 want: 0.84.4
1849 silly placeDep ROOT metro-core@0.84.4 OK for: @expo/metro@56.0.0 want: 0.84.4
1850 silly placeDep ROOT metro-file-map@0.84.4 OK for: @expo/metro@56.0.0 want: 0.84.4
1851 silly placeDep ROOT metro-minify-terser@0.84.4 OK for: @expo/metro@56.0.0 want: 0.84.4
1852 silly placeDep ROOT metro-resolver@0.84.4 OK for: @expo/metro@56.0.0 want: 0.84.4
1853 silly placeDep ROOT metro-source-map@0.84.4 OK for: @expo/metro@56.0.0 want: 0.84.4
1854 silly placeDep ROOT metro-symbolicate@0.84.4 OK for: @expo/metro@56.0.0 want: 0.84.4
1855 silly placeDep ROOT metro-transform-plugins@0.84.4 OK for: @expo/metro@56.0.0 want: 0.84.4
1856 silly placeDep ROOT metro-transform-worker@0.84.4 OK for: @expo/metro@56.0.0 want: 0.84.4
1857 silly fetch manifest accepts@^2.0.0
1858 silly packumentCache full:https://registry.npmjs.org/accepts cache-miss
1859 silly fetch manifest ci-info@^2.0.0
1860 silly packumentCache full:https://registry.npmjs.org/ci-info cache-miss
1861 silly fetch manifest error-stack-parser@^2.0.6
1862 silly packumentCache full:https://registry.npmjs.org/error-stack-parser cache-miss
1863 silly fetch manifest graceful-fs@^4.2.4
1864 silly packumentCache full:https://registry.npmjs.org/graceful-fs cache-miss
1865 silly fetch manifest hermes-parser@0.35.0
1866 silly packumentCache full:https://registry.npmjs.org/hermes-parser cache-miss
1867 silly fetch manifest image-size@^1.0.2
1868 silly packumentCache full:https://registry.npmjs.org/image-size cache-miss
1869 silly fetch manifest jest-worker@^29.7.0
1870 silly packumentCache full:https://registry.npmjs.org/jest-worker cache-miss
1871 silly fetch manifest jsc-safe-url@^0.2.2
1872 silly packumentCache full:https://registry.npmjs.org/jsc-safe-url cache-miss
1873 silly fetch manifest lodash.throttle@^4.1.1
1874 silly packumentCache full:https://registry.npmjs.org/lodash.throttle cache-miss
1875 http cache https://registry.npmjs.org/accepts 5ms (cache hit)
1876 silly packumentCache full:https://registry.npmjs.org/accepts set size:77054 disposed:false
1877 silly fetch manifest mime-types@^3.0.1
1878 silly packumentCache full:https://registry.npmjs.org/mime-types cache-miss
1879 http cache https://registry.npmjs.org/jsc-safe-url 6ms (cache hit)
1880 silly packumentCache full:https://registry.npmjs.org/jsc-safe-url set size:13143 disposed:false
1881 silly fetch manifest serialize-error@^2.1.0
1882 silly packumentCache full:https://registry.npmjs.org/serialize-error cache-miss
1883 http cache https://registry.npmjs.org/ci-info 6ms (cache hit)
1884 silly packumentCache full:https://registry.npmjs.org/ci-info set size:91363 disposed:false
1885 silly fetch manifest source-map@^0.5.6
1886 silly packumentCache full:https://registry.npmjs.org/source-map cache-miss
1887 http cache https://registry.npmjs.org/hermes-parser 7ms (cache hit)
1888 silly packumentCache full:https://registry.npmjs.org/hermes-parser set size:170002 disposed:false
1889 silly fetch manifest throat@^5.0.0
1890 silly packumentCache full:https://registry.npmjs.org/throat cache-miss
1891 http fetch GET 200 https://registry.npmjs.org/lodash.throttle 141ms (cache miss)
1892 silly packumentCache full:https://registry.npmjs.org/lodash.throttle set size:undefined disposed:false
1893 silly fetch manifest exponential-backoff@^3.1.1
1894 silly packumentCache full:https://registry.npmjs.org/exponential-backoff cache-miss
1895 http fetch GET 200 https://registry.npmjs.org/error-stack-parser 149ms (cache miss)
1896 silly packumentCache full:https://registry.npmjs.org/error-stack-parser set size:undefined disposed:false
1897 silly fetch manifest https-proxy-agent@^7.0.5
1898 silly packumentCache full:https://registry.npmjs.org/https-proxy-agent cache-miss
1899 http fetch GET 200 https://registry.npmjs.org/mime-types 148ms (cache miss)
1900 silly packumentCache full:https://registry.npmjs.org/mime-types set size:undefined disposed:false
1901 silly fetch manifest fb-watchman@^2.0.0
1902 silly packumentCache full:https://registry.npmjs.org/fb-watchman cache-miss
1903 http fetch GET 200 https://registry.npmjs.org/serialize-error 150ms (cache miss)
1904 silly packumentCache full:https://registry.npmjs.org/serialize-error set size:undefined disposed:false
1905 silly fetch manifest graceful-fs@^4.2.4
1906 silly packumentCache full:https://registry.npmjs.org/graceful-fs cache-miss
1907 http fetch GET 200 https://registry.npmjs.org/source-map 152ms (cache miss)
1908 silly packumentCache full:https://registry.npmjs.org/source-map set size:undefined disposed:false
1909 silly fetch manifest jest-worker@^29.7.0
1910 silly packumentCache full:https://registry.npmjs.org/jest-worker cache-miss
1911 http fetch GET 200 https://registry.npmjs.org/graceful-fs 161ms (cache miss)
1912 silly packumentCache full:https://registry.npmjs.org/graceful-fs set size:undefined disposed:false
1913 silly fetch manifest micromatch@^4.0.4
1914 silly packumentCache full:https://registry.npmjs.org/micromatch cache-miss
1915 http fetch GET 200 https://registry.npmjs.org/image-size 163ms (cache miss)
1916 silly packumentCache full:https://registry.npmjs.org/image-size set size:undefined disposed:false
1917 silly fetch manifest walker@^1.0.7
1918 silly packumentCache full:https://registry.npmjs.org/walker cache-miss
1919 http fetch GET 200 https://registry.npmjs.org/throat 157ms (cache miss)
1920 silly packumentCache full:https://registry.npmjs.org/throat set size:undefined disposed:false
1921 silly fetch manifest terser@^5.15.0
1922 silly packumentCache full:https://registry.npmjs.org/terser cache-miss
1923 http fetch GET 200 https://registry.npmjs.org/jest-worker 168ms (cache miss)
1924 silly packumentCache full:https://registry.npmjs.org/jest-worker set size:undefined disposed:false
1925 silly fetch manifest ob1@0.84.4
1926 silly packumentCache full:https://registry.npmjs.org/ob1 cache-miss
1927 http fetch GET 200 https://registry.npmjs.org/fb-watchman 127ms (cache miss)
1928 silly packumentCache full:https://registry.npmjs.org/fb-watchman set size:undefined disposed:false
1929 silly fetch manifest vlq@^1.0.0
1930 silly packumentCache full:https://registry.npmjs.org/vlq cache-miss
1931 http fetch GET 200 https://registry.npmjs.org/walker 119ms (cache miss)
1932 silly packumentCache full:https://registry.npmjs.org/walker set size:undefined disposed:false
1933 silly fetch manifest vlq@^1.0.0
1934 silly packumentCache full:https://registry.npmjs.org/vlq cache-miss
1935 http fetch GET 200 https://registry.npmjs.org/graceful-fs 132ms (cache miss)
1936 silly packumentCache full:https://registry.npmjs.org/graceful-fs set size:undefined disposed:false
1937 http fetch GET 200 https://registry.npmjs.org/https-proxy-agent 137ms (cache miss)
1938 silly packumentCache full:https://registry.npmjs.org/https-proxy-agent set size:undefined disposed:false
1939 http fetch GET 200 https://registry.npmjs.org/exponential-backoff 150ms (cache miss)
1940 silly packumentCache full:https://registry.npmjs.org/exponential-backoff set size:undefined disposed:false
1941 http fetch GET 200 https://registry.npmjs.org/micromatch 133ms (cache miss)
1942 silly packumentCache full:https://registry.npmjs.org/micromatch set size:undefined disposed:false
1943 http fetch GET 200 https://registry.npmjs.org/ob1 135ms (cache miss)
1944 silly packumentCache full:https://registry.npmjs.org/ob1 set size:undefined disposed:false
1945 http fetch GET 200 https://registry.npmjs.org/jest-worker 159ms (cache miss)
1946 silly packumentCache full:https://registry.npmjs.org/jest-worker set size:undefined disposed:false
1947 http fetch GET 200 https://registry.npmjs.org/terser 175ms (cache miss)
1948 silly packumentCache full:https://registry.npmjs.org/terser set size:undefined disposed:false
1949 http fetch GET 200 https://registry.npmjs.org/vlq 110ms (cache miss)
1950 silly packumentCache full:https://registry.npmjs.org/vlq set size:undefined disposed:false
1951 http fetch GET 200 https://registry.npmjs.org/vlq 119ms (cache miss)
1952 silly packumentCache full:https://registry.npmjs.org/vlq set size:undefined disposed:false
1953 silly placeDep ROOT @xmldom/xmldom@0.8.13 OK for: @expo/plist@0.7.0 want: ^0.8.8
1954 silly placeDep ROOT base64-js@1.5.1 OK for: @expo/plist@0.7.0 want: ^1.5.1
1955 silly placeDep ROOT xmlbuilder@15.1.1 OK for: @expo/plist@0.7.0 want: ^15.1.1
1956 silly placeDep ROOT cross-spawn@7.0.6 OK for: @expo/spawn-async@1.8.0 want: ^7.0.6
1957 silly fetch manifest which@^2.0.1
1958 silly packumentCache full:https://registry.npmjs.org/which cache-miss
1959 silly fetch manifest path-key@^3.1.0
1960 silly packumentCache full:https://registry.npmjs.org/path-key cache-miss
1961 silly fetch manifest shebang-command@^2.0.0
1962 silly packumentCache full:https://registry.npmjs.org/shebang-command cache-miss
1963 http fetch GET 200 https://registry.npmjs.org/shebang-command 121ms (cache miss)
1964 silly packumentCache full:https://registry.npmjs.org/shebang-command set size:undefined disposed:false
1965 http fetch GET 200 https://registry.npmjs.org/which 128ms (cache miss)
1966 silly packumentCache full:https://registry.npmjs.org/which set size:undefined disposed:false
1967 http fetch GET 200 https://registry.npmjs.org/path-key 128ms (cache miss)
1968 silly packumentCache full:https://registry.npmjs.org/path-key set size:undefined disposed:false
1969 silly placeDep ROOT ansi-styles@4.3.0 OK for: chalk@4.1.2 want: ^4.1.0
1970 silly placeDep ROOT supports-color@7.2.0 OK for: chalk@4.1.2 want: ^7.1.0
1971 silly fetch manifest has-flag@^4.0.0
1972 silly packumentCache full:https://registry.npmjs.org/has-flag cache-miss
1973 http fetch GET 200 https://registry.npmjs.org/has-flag 131ms (cache miss)
1974 silly packumentCache full:https://registry.npmjs.org/has-flag set size:undefined disposed:false
1975 silly placeDep ROOT path-key@3.1.1 OK for: cross-spawn@7.0.6 want: ^3.1.0
1976 silly placeDep ROOT shebang-command@2.0.0 OK for: cross-spawn@7.0.6 want: ^2.0.0
1977 silly placeDep ROOT which@2.0.2 OK for: cross-spawn@7.0.6 want: ^2.0.1
1978 silly fetch manifest shebang-regex@^3.0.0
1979 silly packumentCache full:https://registry.npmjs.org/shebang-regex cache-miss
1980 silly fetch manifest isexe@^2.0.0
1981 silly packumentCache full:https://registry.npmjs.org/isexe cache-miss
1982 http fetch GET 200 https://registry.npmjs.org/shebang-regex 123ms (cache miss)
1983 silly packumentCache full:https://registry.npmjs.org/shebang-regex set size:undefined disposed:false
1984 http fetch GET 200 https://registry.npmjs.org/isexe 128ms (cache miss)
1985 silly packumentCache full:https://registry.npmjs.org/isexe set size:undefined disposed:false
1986 silly placeDep ROOT commander@7.2.0 OK for: expo-modules-autolinking@56.0.11 want: ^7.2.0
1987 silly placeDep ROOT @expo/expo-modules-macros-plugin@0.0.9 OK for: expo-modules-core@56.0.12 want: ~0.0.9
1988 silly placeDep ROOT expo-modules-jsi@56.0.7 OK for: expo-modules-core@56.0.12 want: ~56.0.7
1989 silly placeDep ROOT @expo/image-utils@0.10.0 OK for: expo-notifications@56.0.12 want: ^0.10.0
1990 silly placeDep ROOT abort-controller@3.0.0 OK for: expo-notifications@56.0.12 want: ^3.0.0
1991 silly placeDep ROOT badgin@1.2.3 OK for: expo-notifications@56.0.12 want: ^1.1.5
1992 silly placeDep ROOT expo-application@56.0.3 OK for: expo-notifications@56.0.12 want: ~56.0.3
1993 silly placeDep ROOT expo-constants@56.0.14 OK for: expo-notifications@56.0.12 want: ~56.0.14
1994 silly fetch manifest parse-png@^2.1.0
1995 silly packumentCache full:https://registry.npmjs.org/parse-png cache-miss
1996 silly fetch manifest jimp-compact@0.16.1
1997 silly packumentCache full:https://registry.npmjs.org/jimp-compact cache-miss
1998 silly fetch manifest event-target-shim@^5.0.0
1999 silly packumentCache full:https://registry.npmjs.org/event-target-shim cache-miss
2000 http fetch GET 200 https://registry.npmjs.org/jimp-compact 131ms (cache miss)
2001 silly packumentCache full:https://registry.npmjs.org/jimp-compact set size:undefined disposed:false
2002 http fetch GET 200 https://registry.npmjs.org/parse-png 132ms (cache miss)
2003 silly packumentCache full:https://registry.npmjs.org/parse-png set size:undefined disposed:false
2004 http fetch GET 200 https://registry.npmjs.org/event-target-shim 134ms (cache miss)
2005 silly packumentCache full:https://registry.npmjs.org/event-target-shim set size:undefined disposed:false
2006 silly placeDep ROOT jimp-compact@0.16.1 OK for: @expo/image-utils@0.10.0 want: 0.16.1
2007 silly placeDep ROOT parse-png@2.1.0 OK for: @expo/image-utils@0.10.0 want: ^2.1.0
2008 silly placeDep node_modules/@expo/image-utils semver@7.8.1 OK for: @expo/image-utils@0.10.0 want: ^7.6.0
2009 silly fetch manifest pngjs@^3.3.0
2010 silly packumentCache full:https://registry.npmjs.org/pngjs cache-miss
2011 http fetch GET 200 https://registry.npmjs.org/pngjs 115ms (cache miss)
2012 silly packumentCache full:https://registry.npmjs.org/pngjs set size:undefined disposed:false
2013 silly placeDep ROOT event-target-shim@5.0.1 OK for: abort-controller@3.0.0 want: ^5.0.0
2014 silly placeDep ROOT unimodules-app-loader@56.0.1 OK for: expo-task-manager@56.0.13 want: ~56.0.0
2015 silly placeDep ROOT minipass@7.1.3 OK for: glob@13.0.6 want: ^7.1.3
2016 silly placeDep ROOT path-scurry@2.0.2 OK for: glob@13.0.6 want: ^2.0.2
2017 silly fetch manifest lru-cache@^11.0.0
2018 silly packumentCache full:https://registry.npmjs.org/lru-cache cache-miss
2019 http cache https://registry.npmjs.org/lru-cache 3ms (cache hit)
2020 silly packumentCache full:https://registry.npmjs.org/lru-cache set size:451987 disposed:false
2021 silly placeDep ROOT hermes-estree@0.33.3 OK for: hermes-parser@0.33.3 want: 0.33.3
2022 silly placeDep ROOT loose-envify@1.4.0 OK for: invariant@2.2.4 want: ^1.0.0
2023 silly placeDep ROOT yallist@3.1.1 OK for: lru-cache@5.1.1 want: ^3.0.2
2024 silly fetch manifest bufferutil@^4.0.1
2025 silly packumentCache full:https://registry.npmjs.org/bufferutil cache-miss
2026 http fetch GET 200 https://registry.npmjs.org/bufferutil 121ms (cache miss)
2027 silly packumentCache full:https://registry.npmjs.org/bufferutil set size:undefined disposed:false
2028 silly fetch manifest utf-8-validate@^5.0.2
2029 silly packumentCache full:https://registry.npmjs.org/utf-8-validate cache-miss
2030 http fetch GET 200 https://registry.npmjs.org/utf-8-validate 122ms (cache miss)
2031 silly packumentCache full:https://registry.npmjs.org/utf-8-validate set size:undefined disposed:false
2032 silly placeDep ROOT accepts@2.0.0 OK for: metro@0.84.4 want: ^2.0.0
2033 silly placeDep ROOT ci-info@2.0.0 OK for: metro@0.84.4 want: ^2.0.0
2034 silly placeDep ROOT connect@3.7.0 OK for: metro@0.84.4 want: ^3.6.5
2035 silly placeDep ROOT error-stack-parser@2.1.4 OK for: metro@0.84.4 want: ^2.0.6
2036 silly placeDep ROOT flow-enums-runtime@0.0.6 OK for: metro@0.84.4 want: ^0.0.6
2037 silly placeDep ROOT graceful-fs@4.2.11 OK for: metro@0.84.4 want: ^4.2.4
2038 silly placeDep node_modules/metro hermes-parser@0.35.0 OK for: metro@0.84.4 want: 0.35.0
2039 silly placeDep ROOT image-size@1.2.1 OK for: metro@0.84.4 want: ^1.0.2
2040 silly placeDep ROOT jest-worker@29.7.0 OK for: metro@0.84.4 want: ^29.7.0
2041 silly placeDep ROOT jsc-safe-url@0.2.4 OK for: metro@0.84.4 want: ^0.2.2
2042 silly placeDep ROOT lodash.throttle@4.1.1 OK for: metro@0.84.4 want: ^4.1.1
2043 silly placeDep ROOT mime-types@3.0.2 OK for: metro@0.84.4 want: ^3.0.1
2044 silly placeDep ROOT serialize-error@2.1.0 OK for: metro@0.84.4 want: ^2.1.0
2045 silly placeDep ROOT source-map@0.5.7 OK for: metro@0.84.4 want: ^0.5.6
2046 silly placeDep ROOT throat@5.0.0 OK for: metro@0.84.4 want: ^5.0.0
2047 silly placeDep ROOT ws@7.5.10 OK for: metro@0.84.4 want: ^7.5.10
2048 silly fetch manifest mime-types@^3.0.0
2049 silly packumentCache full:https://registry.npmjs.org/mime-types cache-miss
2050 silly fetch manifest negotiator@^1.0.0
2051 silly packumentCache full:https://registry.npmjs.org/negotiator cache-miss
2052 silly fetch manifest debug@2.6.9
2053 silly packumentCache full:https://registry.npmjs.org/debug cache-hit
2054 silly fetch manifest finalhandler@1.1.2
2055 silly packumentCache full:https://registry.npmjs.org/finalhandler cache-miss
2056 silly fetch manifest parseurl@~1.3.3
2057 silly packumentCache full:https://registry.npmjs.org/parseurl cache-miss
2058 silly fetch manifest utils-merge@1.0.1
2059 silly packumentCache full:https://registry.npmjs.org/utils-merge cache-miss
2060 silly fetch manifest stackframe@^1.3.4
2061 silly packumentCache full:https://registry.npmjs.org/stackframe cache-miss
2062 silly fetch manifest hermes-estree@0.35.0
2063 silly packumentCache full:https://registry.npmjs.org/hermes-estree cache-miss
2064 silly fetch manifest queue@6.0.2
2065 silly packumentCache full:https://registry.npmjs.org/queue cache-miss
2066 silly fetch manifest jest-util@^29.7.0
2067 silly packumentCache full:https://registry.npmjs.org/jest-util cache-miss
2068 http cache https://registry.npmjs.org/hermes-estree 7ms (cache hit)
2069 silly packumentCache full:https://registry.npmjs.org/hermes-estree set size:130205 disposed:false
2070 silly fetch manifest @types/node@*
2071 silly packumentCache full:https://registry.npmjs.org/@types%2fnode cache-miss
2072 http cache https://registry.npmjs.org/mime-types 9ms (cache hit)
2073 silly packumentCache full:https://registry.npmjs.org/mime-types set size:139110 disposed:false
2074 silly fetch manifest merge-stream@^2.0.0
2075 silly packumentCache full:https://registry.npmjs.org/merge-stream cache-miss
2076 http fetch GET 200 https://registry.npmjs.org/parseurl 128ms (cache miss)
2077 silly packumentCache full:https://registry.npmjs.org/parseurl set size:undefined disposed:false
2078 silly fetch manifest supports-color@^8.0.0
2079 silly packumentCache full:https://registry.npmjs.org/supports-color cache-miss
2080 http fetch GET 200 https://registry.npmjs.org/negotiator 130ms (cache miss)
2081 silly packumentCache full:https://registry.npmjs.org/negotiator set size:undefined disposed:false
2082 silly fetch manifest mime-db@^1.54.0
2083 silly packumentCache full:https://registry.npmjs.org/mime-db cache-miss
2084 http fetch GET 200 https://registry.npmjs.org/utils-merge 133ms (cache miss)
2085 silly packumentCache full:https://registry.npmjs.org/utils-merge set size:undefined disposed:false
2086 http fetch GET 200 https://registry.npmjs.org/finalhandler 133ms (cache miss)
2087 silly packumentCache full:https://registry.npmjs.org/finalhandler set size:undefined disposed:false
2088 http fetch GET 200 https://registry.npmjs.org/merge-stream 126ms (cache miss)
2089 silly packumentCache full:https://registry.npmjs.org/merge-stream set size:undefined disposed:false
2090 http cache https://registry.npmjs.org/supports-color 7ms (cache hit)
2091 silly packumentCache full:https://registry.npmjs.org/supports-color set size:118680 disposed:false
2092 http fetch GET 200 https://registry.npmjs.org/stackframe 137ms (cache miss)
2093 silly packumentCache full:https://registry.npmjs.org/stackframe set size:undefined disposed:false
2094 http fetch GET 200 https://registry.npmjs.org/queue 139ms (cache miss)
2095 silly packumentCache full:https://registry.npmjs.org/queue set size:undefined disposed:false
2096 http fetch GET 200 https://registry.npmjs.org/jest-util 208ms (cache miss)
2097 silly packumentCache full:https://registry.npmjs.org/jest-util set size:undefined disposed:false
2098 http fetch GET 200 https://registry.npmjs.org/mime-db 186ms (cache miss)
2099 silly packumentCache full:https://registry.npmjs.org/mime-db set size:undefined disposed:false
2100 http fetch GET 200 https://registry.npmjs.org/@types%2fnode 332ms (cache miss)
2101 silly packumentCache full:https://registry.npmjs.org/@types%2fnode set size:undefined disposed:false
2102 silly placeDep ROOT negotiator@1.0.0 OK for: accepts@2.0.0 want: ^1.0.0
2103 silly placeDep node_modules/connect debug@2.6.9 OK for: connect@3.7.0 want: 2.6.9
2104 silly placeDep ROOT finalhandler@1.1.2 OK for: connect@3.7.0 want: 1.1.2
2105 silly placeDep ROOT parseurl@1.3.3 OK for: connect@3.7.0 want: ~1.3.3
2106 silly placeDep ROOT utils-merge@1.0.1 OK for: connect@3.7.0 want: 1.0.1
2107 silly fetch manifest ms@2.0.0
2108 silly packumentCache full:https://registry.npmjs.org/ms cache-miss
2109 silly fetch manifest unpipe@~1.0.0
2110 silly packumentCache full:https://registry.npmjs.org/unpipe cache-miss
2111 silly fetch manifest statuses@~1.5.0
2112 silly packumentCache full:https://registry.npmjs.org/statuses cache-miss
2113 silly fetch manifest encodeurl@~1.0.2
2114 silly packumentCache full:https://registry.npmjs.org/encodeurl cache-miss
2115 silly fetch manifest escape-html@~1.0.3
2116 silly packumentCache full:https://registry.npmjs.org/escape-html cache-miss
2117 silly fetch manifest on-finished@~2.3.0
2118 silly packumentCache full:https://registry.npmjs.org/on-finished cache-miss
2119 http cache https://registry.npmjs.org/ms 2ms (cache hit)
2120 silly packumentCache full:https://registry.npmjs.org/ms set size:92208 disposed:false
2121 http fetch GET 200 https://registry.npmjs.org/encodeurl 119ms (cache miss)
2122 silly packumentCache full:https://registry.npmjs.org/encodeurl set size:undefined disposed:false
2123 http fetch GET 200 https://registry.npmjs.org/unpipe 119ms (cache miss)
2124 silly packumentCache full:https://registry.npmjs.org/unpipe set size:undefined disposed:false
2125 http fetch GET 200 https://registry.npmjs.org/on-finished 122ms (cache miss)
2126 silly packumentCache full:https://registry.npmjs.org/on-finished set size:undefined disposed:false
2127 http fetch GET 200 https://registry.npmjs.org/escape-html 122ms (cache miss)
2128 silly packumentCache full:https://registry.npmjs.org/escape-html set size:undefined disposed:false
2129 http fetch GET 200 https://registry.npmjs.org/statuses 142ms (cache miss)
2130 silly packumentCache full:https://registry.npmjs.org/statuses set size:undefined disposed:false
2131 silly placeDep ROOT stackframe@1.3.4 OK for: error-stack-parser@2.1.4 want: ^1.3.4
2132 silly placeDep node_modules/finalhandler debug@2.6.9 OK for: finalhandler@1.1.2 want: 2.6.9
2133 silly placeDep ROOT encodeurl@1.0.2 OK for: finalhandler@1.1.2 want: ~1.0.2
2134 silly placeDep ROOT escape-html@1.0.3 OK for: finalhandler@1.1.2 want: ~1.0.3
2135 silly placeDep ROOT on-finished@2.3.0 OK for: finalhandler@1.1.2 want: ~2.3.0
2136 silly placeDep ROOT statuses@1.5.0 OK for: finalhandler@1.1.2 want: ~1.5.0
2137 silly placeDep ROOT unpipe@1.0.0 OK for: finalhandler@1.1.2 want: ~1.0.0
2138 silly fetch manifest ee-first@1.1.1
2139 silly packumentCache full:https://registry.npmjs.org/ee-first cache-miss
2140 http fetch GET 200 https://registry.npmjs.org/ee-first 120ms (cache miss)
2141 silly packumentCache full:https://registry.npmjs.org/ee-first set size:undefined disposed:false
2142 silly placeDep ROOT queue@6.0.2 OK for: image-size@1.2.1 want: 6.0.2
2143 silly fetch manifest inherits@~2.0.3
2144 silly packumentCache full:https://registry.npmjs.org/inherits cache-miss
2145 http fetch GET 200 https://registry.npmjs.org/inherits 119ms (cache miss)
2146 silly packumentCache full:https://registry.npmjs.org/inherits set size:undefined disposed:false
2147 silly placeDep ROOT @types/node@25.9.1 OK for: jest-worker@29.7.0 want: *
2148 silly placeDep ROOT jest-util@29.7.0 OK for: jest-worker@29.7.0 want: ^29.7.0
2149 silly placeDep ROOT merge-stream@2.0.0 OK for: jest-worker@29.7.0 want: ^2.0.0
2150 silly placeDep node_modules/jest-worker supports-color@8.1.1 OK for: jest-worker@29.7.0 want: ^8.0.0
2151 silly fetch manifest undici-types@>=7.24.0 <7.24.7
2152 silly packumentCache full:https://registry.npmjs.org/undici-types cache-miss
2153 silly fetch manifest ci-info@^3.2.0
2154 silly packumentCache full:https://registry.npmjs.org/ci-info cache-hit
2155 silly fetch manifest picomatch@^2.2.3
2156 silly packumentCache full:https://registry.npmjs.org/picomatch cache-miss
2157 silly fetch manifest @jest/types@^29.6.3
2158 silly packumentCache full:https://registry.npmjs.org/@jest%2ftypes cache-miss
2159 http cache https://registry.npmjs.org/picomatch 3ms (cache hit)
2160 silly packumentCache full:https://registry.npmjs.org/picomatch set size:126376 disposed:false
2161 http fetch GET 200 https://registry.npmjs.org/undici-types 136ms (cache miss)
2162 silly packumentCache full:https://registry.npmjs.org/undici-types set size:undefined disposed:false
2163 http fetch GET 200 https://registry.npmjs.org/@jest%2ftypes 159ms (cache miss)
2164 silly packumentCache full:https://registry.npmjs.org/@jest%2ftypes set size:undefined disposed:false
2165 silly placeDep ROOT undici-types@7.24.6 OK for: @types/node@25.9.1 want: >=7.24.0 <7.24.7
2166 silly placeDep ROOT @jest/types@29.6.3 OK for: jest-util@29.7.0 want: ^29.6.3
2167 silly placeDep node_modules/jest-util ci-info@3.9.0 OK for: jest-util@29.7.0 want: ^3.2.0
2168 silly placeDep ROOT picomatch@2.3.2 OK for: jest-util@29.7.0 want: ^2.2.3
2169 silly fetch manifest @types/yargs@^17.0.8
2170 silly packumentCache full:https://registry.npmjs.org/@types%2fyargs cache-miss
2171 silly fetch manifest @types/istanbul-reports@^3.0.0
2172 silly packumentCache full:https://registry.npmjs.org/@types%2fistanbul-reports cache-miss
2173 silly fetch manifest @types/istanbul-lib-coverage@^2.0.0
2174 silly packumentCache full:https://registry.npmjs.org/@types%2fistanbul-lib-coverage cache-miss
2175 http fetch GET 200 https://registry.npmjs.org/@types%2fistanbul-reports 154ms (cache miss)
2176 silly packumentCache full:https://registry.npmjs.org/@types%2fistanbul-reports set size:undefined disposed:false
2177 http fetch GET 200 https://registry.npmjs.org/@types%2fistanbul-lib-coverage 156ms (cache miss)
2178 silly packumentCache full:https://registry.npmjs.org/@types%2fistanbul-lib-coverage set size:undefined disposed:false
2179 http fetch GET 200 https://registry.npmjs.org/@types%2fyargs 157ms (cache miss)
2180 silly packumentCache full:https://registry.npmjs.org/@types%2fyargs set size:undefined disposed:false
2181 silly placeDep ROOT @jest/schemas@29.6.3 OK for: @jest/types@29.6.3 want: ^29.6.3
2182 silly placeDep ROOT @types/istanbul-lib-coverage@2.0.6 OK for: @jest/types@29.6.3 want: ^2.0.0
2183 silly placeDep ROOT @types/istanbul-reports@3.0.4 OK for: @jest/types@29.6.3 want: ^3.0.0
2184 silly placeDep ROOT @types/yargs@17.0.35 OK for: @jest/types@29.6.3 want: ^17.0.8
2185 silly fetch manifest @sinclair/typebox@^0.27.8
2186 silly packumentCache full:https://registry.npmjs.org/@sinclair%2ftypebox cache-miss
2187 silly fetch manifest @types/istanbul-lib-report@*
2188 silly packumentCache full:https://registry.npmjs.org/@types%2fistanbul-lib-report cache-miss
2189 silly fetch manifest @types/yargs-parser@*
2190 silly packumentCache full:https://registry.npmjs.org/@types%2fyargs-parser cache-miss
2191 http fetch GET 200 https://registry.npmjs.org/@types%2fyargs-parser 134ms (cache miss)
2192 silly packumentCache full:https://registry.npmjs.org/@types%2fyargs-parser set size:undefined disposed:false
2193 http fetch GET 200 https://registry.npmjs.org/@types%2fistanbul-lib-report 135ms (cache miss)
2194 silly packumentCache full:https://registry.npmjs.org/@types%2fistanbul-lib-report set size:undefined disposed:false
2195 http fetch GET 200 https://registry.npmjs.org/@sinclair%2ftypebox 211ms (cache miss)
2196 silly packumentCache full:https://registry.npmjs.org/@sinclair%2ftypebox set size:undefined disposed:false
2197 silly placeDep ROOT @sinclair/typebox@0.27.10 OK for: @jest/schemas@29.6.3 want: ^0.27.8
2198 silly placeDep ROOT @types/istanbul-lib-report@3.0.3 OK for: @types/istanbul-reports@3.0.4 want: *
2199 silly placeDep ROOT @types/yargs-parser@21.0.3 OK for: @types/yargs@17.0.35 want: *
2200 silly placeDep node_modules/metro-babel-transformer hermes-parser@0.35.0 OK for: metro-babel-transformer@0.84.4 want: 0.35.0
2201 silly placeDep ROOT exponential-backoff@3.1.3 OK for: metro-cache@0.84.4 want: ^3.1.1
2202 silly placeDep ROOT https-proxy-agent@7.0.6 OK for: metro-cache@0.84.4 want: ^7.0.5
2203 silly fetch manifest agent-base@^7.1.2
2204 silly packumentCache full:https://registry.npmjs.org/agent-base cache-miss
2205 http fetch GET 200 https://registry.npmjs.org/agent-base 128ms (cache miss)
2206 silly packumentCache full:https://registry.npmjs.org/agent-base set size:undefined disposed:false
2207 silly placeDep ROOT agent-base@7.1.4 OK for: https-proxy-agent@7.0.6 want: ^7.1.2
2208 silly placeDep ROOT jest-validate@29.7.0 OK for: metro-config@0.84.4 want: ^29.7.0
2209 silly placeDep ROOT yaml@2.9.0 OK for: metro-config@0.84.4 want: ^2.6.1
2210 silly fetch manifest leven@^3.1.0
2211 silly packumentCache full:https://registry.npmjs.org/leven cache-miss
2212 silly fetch manifest camelcase@^6.2.0
2213 silly packumentCache full:https://registry.npmjs.org/camelcase cache-miss
2214 silly fetch manifest jest-get-type@^29.6.3
2215 silly packumentCache full:https://registry.npmjs.org/jest-get-type cache-miss
2216 http fetch GET 200 https://registry.npmjs.org/leven 121ms (cache miss)
2217 silly packumentCache full:https://registry.npmjs.org/leven set size:undefined disposed:false
2218 http fetch GET 200 https://registry.npmjs.org/camelcase 132ms (cache miss)
2219 silly packumentCache full:https://registry.npmjs.org/camelcase set size:undefined disposed:false
2220 http fetch GET 200 https://registry.npmjs.org/jest-get-type 146ms (cache miss)
2221 silly packumentCache full:https://registry.npmjs.org/jest-get-type set size:undefined disposed:false
2222 silly placeDep ROOT camelcase@6.3.0 OK for: jest-validate@29.7.0 want: ^6.2.0
2223 silly placeDep ROOT jest-get-type@29.6.3 OK for: jest-validate@29.7.0 want: ^29.6.3
2224 silly placeDep ROOT leven@3.1.0 OK for: jest-validate@29.7.0 want: ^3.1.0
2225 silly placeDep ROOT fb-watchman@2.0.2 OK for: metro-file-map@0.84.4 want: ^2.0.0
2226 silly placeDep ROOT micromatch@4.0.8 OK for: metro-file-map@0.84.4 want: ^4.0.4
2227 silly placeDep ROOT walker@1.0.8 OK for: metro-file-map@0.84.4 want: ^1.0.7
2228 silly fetch manifest bser@2.1.1
2229 silly packumentCache full:https://registry.npmjs.org/bser cache-miss
2230 silly fetch manifest braces@^3.0.3
2231 silly packumentCache full:https://registry.npmjs.org/braces cache-miss
2232 silly fetch manifest makeerror@1.0.12
2233 silly packumentCache full:https://registry.npmjs.org/makeerror cache-miss
2234 http fetch GET 200 https://registry.npmjs.org/bser 116ms (cache miss)
2235 silly packumentCache full:https://registry.npmjs.org/bser set size:undefined disposed:false
2236 http fetch GET 200 https://registry.npmjs.org/braces 133ms (cache miss)
2237 silly packumentCache full:https://registry.npmjs.org/braces set size:undefined disposed:false
2238 http fetch GET 200 https://registry.npmjs.org/makeerror 135ms (cache miss)
2239 silly packumentCache full:https://registry.npmjs.org/makeerror set size:undefined disposed:false
2240 silly placeDep ROOT bser@2.1.1 OK for: fb-watchman@2.0.2 want: 2.1.1
2241 silly fetch manifest node-int64@^0.4.0
2242 silly packumentCache full:https://registry.npmjs.org/node-int64 cache-miss
2243 http fetch GET 200 https://registry.npmjs.org/node-int64 130ms (cache miss)
2244 silly packumentCache full:https://registry.npmjs.org/node-int64 set size:undefined disposed:false
2245 silly placeDep ROOT node-int64@0.4.0 OK for: bser@2.1.1 want: ^0.4.0
2246 silly placeDep ROOT terser@5.48.0 OK for: metro-minify-terser@0.84.4 want: ^5.15.0
2247 silly fetch manifest @jridgewell/source-map@^0.3.3
2248 silly packumentCache full:https://registry.npmjs.org/@jridgewell%2fsource-map cache-miss
2249 silly fetch manifest acorn@^8.15.0
2250 silly packumentCache full:https://registry.npmjs.org/acorn cache-miss
2251 silly fetch manifest commander@^2.20.0
2252 silly packumentCache full:https://registry.npmjs.org/commander cache-hit
2253 silly fetch manifest source-map-support@~0.5.20
2254 silly packumentCache full:https://registry.npmjs.org/source-map-support cache-miss
2255 http fetch GET 200 https://registry.npmjs.org/source-map-support 132ms (cache miss)
2256 silly packumentCache full:https://registry.npmjs.org/source-map-support set size:undefined disposed:false
2257 http fetch GET 200 https://registry.npmjs.org/@jridgewell%2fsource-map 137ms (cache miss)
2258 silly packumentCache full:https://registry.npmjs.org/@jridgewell%2fsource-map set size:undefined disposed:false
2259 http fetch GET 200 https://registry.npmjs.org/acorn 146ms (cache miss)
2260 silly packumentCache full:https://registry.npmjs.org/acorn set size:undefined disposed:false
2261 silly placeDep ROOT ob1@0.84.4 OK for: metro-source-map@0.84.4 want: 0.84.4
2262 silly placeDep ROOT vlq@1.0.1 OK for: metro-source-map@0.84.4 want: ^1.0.0
2263 silly placeDep ROOT braces@3.0.3 OK for: micromatch@4.0.8 want: ^3.0.3
2264 silly fetch manifest fill-range@^7.1.1
2265 silly packumentCache full:https://registry.npmjs.org/fill-range cache-miss
2266 http fetch GET 200 https://registry.npmjs.org/fill-range 138ms (cache miss)
2267 silly packumentCache full:https://registry.npmjs.org/fill-range set size:undefined disposed:false
2268 silly placeDep ROOT fill-range@7.1.1 OK for: braces@3.0.3 want: ^7.1.1
2269 silly fetch manifest to-regex-range@^5.0.1
2270 silly packumentCache full:https://registry.npmjs.org/to-regex-range cache-miss
2271 http fetch GET 200 https://registry.npmjs.org/to-regex-range 120ms (cache miss)
2272 silly packumentCache full:https://registry.npmjs.org/to-regex-range set size:undefined disposed:false
2273 silly placeDep ROOT to-regex-range@5.0.1 OK for: fill-range@7.1.1 want: ^5.0.1
2274 silly fetch manifest is-number@^7.0.0
2275 silly packumentCache full:https://registry.npmjs.org/is-number cache-miss
2276 http fetch GET 200 https://registry.npmjs.org/is-number 111ms (cache miss)
2277 silly packumentCache full:https://registry.npmjs.org/is-number set size:undefined disposed:false
2278 silly placeDep ROOT mime-db@1.54.0 OK for: mime-types@3.0.2 want: ^1.54.0
2279 silly placeDep ROOT brace-expansion@5.0.6 OK for: minimatch@10.2.5 want: ^5.0.5
2280 silly fetch manifest balanced-match@^4.0.2
2281 silly packumentCache full:https://registry.npmjs.org/balanced-match cache-miss
2282 http fetch GET 200 https://registry.npmjs.org/balanced-match 127ms (cache miss)
2283 silly packumentCache full:https://registry.npmjs.org/balanced-match set size:undefined disposed:false
2284 silly placeDep ROOT balanced-match@4.0.4 OK for: brace-expansion@5.0.6 want: ^4.0.2
2285 silly placeDep ROOT ee-first@1.1.1 OK for: on-finished@2.3.0 want: 1.1.1
2286 silly placeDep ROOT pngjs@3.4.0 OK for: parse-png@2.1.0 want: ^3.3.0
2287 silly placeDep node_modules/path-scurry lru-cache@11.5.0 OK for: path-scurry@2.0.2 want: ^11.0.0
2288 silly placeDep node_modules/pretty-format ansi-styles@5.2.0 OK for: pretty-format@29.7.0 want: ^5.0.0
2289 silly placeDep node_modules/pretty-format react-is@18.3.1 OK for: pretty-format@29.7.0 want: ^18.0.0
2290 silly placeDep ROOT decode-uri-component@0.2.2 OK for: query-string@7.1.3 want: ^0.2.2
2291 silly placeDep ROOT filter-obj@1.1.0 OK for: query-string@7.1.3 want: ^1.1.0
2292 silly placeDep ROOT split-on-first@1.1.0 OK for: query-string@7.1.3 want: ^1.0.0
2293 silly placeDep ROOT strict-uri-encode@2.0.0 OK for: query-string@7.1.3 want: ^2.0.0
2294 silly placeDep ROOT inherits@2.0.4 OK for: queue@6.0.2 want: ~2.0.3
2295 silly fetch manifest react@^19.2.3
2296 silly packumentCache full:https://registry.npmjs.org/react cache-miss
2297 http cache https://registry.npmjs.org/react 12ms (cache hit)
2298 silly packumentCache full:https://registry.npmjs.org/react set size:6650647 disposed:false
2299 silly fetch manifest @react-native-community/cli@*
2300 silly packumentCache full:https://registry.npmjs.org/@react-native-community%2fcli cache-miss
2301 http fetch GET 200 https://registry.npmjs.org/@react-native-community%2fcli 221ms (cache miss)
2302 silly packumentCache full:https://registry.npmjs.org/@react-native-community%2fcli set size:undefined disposed:false
2303 silly fetch manifest @react-native/metro-config@0.85.3
2304 silly packumentCache full:https://registry.npmjs.org/@react-native%2fmetro-config cache-miss
2305 http cache https://registry.npmjs.org/@react-native%2fmetro-config 6ms (cache hit)
2306 silly packumentCache full:https://registry.npmjs.org/@react-native%2fmetro-config set size:2182789 disposed:false
2307 silly placeDep ROOT @react-native/assets-registry@0.85.3 OK for: react-native@0.85.3 want: 0.85.3
2308 silly placeDep ROOT @react-native/community-cli-plugin@0.85.3 OK for: react-native@0.85.3 want: 0.85.3
2309 silly placeDep ROOT @react-native/gradle-plugin@0.85.3 OK for: react-native@0.85.3 want: 0.85.3
2310 silly placeDep ROOT @react-native/normalize-colors@0.85.3 OK for: react-native@0.85.3 want: 0.85.3
2311 silly placeDep ROOT @react-native/virtualized-lists@0.85.3 OK for: react-native@0.85.3 want: 0.85.3
2312 silly placeDep ROOT anser@1.4.10 OK for: react-native@0.85.3 want: ^1.4.9
2313 silly placeDep ROOT ansi-regex@5.0.1 OK for: react-native@0.85.3 want: ^5.0.0
2314 silly placeDep node_modules/react-native commander@12.1.0 OK for: react-native@0.85.3 want: ^12.0.0
2315 silly placeDep ROOT hermes-compiler@250829098.0.10 OK for: react-native@0.85.3 want: 250829098.0.10
2316 silly placeDep ROOT memoize-one@5.2.1 OK for: react-native@0.85.3 want: ^5.0.0
2317 silly placeDep ROOT promise@8.3.0 OK for: react-native@0.85.3 want: ^8.3.0
2318 silly placeDep ROOT react-devtools-core@6.1.5 OK for: react-native@0.85.3 want: ^6.1.5
2319 silly placeDep ROOT regenerator-runtime@0.13.11 OK for: react-native@0.85.3 want: ^0.13.2
2320 silly placeDep ROOT scheduler@0.27.0 OK for: react-native@0.85.3 want: 0.27.0
2321 silly placeDep node_modules/react-native semver@7.8.1 OK for: react-native@0.85.3 want: ^7.1.3
2322 silly placeDep ROOT stacktrace-parser@0.1.11 OK for: react-native@0.85.3 want: ^0.1.10
2323 silly placeDep ROOT whatwg-fetch@3.6.20 OK for: react-native@0.85.3 want: ^3.0.0
2324 silly fetch manifest asap@~2.0.6
2325 silly packumentCache full:https://registry.npmjs.org/asap cache-miss
2326 silly fetch manifest shell-quote@^1.6.1
2327 silly packumentCache full:https://registry.npmjs.org/shell-quote cache-miss
2328 silly fetch manifest type-fest@^0.7.1
2329 silly packumentCache full:https://registry.npmjs.org/type-fest cache-miss
2330 http fetch GET 200 https://registry.npmjs.org/shell-quote 132ms (cache miss)
2331 silly packumentCache full:https://registry.npmjs.org/shell-quote set size:undefined disposed:false
2332 http fetch GET 200 https://registry.npmjs.org/asap 134ms (cache miss)
2333 silly packumentCache full:https://registry.npmjs.org/asap set size:undefined disposed:false
2334 http fetch GET 200 https://registry.npmjs.org/type-fest 256ms (cache miss)
2335 silly packumentCache full:https://registry.npmjs.org/type-fest set size:undefined disposed:false
2336 silly placeDep ROOT @react-native/dev-middleware@0.85.3 OK for: @react-native/community-cli-plugin@0.85.3 want: 0.85.3
2337 silly placeDep node_modules/@react-native/community-cli-plugin semver@7.8.1 OK for: @react-native/community-cli-plugin@0.85.3 want: ^7.1.3
2338 silly fetch manifest open@^7.0.3
2339 silly packumentCache full:https://registry.npmjs.org/open cache-miss
2340 silly fetch manifest serve-static@^1.16.2
2341 silly packumentCache full:https://registry.npmjs.org/serve-static cache-miss
2342 silly fetch manifest chrome-launcher@^0.15.2
2343 silly packumentCache full:https://registry.npmjs.org/chrome-launcher cache-miss
2344 silly fetch manifest @isaacs/ttlcache@^1.4.1
2345 silly packumentCache full:https://registry.npmjs.org/@isaacs%2fttlcache cache-miss
2346 silly fetch manifest chromium-edge-launcher@^0.3.0
2347 silly packumentCache full:https://registry.npmjs.org/chromium-edge-launcher cache-miss
2348 silly fetch manifest @react-native/debugger-shell@0.85.3
2349 silly packumentCache full:https://registry.npmjs.org/@react-native%2fdebugger-shell cache-miss
2350 silly fetch manifest @react-native/debugger-frontend@0.85.3
2351 silly packumentCache full:https://registry.npmjs.org/@react-native%2fdebugger-frontend cache-miss
2352 http fetch GET 200 https://registry.npmjs.org/serve-static 126ms (cache miss)
2353 silly packumentCache full:https://registry.npmjs.org/serve-static set size:undefined disposed:false
2354 http fetch GET 200 https://registry.npmjs.org/chromium-edge-launcher 130ms (cache miss)
2355 silly packumentCache full:https://registry.npmjs.org/chromium-edge-launcher set size:undefined disposed:false
2356 http fetch GET 200 https://registry.npmjs.org/chrome-launcher 143ms (cache miss)
2357 silly packumentCache full:https://registry.npmjs.org/chrome-launcher set size:undefined disposed:false
2358 http fetch GET 200 https://registry.npmjs.org/open 148ms (cache miss)
2359 silly packumentCache full:https://registry.npmjs.org/open set size:undefined disposed:false
2360 http fetch GET 200 https://registry.npmjs.org/@isaacs%2fttlcache 149ms (cache miss)
2361 silly packumentCache full:https://registry.npmjs.org/@isaacs%2fttlcache set size:undefined disposed:false
2362 http fetch GET 200 https://registry.npmjs.org/@react-native%2fdebugger-shell 182ms (cache miss)
2363 silly packumentCache full:https://registry.npmjs.org/@react-native%2fdebugger-shell set size:undefined disposed:false
2364 http fetch GET 200 https://registry.npmjs.org/@react-native%2fdebugger-frontend 214ms (cache miss)
2365 silly packumentCache full:https://registry.npmjs.org/@react-native%2fdebugger-frontend set size:undefined disposed:false
2366 silly placeDep ROOT @isaacs/ttlcache@1.4.1 OK for: @react-native/dev-middleware@0.85.3 want: ^1.4.1
2367 silly placeDep ROOT @react-native/debugger-frontend@0.85.3 OK for: @react-native/dev-middleware@0.85.3 want: 0.85.3
2368 silly placeDep ROOT @react-native/debugger-shell@0.85.3 OK for: @react-native/dev-middleware@0.85.3 want: 0.85.3
2369 silly placeDep ROOT chrome-launcher@0.15.2 OK for: @react-native/dev-middleware@0.85.3 want: ^0.15.2
2370 silly placeDep ROOT chromium-edge-launcher@0.3.0 OK for: @react-native/dev-middleware@0.85.3 want: ^0.3.0
2371 silly placeDep ROOT open@7.4.2 OK for: @react-native/dev-middleware@0.85.3 want: ^7.0.3
2372 silly placeDep ROOT serve-static@1.16.3 OK for: @react-native/dev-middleware@0.85.3 want: ^1.16.2
2373 silly fetch manifest fb-dotslash@0.5.8
2374 silly packumentCache full:https://registry.npmjs.org/fb-dotslash cache-miss
2375 silly fetch manifest is-wsl@^2.2.0
2376 silly packumentCache full:https://registry.npmjs.org/is-wsl cache-miss
2377 silly fetch manifest lighthouse-logger@^1.0.0
2378 silly packumentCache full:https://registry.npmjs.org/lighthouse-logger cache-miss
2379 silly fetch manifest is-wsl@^2.2.0
2380 silly packumentCache full:https://registry.npmjs.org/is-wsl cache-miss
2381 silly fetch manifest mkdirp@^1.0.4
2382 silly packumentCache full:https://registry.npmjs.org/mkdirp cache-miss
2383 silly fetch manifest lighthouse-logger@^1.0.0
2384 silly packumentCache full:https://registry.npmjs.org/lighthouse-logger cache-miss
2385 silly fetch manifest is-wsl@^2.1.1
2386 silly packumentCache full:https://registry.npmjs.org/is-wsl cache-miss
2387 silly fetch manifest is-docker@^2.0.0
2388 silly packumentCache full:https://registry.npmjs.org/is-docker cache-miss
2389 silly fetch manifest send@~0.19.1
2390 silly packumentCache full:https://registry.npmjs.org/send cache-miss
2391 http cache https://registry.npmjs.org/send 3ms (cache hit)
2392 silly packumentCache full:https://registry.npmjs.org/send set size:152810 disposed:false
2393 silly fetch manifest encodeurl@~2.0.0
2394 silly packumentCache full:https://registry.npmjs.org/encodeurl cache-miss
2395 http cache https://registry.npmjs.org/encodeurl 1ms (cache hit)
2396 silly packumentCache full:https://registry.npmjs.org/encodeurl set size:12296 disposed:false
2397 http fetch GET 200 https://registry.npmjs.org/is-wsl 133ms (cache miss)
2398 silly packumentCache full:https://registry.npmjs.org/is-wsl set size:undefined disposed:false
2399 http fetch GET 200 https://registry.npmjs.org/lighthouse-logger 132ms (cache miss)
2400 silly packumentCache full:https://registry.npmjs.org/lighthouse-logger set size:undefined disposed:false
2401 http fetch GET 200 https://registry.npmjs.org/fb-dotslash 134ms (cache miss)
2402 silly packumentCache full:https://registry.npmjs.org/fb-dotslash set size:undefined disposed:false
2403 http fetch GET 200 https://registry.npmjs.org/lighthouse-logger 134ms (cache miss)
2404 silly packumentCache full:https://registry.npmjs.org/lighthouse-logger set size:undefined disposed:false
2405 http fetch GET 200 https://registry.npmjs.org/is-wsl 140ms (cache miss)
2406 silly packumentCache full:https://registry.npmjs.org/is-wsl set size:undefined disposed:false
2407 http fetch GET 200 https://registry.npmjs.org/is-wsl 144ms (cache miss)
2408 silly packumentCache full:https://registry.npmjs.org/is-wsl set size:undefined disposed:false
2409 http fetch GET 200 https://registry.npmjs.org/is-docker 145ms (cache miss)
2410 silly packumentCache full:https://registry.npmjs.org/is-docker set size:undefined disposed:false
2411 http fetch GET 200 https://registry.npmjs.org/mkdirp 151ms (cache miss)
2412 silly packumentCache full:https://registry.npmjs.org/mkdirp set size:undefined disposed:false
2413 silly placeDep ROOT fb-dotslash@0.5.8 OK for: @react-native/debugger-shell@0.85.3 want: 0.5.8
2414 silly placeDep ROOT is-wsl@2.2.0 OK for: chrome-launcher@0.15.2 want: ^2.2.0
2415 silly placeDep ROOT lighthouse-logger@1.4.2 OK for: chrome-launcher@0.15.2 want: ^1.0.0
2416 silly fetch manifest debug@^2.6.9
2417 silly packumentCache full:https://registry.npmjs.org/debug cache-hit
2418 silly fetch manifest marky@^1.2.2
2419 silly packumentCache full:https://registry.npmjs.org/marky cache-miss
2420 http fetch GET 200 https://registry.npmjs.org/marky 129ms (cache miss)
2421 silly packumentCache full:https://registry.npmjs.org/marky set size:undefined disposed:false
2422 silly placeDep ROOT mkdirp@1.0.4 OK for: chromium-edge-launcher@0.3.0 want: ^1.0.4
2423 silly placeDep ROOT is-docker@2.2.1 OK for: is-wsl@2.2.0 want: ^2.0.0
2424 silly placeDep node_modules/lighthouse-logger debug@2.6.9 OK for: lighthouse-logger@1.4.2 want: ^2.6.9
2425 silly placeDep ROOT marky@1.3.0 OK for: lighthouse-logger@1.4.2 want: ^1.2.2
2426 silly placeDep ROOT asap@2.0.6 OK for: promise@8.3.0 want: ~2.0.6
2427 silly placeDep ROOT shell-quote@1.8.3 OK for: react-devtools-core@6.1.5 want: ^1.6.1
2428 silly placeDep ROOT @egjs/hammerjs@2.0.17 OK for: react-native-gesture-handler@2.31.2 want: ^2.0.17
2429 silly placeDep ROOT @types/react-test-renderer@19.1.0 OK for: react-native-gesture-handler@2.31.2 want: ^19.1.0
2430 silly placeDep ROOT hoist-non-react-statics@3.3.2 OK for: react-native-gesture-handler@2.31.2 want: ^3.3.0
2431 silly fetch manifest @types/hammerjs@^2.0.36
2432 silly packumentCache full:https://registry.npmjs.org/@types%2fhammerjs cache-miss
2433 silly fetch manifest react-is@^16.7.0
2434 silly packumentCache full:https://registry.npmjs.org/react-is cache-miss
2435 http cache https://registry.npmjs.org/react-is 10ms (cache hit)
2436 silly packumentCache full:https://registry.npmjs.org/react-is set size:5380884 disposed:false
2437 http fetch GET 200 https://registry.npmjs.org/@types%2fhammerjs 127ms (cache miss)
2438 silly packumentCache full:https://registry.npmjs.org/@types%2fhammerjs set size:undefined disposed:false
2439 silly placeDep ROOT @types/hammerjs@2.0.46 OK for: @egjs/hammerjs@2.0.17 want: ^2.0.36
2440 silly placeDep node_modules/hoist-non-react-statics react-is@16.13.1 OK for: hoist-non-react-statics@3.3.2 want: ^16.7.0
2441 silly fetch manifest react-native@0.81 - 0.85
2442 silly packumentCache full:https://registry.npmjs.org/react-native cache-miss
2443 http cache https://registry.npmjs.org/react-native 17ms (cache hit)
2444 silly packumentCache full:https://registry.npmjs.org/react-native set size:15284045 disposed:false
2445 silly placeDep ROOT react-native-is-edge-to-edge@1.3.1 OK for: react-native-reanimated@4.3.1 want: ^1.3.1
2446 silly placeDep node_modules/react-native-reanimated semver@7.8.1 OK for: react-native-reanimated@4.3.1 want: ^7.7.3
2447 silly placeDep ROOT react-freeze@1.0.4 OK for: react-native-screens@4.25.2 want: ^1.0.0
2448 silly placeDep ROOT warn-once@0.1.1 OK for: react-native-screens@4.25.2 want: ^0.1.0
2449 silly placeDep ROOT css-select@5.2.2 OK for: react-native-svg@15.15.5 want: ^5.1.0
2450 silly placeDep ROOT css-tree@1.1.3 OK for: react-native-svg@15.15.5 want: ^1.1.3
2451 silly fetch manifest boolbase@^1.0.0
2452 silly packumentCache full:https://registry.npmjs.org/boolbase cache-miss
2453 silly fetch manifest css-what@^6.1.0
2454 silly packumentCache full:https://registry.npmjs.org/css-what cache-miss
2455 silly fetch manifest domutils@^3.0.1
2456 silly packumentCache full:https://registry.npmjs.org/domutils cache-miss
2457 silly fetch manifest nth-check@^2.0.1
2458 silly packumentCache full:https://registry.npmjs.org/nth-check cache-miss
2459 silly fetch manifest domhandler@^5.0.2
2460 silly packumentCache full:https://registry.npmjs.org/domhandler cache-miss
2461 silly fetch manifest mdn-data@2.0.14
2462 silly packumentCache full:https://registry.npmjs.org/mdn-data cache-miss
2463 silly fetch manifest source-map@^0.6.1
2464 silly packumentCache full:https://registry.npmjs.org/source-map cache-miss
2465 http cache https://registry.npmjs.org/source-map 6ms (cache hit)
2466 silly packumentCache full:https://registry.npmjs.org/source-map set size:226212 disposed:false
2467 http fetch GET 200 https://registry.npmjs.org/boolbase 111ms (cache miss)
2468 silly packumentCache full:https://registry.npmjs.org/boolbase set size:undefined disposed:false
2469 http fetch GET 200 https://registry.npmjs.org/domutils 133ms (cache miss)
2470 silly packumentCache full:https://registry.npmjs.org/domutils set size:undefined disposed:false
2471 http fetch GET 200 https://registry.npmjs.org/nth-check 138ms (cache miss)
2472 silly packumentCache full:https://registry.npmjs.org/nth-check set size:undefined disposed:false
2473 http fetch GET 200 https://registry.npmjs.org/domhandler 142ms (cache miss)
2474 silly packumentCache full:https://registry.npmjs.org/domhandler set size:undefined disposed:false
2475 http fetch GET 200 https://registry.npmjs.org/css-what 152ms (cache miss)
2476 silly packumentCache full:https://registry.npmjs.org/css-what set size:undefined disposed:false
2477 http fetch GET 200 https://registry.npmjs.org/mdn-data 153ms (cache miss)
2478 silly packumentCache full:https://registry.npmjs.org/mdn-data set size:undefined disposed:false
2479 silly placeDep ROOT boolbase@1.0.0 OK for: css-select@5.2.2 want: ^1.0.0
2480 silly placeDep ROOT css-what@6.2.2 OK for: css-select@5.2.2 want: ^6.1.0
2481 silly placeDep ROOT domhandler@5.0.3 OK for: css-select@5.2.2 want: ^5.0.2
2482 silly placeDep ROOT domutils@3.2.2 OK for: css-select@5.2.2 want: ^3.0.1
2483 silly placeDep ROOT nth-check@2.1.1 OK for: css-select@5.2.2 want: ^2.0.1
2484 silly fetch manifest domelementtype@^2.3.0
2485 silly packumentCache full:https://registry.npmjs.org/domelementtype cache-miss
2486 silly fetch manifest dom-serializer@^2.0.0
2487 silly packumentCache full:https://registry.npmjs.org/dom-serializer cache-miss
2488 silly fetch manifest domelementtype@^2.3.0
2489 silly packumentCache full:https://registry.npmjs.org/domelementtype cache-miss
2490 http fetch GET 200 https://registry.npmjs.org/domelementtype 120ms (cache miss)
2491 silly packumentCache full:https://registry.npmjs.org/domelementtype set size:undefined disposed:false
2492 http fetch GET 200 https://registry.npmjs.org/dom-serializer 132ms (cache miss)
2493 silly packumentCache full:https://registry.npmjs.org/dom-serializer set size:undefined disposed:false
2494 http fetch GET 200 https://registry.npmjs.org/domelementtype 134ms (cache miss)
2495 silly packumentCache full:https://registry.npmjs.org/domelementtype set size:undefined disposed:false
2496 silly placeDep ROOT mdn-data@2.0.14 OK for: css-tree@1.1.3 want: 2.0.14
2497 silly placeDep node_modules/css-tree source-map@0.6.1 OK for: css-tree@1.1.3 want: ^0.6.1
2498 silly placeDep ROOT domelementtype@2.3.0 OK for: domhandler@5.0.3 want: ^2.3.0
2499 silly placeDep ROOT dom-serializer@2.0.0 OK for: domutils@3.2.2 want: ^2.0.0
2500 silly fetch manifest entities@^4.2.0
2501 silly packumentCache full:https://registry.npmjs.org/entities cache-miss
2502 http fetch GET 200 https://registry.npmjs.org/entities 128ms (cache miss)
2503 silly packumentCache full:https://registry.npmjs.org/entities set size:undefined disposed:false
2504 silly placeDep ROOT entities@4.5.0 OK for: dom-serializer@2.0.0 want: ^4.2.0
2505 silly placeDep ROOT @babel/plugin-transform-arrow-functions@7.27.1 OK for: react-native-worklets@0.8.3 want: ^7.27.1
2506 silly placeDep ROOT @babel/plugin-transform-shorthand-properties@7.27.1 OK for: react-native-worklets@0.8.3 want: ^7.27.1
2507 silly placeDep ROOT @babel/plugin-transform-template-literals@7.27.1 OK for: react-native-worklets@0.8.3 want: ^7.27.1
2508 silly placeDep ROOT @babel/preset-typescript@7.28.5 OK for: react-native-worklets@0.8.3 want: ^7.27.1
2509 silly placeDep node_modules/react-native-worklets semver@7.8.1 OK for: react-native-worklets@0.8.3 want: ^7.7.3
2510 silly placeDep ROOT regenerate@1.4.2 OK for: regexpu-core@6.4.0 want: ^1.4.2
2511 silly placeDep ROOT regenerate-unicode-properties@10.2.2 OK for: regexpu-core@6.4.0 want: ^10.2.2
2512 silly placeDep ROOT regjsgen@0.8.0 OK for: regexpu-core@6.4.0 want: ^0.8.0
2513 silly placeDep ROOT regjsparser@0.13.1 OK for: regexpu-core@6.4.0 want: ^0.13.0
2514 silly placeDep ROOT unicode-match-property-ecmascript@2.0.0 OK for: regexpu-core@6.4.0 want: ^2.0.0
2515 silly placeDep ROOT unicode-match-property-value-ecmascript@2.2.1 OK for: regexpu-core@6.4.0 want: ^2.2.1
2516 silly fetch manifest unicode-canonical-property-names-ecmascript@^2.0.0
2517 silly packumentCache full:https://registry.npmjs.org/unicode-canonical-property-names-ecmascript cache-miss
2518 silly fetch manifest unicode-property-aliases-ecmascript@^2.0.0
2519 silly packumentCache full:https://registry.npmjs.org/unicode-property-aliases-ecmascript cache-miss
2520 http fetch GET 200 https://registry.npmjs.org/unicode-canonical-property-names-ecmascript 115ms (cache miss)
2521 silly packumentCache full:https://registry.npmjs.org/unicode-canonical-property-names-ecmascript set size:undefined disposed:false
2522 http fetch GET 200 https://registry.npmjs.org/unicode-property-aliases-ecmascript 123ms (cache miss)
2523 silly packumentCache full:https://registry.npmjs.org/unicode-property-aliases-ecmascript set size:undefined disposed:false
2524 silly placeDep ROOT es-errors@1.3.0 OK for: resolve@1.22.12 want: ^1.3.0
2525 silly placeDep ROOT is-core-module@2.16.2 OK for: resolve@1.22.12 want: ^2.16.1
2526 silly placeDep ROOT path-parse@1.0.7 OK for: resolve@1.22.12 want: ^1.0.7
2527 silly placeDep ROOT supports-preserve-symlinks-flag@1.0.0 OK for: resolve@1.22.12 want: ^1.0.0
2528 silly fetch manifest hasown@^2.0.3
2529 silly packumentCache full:https://registry.npmjs.org/hasown cache-miss
2530 http fetch GET 200 https://registry.npmjs.org/hasown 123ms (cache miss)
2531 silly packumentCache full:https://registry.npmjs.org/hasown set size:undefined disposed:false
2532 silly placeDep ROOT hasown@2.0.3 OK for: is-core-module@2.16.2 want: ^2.0.3
2533 silly fetch manifest function-bind@^1.1.2
2534 silly packumentCache full:https://registry.npmjs.org/function-bind cache-miss
2535 http fetch GET 200 https://registry.npmjs.org/function-bind 117ms (cache miss)
2536 silly packumentCache full:https://registry.npmjs.org/function-bind set size:undefined disposed:false
2537 silly placeDep ROOT function-bind@1.1.2 OK for: hasown@2.0.3 want: ^1.1.2
2538 silly placeDep node_modules/serve-static encodeurl@2.0.0 OK for: serve-static@1.16.3 want: ~2.0.0
2539 silly placeDep ROOT send@0.19.2 OK for: serve-static@1.16.3 want: ~0.19.1
2540 silly fetch manifest depd@2.0.0
2541 silly packumentCache full:https://registry.npmjs.org/depd cache-miss
2542 silly fetch manifest etag@~1.8.1
2543 silly packumentCache full:https://registry.npmjs.org/etag cache-miss
2544 silly fetch manifest mime@1.6.0
2545 silly packumentCache full:https://registry.npmjs.org/mime cache-miss
2546 silly fetch manifest fresh@~0.5.2
2547 silly packumentCache full:https://registry.npmjs.org/fresh cache-miss
2548 silly fetch manifest destroy@1.2.0
2549 silly packumentCache full:https://registry.npmjs.org/destroy cache-miss
2550 silly fetch manifest statuses@~2.0.2
2551 silly packumentCache full:https://registry.npmjs.org/statuses cache-miss
2552 silly fetch manifest http-errors@~2.0.1
2553 silly packumentCache full:https://registry.npmjs.org/http-errors cache-miss
2554 silly fetch manifest on-finished@~2.4.1
2555 silly packumentCache full:https://registry.npmjs.org/on-finished cache-miss
2556 silly fetch manifest range-parser@~1.2.1
2557 silly packumentCache full:https://registry.npmjs.org/range-parser cache-miss
2558 http cache https://registry.npmjs.org/on-finished 5ms (cache hit)
2559 silly packumentCache full:https://registry.npmjs.org/on-finished set size:23212 disposed:false
2560 http cache https://registry.npmjs.org/statuses 7ms (cache hit)
2561 silly packumentCache full:https://registry.npmjs.org/statuses set size:37117 disposed:false
2562 http fetch GET 200 https://registry.npmjs.org/destroy 113ms (cache miss)
2563 silly packumentCache full:https://registry.npmjs.org/destroy set size:undefined disposed:false
2564 http fetch GET 200 https://registry.npmjs.org/fresh 121ms (cache miss)
2565 silly packumentCache full:https://registry.npmjs.org/fresh set size:undefined disposed:false
2566 http fetch GET 200 https://registry.npmjs.org/depd 122ms (cache miss)
2567 silly packumentCache full:https://registry.npmjs.org/depd set size:undefined disposed:false
2568 http fetch GET 200 https://registry.npmjs.org/etag 127ms (cache miss)
2569 silly packumentCache full:https://registry.npmjs.org/etag set size:undefined disposed:false
2570 http fetch GET 200 https://registry.npmjs.org/mime 132ms (cache miss)
2571 silly packumentCache full:https://registry.npmjs.org/mime set size:undefined disposed:false
2572 http fetch GET 200 https://registry.npmjs.org/range-parser 132ms (cache miss)
2573 silly packumentCache full:https://registry.npmjs.org/range-parser set size:undefined disposed:false
2574 http fetch GET 200 https://registry.npmjs.org/http-errors 137ms (cache miss)
2575 silly packumentCache full:https://registry.npmjs.org/http-errors set size:undefined disposed:false
2576 silly placeDep node_modules/send debug@2.6.9 OK for: send@0.19.2 want: 2.6.9
2577 silly placeDep ROOT depd@2.0.0 OK for: send@0.19.2 want: 2.0.0
2578 silly placeDep ROOT destroy@1.2.0 OK for: send@0.19.2 want: 1.2.0
2579 silly placeDep node_modules/send encodeurl@2.0.0 OK for: send@0.19.2 want: ~2.0.0
2580 silly placeDep ROOT etag@1.8.1 OK for: send@0.19.2 want: ~1.8.1
2581 silly placeDep ROOT fresh@0.5.2 OK for: send@0.19.2 want: ~0.5.2
2582 silly placeDep ROOT http-errors@2.0.1 OK for: send@0.19.2 want: ~2.0.1
2583 silly placeDep ROOT mime@1.6.0 OK for: send@0.19.2 want: 1.6.0
2584 silly placeDep node_modules/send on-finished@2.4.1 OK for: send@0.19.2 want: ~2.4.1
2585 silly placeDep ROOT range-parser@1.2.1 OK for: send@0.19.2 want: ~1.2.1
2586 silly placeDep node_modules/send statuses@2.0.2 OK for: send@0.19.2 want: ~2.0.2
2587 silly fetch manifest setprototypeof@~1.2.0
2588 silly packumentCache full:https://registry.npmjs.org/setprototypeof cache-miss
2589 silly fetch manifest toidentifier@~1.0.1
2590 silly packumentCache full:https://registry.npmjs.org/toidentifier cache-miss
2591 http fetch GET 200 https://registry.npmjs.org/setprototypeof 118ms (cache miss)
2592 silly packumentCache full:https://registry.npmjs.org/setprototypeof set size:undefined disposed:false
2593 http fetch GET 200 https://registry.npmjs.org/toidentifier 131ms (cache miss)
2594 silly packumentCache full:https://registry.npmjs.org/toidentifier set size:undefined disposed:false
2595 silly placeDep ROOT setprototypeof@1.2.0 OK for: http-errors@2.0.1 want: ~1.2.0
2596 silly placeDep node_modules/http-errors statuses@2.0.2 OK for: http-errors@2.0.1 want: ~2.0.2
2597 silly placeDep ROOT toidentifier@1.0.1 OK for: http-errors@2.0.1 want: ~1.0.1
2598 silly placeDep ROOT shebang-regex@3.0.0 OK for: shebang-command@2.0.0 want: ^3.0.0
2599 silly placeDep ROOT is-arrayish@0.3.4 OK for: simple-swizzle@0.2.4 want: ^0.3.1
2600 silly placeDep ROOT type-fest@0.7.1 OK for: stacktrace-parser@0.1.11 want: ^0.7.1
2601 silly placeDep ROOT has-flag@4.0.0 OK for: supports-color@7.2.0 want: ^4.0.0
2602 silly placeDep ROOT @jridgewell/source-map@0.3.11 OK for: terser@5.48.0 want: ^0.3.3
2603 silly placeDep ROOT acorn@8.16.0 OK for: terser@5.48.0 want: ^8.15.0
2604 silly placeDep node_modules/terser commander@2.20.3 OK for: terser@5.48.0 want: ^2.20.0
2605 silly placeDep ROOT source-map-support@0.5.21 OK for: terser@5.48.0 want: ~0.5.20
2606 silly fetch manifest buffer-from@^1.0.0
2607 silly packumentCache full:https://registry.npmjs.org/buffer-from cache-miss
2608 silly fetch manifest source-map@^0.6.0
2609 silly packumentCache full:https://registry.npmjs.org/source-map cache-hit
2610 http fetch GET 200 https://registry.npmjs.org/buffer-from 122ms (cache miss)
2611 silly packumentCache full:https://registry.npmjs.org/buffer-from set size:undefined disposed:false
2612 silly placeDep ROOT buffer-from@1.1.2 OK for: source-map-support@0.5.21 want: ^1.0.0
2613 silly placeDep node_modules/source-map-support source-map@0.6.1 OK for: source-map-support@0.5.21 want: ^0.6.0
2614 silly placeDep node_modules/tinyglobby fdir@6.5.0 OK for: tinyglobby@0.2.16 want: ^6.5.0
2615 silly placeDep node_modules/tinyglobby picomatch@4.0.4 OK for: fdir@6.5.0 want: ^3 || ^4
2616 silly placeDep ROOT is-number@7.0.0 OK for: to-regex-range@5.0.1 want: ^7.0.0
2617 silly placeDep ROOT unicode-canonical-property-names-ecmascript@2.0.1 OK for: unicode-match-property-ecmascript@2.0.0 want: ^2.0.0
2618 silly placeDep ROOT unicode-property-aliases-ecmascript@2.2.0 OK for: unicode-match-property-ecmascript@2.0.0 want: ^2.0.0
2619 silly placeDep ROOT escalade@3.2.0 OK for: update-browserslist-db@1.2.3 want: ^3.2.0
2620 silly placeDep ROOT makeerror@1.0.12 OK for: walker@1.0.8 want: 1.0.12
2621 silly fetch manifest tmpl@1.0.5
2622 silly packumentCache full:https://registry.npmjs.org/tmpl cache-miss
2623 http fetch GET 200 https://registry.npmjs.org/tmpl 115ms (cache miss)
2624 silly packumentCache full:https://registry.npmjs.org/tmpl set size:undefined disposed:false
2625 silly placeDep ROOT tmpl@1.0.5 OK for: makeerror@1.0.12 want: 1.0.5
2626 silly placeDep ROOT isexe@2.0.0 OK for: which@2.0.2 want: ^2.0.0
2627 silly placeDep ROOT simple-plist@1.3.1 OK for: xcode@3.0.1 want: ^1.1.0
2628 silly placeDep node_modules/xcode uuid@7.0.3 OK for: xcode@3.0.1 want: ^7.0.3
2629 silly fetch manifest bplist-parser@0.3.1
2630 silly packumentCache full:https://registry.npmjs.org/bplist-parser cache-miss
2631 silly fetch manifest plist@^3.0.5
2632 silly packumentCache full:https://registry.npmjs.org/plist cache-miss
2633 http cache https://registry.npmjs.org/bplist-parser 4ms (cache hit)
2634 silly packumentCache full:https://registry.npmjs.org/bplist-parser set size:21877 disposed:false
2635 http fetch GET 200 https://registry.npmjs.org/plist 117ms (cache miss)
2636 silly packumentCache full:https://registry.npmjs.org/plist set size:undefined disposed:false
2637 silly placeDep ROOT bplist-creator@0.1.0 OK for: simple-plist@1.3.1 want: 0.1.0
2638 silly placeDep ROOT bplist-parser@0.3.1 OK for: simple-plist@1.3.1 want: 0.3.1
2639 silly placeDep ROOT plist@3.1.1 OK for: simple-plist@1.3.1 want: ^3.0.5
2640 silly fetch manifest stream-buffers@2.2.x
2641 silly packumentCache full:https://registry.npmjs.org/stream-buffers cache-miss
2642 silly fetch manifest big-integer@1.6.x
2643 silly packumentCache full:https://registry.npmjs.org/big-integer cache-miss
2644 silly fetch manifest @xmldom/xmldom@^0.9.10
2645 silly packumentCache full:https://registry.npmjs.org/@xmldom%2fxmldom cache-miss
2646 http cache https://registry.npmjs.org/@xmldom%2fxmldom 4ms (cache hit)
2647 silly packumentCache full:https://registry.npmjs.org/@xmldom%2fxmldom set size:166253 disposed:false
2648 http fetch GET 200 https://registry.npmjs.org/stream-buffers 122ms (cache miss)
2649 silly packumentCache full:https://registry.npmjs.org/stream-buffers set size:undefined disposed:false
2650 http fetch GET 200 https://registry.npmjs.org/big-integer 135ms (cache miss)
2651 silly packumentCache full:https://registry.npmjs.org/big-integer set size:undefined disposed:false
2652 silly placeDep ROOT stream-buffers@2.2.0 OK for: bplist-creator@0.1.0 want: 2.2.x
2653 silly placeDep ROOT big-integer@1.6.52 OK for: bplist-parser@0.3.1 want: 1.6.x
2654 silly placeDep node_modules/plist @xmldom/xmldom@0.9.10 OK for: plist@3.1.1 want: ^0.9.10
2655 silly placeDep ROOT sax@1.6.0 OK for: xml2js@0.6.0 want: >=0.6.0
2656 silly placeDep node_modules/xml2js xmlbuilder@11.0.1 OK for: xml2js@0.6.0 want: ~11.0.0
2657 silly placeDep ROOT cliui@8.0.1 OK for: yargs@17.7.2 want: ^8.0.1
2658 silly placeDep ROOT get-caller-file@2.0.5 OK for: yargs@17.7.2 want: ^2.0.5
2659 silly placeDep ROOT require-directory@2.1.1 OK for: yargs@17.7.2 want: ^2.1.1
2660 silly placeDep ROOT string-width@4.2.3 OK for: yargs@17.7.2 want: ^4.2.3
2661 silly placeDep ROOT y18n@5.0.8 OK for: yargs@17.7.2 want: ^5.0.5
2662 silly placeDep ROOT yargs-parser@21.1.1 OK for: yargs@17.7.2 want: ^21.1.1
2663 silly fetch manifest strip-ansi@^6.0.1
2664 silly packumentCache full:https://registry.npmjs.org/strip-ansi cache-miss
2665 silly fetch manifest string-width@^4.2.0
2666 silly packumentCache full:https://registry.npmjs.org/string-width cache-miss
2667 silly fetch manifest strip-ansi@^6.0.1
2668 silly packumentCache full:https://registry.npmjs.org/strip-ansi cache-miss
2669 silly fetch manifest emoji-regex@^8.0.0
2670 silly packumentCache full:https://registry.npmjs.org/emoji-regex cache-miss
2671 silly fetch manifest is-fullwidth-code-point@^3.0.0
2672 silly packumentCache full:https://registry.npmjs.org/is-fullwidth-code-point cache-miss
2673 http cache https://registry.npmjs.org/string-width 5ms (cache hit)
2674 silly packumentCache full:https://registry.npmjs.org/string-width set size:70381 disposed:false
2675 http fetch GET 200 https://registry.npmjs.org/strip-ansi 118ms (cache miss)
2676 silly packumentCache full:https://registry.npmjs.org/strip-ansi set size:undefined disposed:false
2677 http fetch GET 200 https://registry.npmjs.org/strip-ansi 127ms (cache miss)
2678 silly packumentCache full:https://registry.npmjs.org/strip-ansi set size:undefined disposed:false
2679 http fetch GET 200 https://registry.npmjs.org/is-fullwidth-code-point 132ms (cache miss)
2680 silly packumentCache full:https://registry.npmjs.org/is-fullwidth-code-point set size:undefined disposed:false
2681 http fetch GET 200 https://registry.npmjs.org/emoji-regex 144ms (cache miss)
2682 silly packumentCache full:https://registry.npmjs.org/emoji-regex set size:undefined disposed:false
2683 silly placeDep ROOT strip-ansi@6.0.1 OK for: cliui@8.0.1 want: ^6.0.1
2684 silly placeDep ROOT wrap-ansi@7.0.0 OK for: cliui@8.0.1 want: ^7.0.0
2685 silly placeDep ROOT emoji-regex@8.0.0 OK for: string-width@4.2.3 want: ^8.0.0
2686 silly placeDep ROOT is-fullwidth-code-point@3.0.0 OK for: string-width@4.2.3 want: ^3.0.0
2687 silly placeDep node_modules/connect ms@2.0.0 OK for: debug@2.6.9 want: 2.0.0
2688 silly fetch manifest utf-8-validate@>=5.0.2
2689 silly packumentCache full:https://registry.npmjs.org/utf-8-validate cache-miss
2690 http cache https://registry.npmjs.org/utf-8-validate 2ms (cache hit)
2691 silly packumentCache full:https://registry.npmjs.org/utf-8-validate set size:77148 disposed:false
2692 silly fetch manifest @expo/metro-runtime@^56.0.11
2693 silly packumentCache full:https://registry.npmjs.org/@expo%2fmetro-runtime cache-miss
2694 http cache https://registry.npmjs.org/@expo%2fmetro-runtime 4ms (cache hit)
2695 silly packumentCache full:https://registry.npmjs.org/@expo%2fmetro-runtime set size:696944 disposed:false
2696 silly fetch manifest expo-constants@^56.0.14
2697 silly packumentCache full:https://registry.npmjs.org/expo-constants cache-miss
2698 http cache https://registry.npmjs.org/expo-constants 3ms (cache hit)
2699 silly packumentCache full:https://registry.npmjs.org/expo-constants set size:1067124 disposed:false
2700 silly fetch manifest expo-font@^56.0.5
2701 silly packumentCache full:https://registry.npmjs.org/expo-font cache-miss
2702 http cache https://registry.npmjs.org/expo-font 3ms (cache hit)
2703 silly packumentCache full:https://registry.npmjs.org/expo-font set size:913788 disposed:false
2704 silly placeDep ROOT @expo/code-signing-certificates@0.0.6 OK for: @expo/cli@56.1.10 want: ^0.0.6
2705 silly placeDep ROOT @expo/devcert@1.2.1 OK for: @expo/cli@56.1.10 want: ^1.2.1
2706 silly placeDep ROOT @expo/inline-modules@0.0.9 OK for: @expo/cli@56.1.10 want: ^0.0.9
2707 silly placeDep ROOT @expo/metro-file-map@56.0.3 OK for: @expo/cli@56.1.10 want: ^56.0.3
2708 silly placeDep ROOT @expo/osascript@2.6.0 OK for: @expo/cli@56.1.10 want: ^2.6.0
2709 silly placeDep ROOT @expo/package-manager@1.12.0 OK for: @expo/cli@56.1.10 want: ^1.12.0
2710 silly placeDep ROOT @expo/prebuild-config@56.0.12 OK for: @expo/cli@56.1.10 want: ^56.0.12
2711 silly placeDep node_modules/expo/node_modules/@expo/cli @expo/router-server@56.0.11 CONFLICT for: @expo/cli@56.1.10 want: ^56.0.11
2712 silly placeDep ROOT expo-server@56.0.4 OK for: @expo/router-server@56.0.11 want: ^56.0.4
2713 silly placeDep ROOT @expo/schema-utils@56.0.1 OK for: @expo/cli@56.1.10 want: ^56.0.0
2714 silly placeDep ROOT @expo/ws-tunnel@1.0.6 OK for: @expo/cli@56.1.10 want: ^1.0.1
2715 silly placeDep ROOT @expo/xcpretty@4.4.4 OK for: @expo/cli@56.1.10 want: ^4.4.4
2716 silly placeDep node_modules/expo accepts@1.3.8 OK for: @expo/cli@56.1.10 want: ^1.3.8
2717 silly placeDep node_modules/expo ci-info@3.9.0 OK for: @expo/cli@56.1.10 want: ^3.3.0
2718 silly placeDep ROOT compression@1.8.1 OK for: @expo/cli@56.1.10 want: ^1.7.4
2719 silly placeDep ROOT dnssd-advertise@1.1.4 OK for: @expo/cli@56.1.10 want: ^1.1.4
2720 silly placeDep ROOT fetch-nodeshim@0.4.10 OK for: @expo/cli@56.1.10 want: ^0.4.10
2721 silly placeDep ROOT lan-network@0.2.1 OK for: @expo/cli@56.1.10 want: ^0.2.1
2722 silly placeDep ROOT multitars@1.0.0 OK for: @expo/cli@56.1.10 want: ^1.0.0
2723 silly placeDep ROOT node-forge@1.4.0 OK for: @expo/cli@56.1.10 want: ^1.3.3
2724 silly placeDep ROOT npm-package-arg@11.0.3 OK for: @expo/cli@56.1.10 want: ^11.0.0
2725 silly placeDep ROOT ora@3.4.0 OK for: @expo/cli@56.1.10 want: ^3.4.0
2726 silly placeDep node_modules/expo picomatch@4.0.4 OK for: @expo/cli@56.1.10 want: ^4.0.4
2727 silly placeDep ROOT progress@2.0.3 OK for: @expo/cli@56.1.10 want: ^2.0.3
2728 silly placeDep ROOT prompts@2.4.2 OK for: @expo/cli@56.1.10 want: ^2.3.2
2729 silly placeDep node_modules/expo semver@7.8.1 OK for: @expo/cli@56.1.10 want: ^7.6.0
2730 silly placeDep ROOT structured-headers@0.4.1 OK for: @expo/cli@56.1.10 want: ^0.4.1
2731 silly placeDep ROOT terminal-link@2.1.1 OK for: @expo/cli@56.1.10 want: ^2.1.1
2732 silly placeDep ROOT toqr@0.1.1 OK for: @expo/cli@56.1.10 want: ^0.1.1
2733 silly placeDep node_modules/expo ws@8.20.1 OK for: @expo/cli@56.1.10 want: ^8.12.1
2734 silly placeDep ROOT zod@3.25.76 OK for: @expo/cli@56.1.10 want: ^3.25.76
2735 silly fetch manifest debug@^3.1.0
2736 silly packumentCache full:https://registry.npmjs.org/debug cache-hit
2737 silly fetch manifest @expo/sudo-prompt@^9.3.1
2738 silly packumentCache full:https://registry.npmjs.org/@expo%2fsudo-prompt cache-miss
2739 silly fetch manifest js-yaml@^4.1.0
2740 silly packumentCache full:https://registry.npmjs.org/js-yaml cache-miss
2741 silly fetch manifest mime-types@~2.1.34
2742 silly packumentCache full:https://registry.npmjs.org/mime-types cache-hit
2743 silly fetch manifest negotiator@0.6.3
2744 silly packumentCache full:https://registry.npmjs.org/negotiator cache-miss
2745 silly fetch manifest vary@~1.1.2
2746 silly packumentCache full:https://registry.npmjs.org/vary cache-miss
2747 silly fetch manifest bytes@3.1.2
2748 silly packumentCache full:https://registry.npmjs.org/bytes cache-miss
2749 silly fetch manifest negotiator@~0.6.4
2750 silly packumentCache full:https://registry.npmjs.org/negotiator cache-miss
2751 silly fetch manifest on-headers@~1.1.0
2752 silly packumentCache full:https://registry.npmjs.org/on-headers cache-miss
2753 silly fetch manifest safe-buffer@5.2.1
2754 silly packumentCache full:https://registry.npmjs.org/safe-buffer cache-miss
2755 silly fetch manifest compressible@~2.0.18
2756 silly packumentCache full:https://registry.npmjs.org/compressible cache-miss
2757 http cache https://registry.npmjs.org/negotiator 3ms (cache hit)
2758 silly packumentCache full:https://registry.npmjs.org/negotiator set size:48046 disposed:false
2759 silly fetch manifest semver@^7.3.5
2760 silly packumentCache full:https://registry.npmjs.org/semver cache-hit
2761 silly fetch manifest proc-log@^4.0.0
2762 silly packumentCache full:https://registry.npmjs.org/proc-log cache-miss
2763 http cache https://registry.npmjs.org/negotiator 4ms (cache hit)
2764 silly packumentCache full:https://registry.npmjs.org/negotiator set size:48046 disposed:false
2765 silly packumentCache full:https://registry.npmjs.org/negotiator dispose
2766 silly fetch manifest hosted-git-info@^7.0.0
2767 silly packumentCache full:https://registry.npmjs.org/hosted-git-info cache-miss
2768 http fetch GET 200 https://registry.npmjs.org/vary 119ms (cache miss)
2769 silly packumentCache full:https://registry.npmjs.org/vary set size:undefined disposed:false
2770 silly fetch manifest validate-npm-package-name@^5.0.0
2771 silly packumentCache full:https://registry.npmjs.org/validate-npm-package-name cache-miss
2772 http fetch GET 200 https://registry.npmjs.org/safe-buffer 124ms (cache miss)
2773 silly packumentCache full:https://registry.npmjs.org/safe-buffer set size:undefined disposed:false
2774 silly fetch manifest chalk@^2.4.2
2775 silly packumentCache full:https://registry.npmjs.org/chalk cache-hit
2776 silly fetch manifest wcwidth@^1.0.1
2777 silly packumentCache full:https://registry.npmjs.org/wcwidth cache-miss
2778 http fetch GET 200 https://registry.npmjs.org/compressible 128ms (cache miss)
2779 silly packumentCache full:https://registry.npmjs.org/compressible set size:undefined disposed:false
2780 silly fetch manifest cli-cursor@^2.1.0
2781 silly packumentCache full:https://registry.npmjs.org/cli-cursor cache-miss
2782 http fetch GET 200 https://registry.npmjs.org/@expo%2fsudo-prompt 130ms (cache miss)
2783 silly packumentCache full:https://registry.npmjs.org/@expo%2fsudo-prompt set size:undefined disposed:false
2784 silly fetch manifest strip-ansi@^5.2.0
2785 silly packumentCache full:https://registry.npmjs.org/strip-ansi cache-miss
2786 http fetch GET 200 https://registry.npmjs.org/js-yaml 130ms (cache miss)
2787 silly packumentCache full:https://registry.npmjs.org/js-yaml set size:undefined disposed:false
2788 silly fetch manifest log-symbols@^2.2.0
2789 silly packumentCache full:https://registry.npmjs.org/log-symbols cache-miss
2790 http cache https://registry.npmjs.org/strip-ansi 3ms (cache hit)
2791 silly packumentCache full:https://registry.npmjs.org/strip-ansi set size:44998 disposed:false
2792 silly fetch manifest cli-spinners@^2.0.0
2793 silly packumentCache full:https://registry.npmjs.org/cli-spinners cache-miss
2794 http fetch GET 200 https://registry.npmjs.org/on-headers 140ms (cache miss)
2795 silly packumentCache full:https://registry.npmjs.org/on-headers set size:undefined disposed:false
2796 silly fetch manifest kleur@^3.0.3
2797 silly packumentCache full:https://registry.npmjs.org/kleur cache-miss
2798 http fetch GET 200 https://registry.npmjs.org/proc-log 138ms (cache miss)
2799 silly packumentCache full:https://registry.npmjs.org/proc-log set size:undefined disposed:false
2800 silly fetch manifest sisteransi@^1.0.5
2801 silly packumentCache full:https://registry.npmjs.org/sisteransi cache-miss
2802 http fetch GET 200 https://registry.npmjs.org/bytes 142ms (cache miss)
2803 silly packumentCache full:https://registry.npmjs.org/bytes set size:undefined disposed:false
2804 silly fetch manifest ansi-escapes@^4.2.1
2805 silly packumentCache full:https://registry.npmjs.org/ansi-escapes cache-miss
2806 http fetch GET 200 https://registry.npmjs.org/hosted-git-info 142ms (cache miss)
2807 silly packumentCache full:https://registry.npmjs.org/hosted-git-info set size:undefined disposed:false
2808 silly fetch manifest supports-hyperlinks@^2.0.0
2809 silly packumentCache full:https://registry.npmjs.org/supports-hyperlinks cache-miss
2810 http fetch GET 200 https://registry.npmjs.org/wcwidth 124ms (cache miss)
2811 silly packumentCache full:https://registry.npmjs.org/wcwidth set size:undefined disposed:false
2812 http fetch GET 200 https://registry.npmjs.org/cli-cursor 120ms (cache miss)
2813 silly packumentCache full:https://registry.npmjs.org/cli-cursor set size:undefined disposed:false
2814 http fetch GET 200 https://registry.npmjs.org/log-symbols 133ms (cache miss)
2815 silly packumentCache full:https://registry.npmjs.org/log-symbols set size:undefined disposed:false
2816 http fetch GET 200 https://registry.npmjs.org/cli-spinners 131ms (cache miss)
2817 silly packumentCache full:https://registry.npmjs.org/cli-spinners set size:undefined disposed:false
2818 http fetch GET 200 https://registry.npmjs.org/validate-npm-package-name 144ms (cache miss)
2819 silly packumentCache full:https://registry.npmjs.org/validate-npm-package-name set size:undefined disposed:false
2820 http fetch GET 200 https://registry.npmjs.org/ansi-escapes 143ms (cache miss)
2821 silly packumentCache full:https://registry.npmjs.org/ansi-escapes set size:undefined disposed:false
2822 http fetch GET 200 https://registry.npmjs.org/kleur 145ms (cache miss)
2823 silly packumentCache full:https://registry.npmjs.org/kleur set size:undefined disposed:false
2824 http fetch GET 200 https://registry.npmjs.org/sisteransi 145ms (cache miss)
2825 silly packumentCache full:https://registry.npmjs.org/sisteransi set size:undefined disposed:false
2826 http fetch GET 200 https://registry.npmjs.org/supports-hyperlinks 143ms (cache miss)
2827 silly packumentCache full:https://registry.npmjs.org/supports-hyperlinks set size:undefined disposed:false
2828 silly placeDep ROOT @expo/sudo-prompt@9.3.2 OK for: @expo/devcert@1.2.1 want: ^9.3.1
2829 silly placeDep node_modules/@expo/devcert debug@3.2.7 OK for: @expo/devcert@1.2.1 want: ^3.1.0
2830 silly placeDep node_modules/@expo/prebuild-config semver@7.8.1 OK for: @expo/prebuild-config@56.0.12 want: ^7.6.0
2831 silly placeDep ROOT js-yaml@4.1.1 OK for: @expo/xcpretty@4.4.4 want: ^4.1.0
2832 silly fetch manifest argparse@^2.0.1
2833 silly packumentCache full:https://registry.npmjs.org/argparse cache-miss
2834 http fetch GET 200 https://registry.npmjs.org/argparse 116ms (cache miss)
2835 silly packumentCache full:https://registry.npmjs.org/argparse set size:undefined disposed:false
2836 silly placeDep ROOT bytes@3.1.2 OK for: compression@1.8.1 want: 3.1.2
2837 silly placeDep ROOT compressible@2.0.18 OK for: compression@1.8.1 want: ~2.0.18
2838 silly placeDep node_modules/compression debug@2.6.9 OK for: compression@1.8.1 want: 2.6.9
2839 silly placeDep node_modules/compression negotiator@0.6.4 OK for: compression@1.8.1 want: ~0.6.4
2840 silly placeDep ROOT on-headers@1.1.0 OK for: compression@1.8.1 want: ~1.1.0
2841 silly placeDep ROOT safe-buffer@5.2.1 OK for: compression@1.8.1 want: 5.2.1
2842 silly placeDep ROOT vary@1.1.2 OK for: compression@1.8.1 want: ~1.1.2
2843 silly placeDep ROOT argparse@2.0.1 OK for: js-yaml@4.1.1 want: ^2.0.1
2844 silly placeDep ROOT hosted-git-info@7.0.2 OK for: npm-package-arg@11.0.3 want: ^7.0.0
2845 silly placeDep ROOT proc-log@4.2.0 OK for: npm-package-arg@11.0.3 want: ^4.0.0
2846 silly placeDep node_modules/npm-package-arg semver@7.8.1 OK for: npm-package-arg@11.0.3 want: ^7.3.5
2847 silly placeDep ROOT validate-npm-package-name@5.0.1 OK for: npm-package-arg@11.0.3 want: ^5.0.0
2848 silly fetch manifest lru-cache@^10.0.1
2849 silly packumentCache full:https://registry.npmjs.org/lru-cache cache-hit
2850 silly placeDep node_modules/hosted-git-info lru-cache@10.4.3 OK for: hosted-git-info@7.0.2 want: ^10.0.1
2851 silly placeDep node_modules/ora chalk@2.4.2 OK for: ora@3.4.0 want: ^2.4.2
2852 silly placeDep ROOT cli-cursor@2.1.0 OK for: ora@3.4.0 want: ^2.1.0
2853 silly placeDep ROOT cli-spinners@2.9.2 OK for: ora@3.4.0 want: ^2.0.0
2854 silly placeDep ROOT log-symbols@2.2.0 OK for: ora@3.4.0 want: ^2.2.0
2855 silly placeDep node_modules/ora strip-ansi@5.2.0 OK for: ora@3.4.0 want: ^5.2.0
2856 silly placeDep ROOT wcwidth@1.0.1 OK for: ora@3.4.0 want: ^1.0.1
2857 silly fetch manifest ansi-styles@^3.2.1
2858 silly packumentCache full:https://registry.npmjs.org/ansi-styles cache-hit
2859 silly fetch manifest supports-color@^5.3.0
2860 silly packumentCache full:https://registry.npmjs.org/supports-color cache-hit
2861 silly fetch manifest escape-string-regexp@^1.0.5
2862 silly packumentCache full:https://registry.npmjs.org/escape-string-regexp cache-miss
2863 silly fetch manifest restore-cursor@^2.0.0
2864 silly packumentCache full:https://registry.npmjs.org/restore-cursor cache-miss
2865 silly fetch manifest chalk@^2.0.1
2866 silly packumentCache full:https://registry.npmjs.org/chalk cache-hit
2867 silly fetch manifest ansi-regex@^4.1.0
2868 silly packumentCache full:https://registry.npmjs.org/ansi-regex cache-miss
2869 silly fetch manifest defaults@^1.0.3
2870 silly packumentCache full:https://registry.npmjs.org/defaults cache-miss
2871 http cache https://registry.npmjs.org/escape-string-regexp 4ms (cache hit)
2872 silly packumentCache full:https://registry.npmjs.org/escape-string-regexp set size:22244 disposed:false
2873 http cache https://registry.npmjs.org/ansi-regex 4ms (cache hit)
2874 silly packumentCache full:https://registry.npmjs.org/ansi-regex set size:43572 disposed:false
2875 http fetch GET 200 https://registry.npmjs.org/defaults 116ms (cache miss)
2876 silly packumentCache full:https://registry.npmjs.org/defaults set size:undefined disposed:false
2877 http fetch GET 200 https://registry.npmjs.org/restore-cursor 126ms (cache miss)
2878 silly packumentCache full:https://registry.npmjs.org/restore-cursor set size:undefined disposed:false
2879 silly placeDep ROOT restore-cursor@2.0.0 OK for: cli-cursor@2.1.0 want: ^2.0.0
2880 silly fetch manifest onetime@^2.0.0
2881 silly packumentCache full:https://registry.npmjs.org/onetime cache-miss
2882 silly fetch manifest signal-exit@^3.0.2
2883 silly packumentCache full:https://registry.npmjs.org/signal-exit cache-miss
2884 http fetch GET 200 https://registry.npmjs.org/onetime 121ms (cache miss)
2885 silly packumentCache full:https://registry.npmjs.org/onetime set size:undefined disposed:false
2886 http fetch GET 200 https://registry.npmjs.org/signal-exit 122ms (cache miss)
2887 silly packumentCache full:https://registry.npmjs.org/signal-exit set size:undefined disposed:false
2888 silly placeDep node_modules/log-symbols chalk@2.4.2 OK for: log-symbols@2.2.0 want: ^2.0.1
2889 silly placeDep ROOT kleur@3.0.3 OK for: prompts@2.4.2 want: ^3.0.3
2890 silly placeDep ROOT sisteransi@1.0.5 OK for: prompts@2.4.2 want: ^1.0.5
2891 silly placeDep ROOT onetime@2.0.1 OK for: restore-cursor@2.0.0 want: ^2.0.0
2892 silly placeDep ROOT signal-exit@3.0.7 OK for: restore-cursor@2.0.0 want: ^3.0.2
2893 silly fetch manifest mimic-fn@^1.0.0
2894 silly packumentCache full:https://registry.npmjs.org/mimic-fn cache-miss
2895 http fetch GET 200 https://registry.npmjs.org/mimic-fn 125ms (cache miss)
2896 silly packumentCache full:https://registry.npmjs.org/mimic-fn set size:undefined disposed:false
2897 silly placeDep ROOT mimic-fn@1.2.0 OK for: onetime@2.0.1 want: ^1.0.0
2898 silly placeDep ROOT ansi-escapes@4.3.2 OK for: terminal-link@2.1.1 want: ^4.2.1
2899 silly placeDep ROOT supports-hyperlinks@2.3.0 OK for: terminal-link@2.1.1 want: ^2.0.0
2900 silly fetch manifest type-fest@^0.21.3
2901 silly packumentCache full:https://registry.npmjs.org/type-fest cache-miss
2902 http cache https://registry.npmjs.org/type-fest 3ms (cache hit)
2903 silly packumentCache full:https://registry.npmjs.org/type-fest set size:560517 disposed:false
2904 silly placeDep node_modules/ansi-escapes type-fest@0.21.3 OK for: ansi-escapes@4.3.2 want: ^0.21.3
2905 silly placeDep ROOT defaults@1.0.4 OK for: wcwidth@1.0.1 want: ^1.0.3
2906 silly fetch manifest clone@^1.0.2
2907 silly packumentCache full:https://registry.npmjs.org/clone cache-miss
2908 http fetch GET 200 https://registry.npmjs.org/clone 125ms (cache miss)
2909 silly packumentCache full:https://registry.npmjs.org/clone set size:undefined disposed:false
2910 silly placeDep ROOT clone@1.0.4 OK for: defaults@1.0.4 want: ^1.0.2
2911 silly placeDep node_modules/compression ms@2.0.0 OK for: debug@2.6.9 want: 2.0.0
2912 silly placeDep ROOT lightningcss@1.32.0 OK for: @expo/metro-config@56.0.11 want: ^1.30.1
2913 silly placeDep ROOT msgpackr@2.0.1 OK for: @expo/metro-config@56.0.11 want: ^2.0.1
2914 silly placeDep ROOT postcss@8.5.15 OK for: @expo/metro-config@56.0.11 want: ^8.5.14
2915 silly fetch manifest detect-libc@^2.0.3
2916 silly packumentCache full:https://registry.npmjs.org/detect-libc cache-miss
2917 silly fetch manifest lightningcss-darwin-x64@1.32.0
2918 silly packumentCache full:https://registry.npmjs.org/lightningcss-darwin-x64 cache-miss
2919 silly fetch manifest lightningcss-linux-x64-gnu@1.32.0
2920 silly packumentCache full:https://registry.npmjs.org/lightningcss-linux-x64-gnu cache-miss
2921 silly fetch manifest lightningcss-win32-x64-msvc@1.32.0
2922 silly packumentCache full:https://registry.npmjs.org/lightningcss-win32-x64-msvc cache-miss
2923 silly fetch manifest lightningcss-win32-arm64-msvc@1.32.0
2924 silly packumentCache full:https://registry.npmjs.org/lightningcss-win32-arm64-msvc cache-miss
2925 silly fetch manifest lightningcss-darwin-arm64@1.32.0
2926 silly packumentCache full:https://registry.npmjs.org/lightningcss-darwin-arm64 cache-miss
2927 silly fetch manifest lightningcss-linux-arm64-gnu@1.32.0
2928 silly packumentCache full:https://registry.npmjs.org/lightningcss-linux-arm64-gnu cache-miss
2929 silly fetch manifest lightningcss-linux-arm-gnueabihf@1.32.0
2930 silly packumentCache full:https://registry.npmjs.org/lightningcss-linux-arm-gnueabihf cache-miss
2931 silly fetch manifest lightningcss-linux-arm64-musl@1.32.0
2932 silly packumentCache full:https://registry.npmjs.org/lightningcss-linux-arm64-musl cache-miss
2933 http fetch GET 200 https://registry.npmjs.org/detect-libc 134ms (cache miss)
2934 silly packumentCache full:https://registry.npmjs.org/detect-libc set size:undefined disposed:false
2935 silly fetch manifest lightningcss-linux-x64-musl@1.32.0
2936 silly packumentCache full:https://registry.npmjs.org/lightningcss-linux-x64-musl cache-miss
2937 http fetch GET 200 https://registry.npmjs.org/lightningcss-win32-x64-msvc 141ms (cache miss)
2938 silly packumentCache full:https://registry.npmjs.org/lightningcss-win32-x64-msvc set size:undefined disposed:false
2939 silly fetch manifest lightningcss-freebsd-x64@1.32.0
2940 silly packumentCache full:https://registry.npmjs.org/lightningcss-freebsd-x64 cache-miss
2941 http fetch GET 200 https://registry.npmjs.org/lightningcss-darwin-x64 146ms (cache miss)
2942 silly packumentCache full:https://registry.npmjs.org/lightningcss-darwin-x64 set size:undefined disposed:false
2943 silly fetch manifest lightningcss-android-arm64@1.32.0
2944 silly packumentCache full:https://registry.npmjs.org/lightningcss-android-arm64 cache-miss
2945 http fetch GET 200 https://registry.npmjs.org/lightningcss-linux-arm64-gnu 149ms (cache miss)
2946 silly packumentCache full:https://registry.npmjs.org/lightningcss-linux-arm64-gnu set size:undefined disposed:false
2947 silly fetch manifest msgpackr-extract@^3.0.2
2948 silly packumentCache full:https://registry.npmjs.org/msgpackr-extract cache-miss
2949 http fetch GET 200 https://registry.npmjs.org/lightningcss-win32-arm64-msvc 153ms (cache miss)
2950 silly packumentCache full:https://registry.npmjs.org/lightningcss-win32-arm64-msvc set size:undefined disposed:false
2951 silly fetch manifest source-map-js@^1.2.1
2952 silly packumentCache full:https://registry.npmjs.org/source-map-js cache-miss
2953 http fetch GET 200 https://registry.npmjs.org/lightningcss-darwin-arm64 157ms (cache miss)
2954 silly packumentCache full:https://registry.npmjs.org/lightningcss-darwin-arm64 set size:undefined disposed:false
2955 http fetch GET 200 https://registry.npmjs.org/lightningcss-linux-arm64-musl 158ms (cache miss)
2956 silly packumentCache full:https://registry.npmjs.org/lightningcss-linux-arm64-musl set size:undefined disposed:false
2957 http fetch GET 200 https://registry.npmjs.org/lightningcss-linux-x64-gnu 161ms (cache miss)
2958 silly packumentCache full:https://registry.npmjs.org/lightningcss-linux-x64-gnu set size:undefined disposed:false
2959 http fetch GET 200 https://registry.npmjs.org/lightningcss-linux-arm-gnueabihf 162ms (cache miss)
2960 silly packumentCache full:https://registry.npmjs.org/lightningcss-linux-arm-gnueabihf set size:undefined disposed:false
2961 http fetch GET 200 https://registry.npmjs.org/lightningcss-freebsd-x64 116ms (cache miss)
2962 silly packumentCache full:https://registry.npmjs.org/lightningcss-freebsd-x64 set size:undefined disposed:false
2963 http fetch GET 200 https://registry.npmjs.org/lightningcss-android-arm64 121ms (cache miss)
2964 silly packumentCache full:https://registry.npmjs.org/lightningcss-android-arm64 set size:undefined disposed:false
2965 http fetch GET 200 https://registry.npmjs.org/lightningcss-linux-x64-musl 133ms (cache miss)
2966 silly packumentCache full:https://registry.npmjs.org/lightningcss-linux-x64-musl set size:undefined disposed:false
2967 http fetch GET 200 https://registry.npmjs.org/msgpackr-extract 121ms (cache miss)
2968 silly packumentCache full:https://registry.npmjs.org/msgpackr-extract set size:undefined disposed:false
2969 http fetch GET 200 https://registry.npmjs.org/source-map-js 122ms (cache miss)
2970 silly packumentCache full:https://registry.npmjs.org/source-map-js set size:undefined disposed:false
2971 silly placeDep ROOT detect-libc@2.1.2 OK for: lightningcss@1.32.0 want: ^2.0.3
2972 silly placeDep ROOT lightningcss-android-arm64@1.32.0 OK for: lightningcss@1.32.0 want: 1.32.0
2973 silly placeDep ROOT lightningcss-darwin-arm64@1.32.0 OK for: lightningcss@1.32.0 want: 1.32.0
2974 silly placeDep ROOT lightningcss-darwin-x64@1.32.0 OK for: lightningcss@1.32.0 want: 1.32.0
2975 silly placeDep ROOT lightningcss-freebsd-x64@1.32.0 OK for: lightningcss@1.32.0 want: 1.32.0
2976 silly placeDep ROOT lightningcss-linux-arm-gnueabihf@1.32.0 OK for: lightningcss@1.32.0 want: 1.32.0
2977 silly placeDep ROOT lightningcss-linux-arm64-gnu@1.32.0 OK for: lightningcss@1.32.0 want: 1.32.0
2978 silly placeDep ROOT lightningcss-linux-arm64-musl@1.32.0 OK for: lightningcss@1.32.0 want: 1.32.0
2979 silly placeDep ROOT lightningcss-linux-x64-gnu@1.32.0 OK for: lightningcss@1.32.0 want: 1.32.0
2980 silly placeDep ROOT lightningcss-linux-x64-musl@1.32.0 OK for: lightningcss@1.32.0 want: 1.32.0
2981 silly placeDep ROOT lightningcss-win32-arm64-msvc@1.32.0 OK for: lightningcss@1.32.0 want: 1.32.0
2982 silly placeDep ROOT lightningcss-win32-x64-msvc@1.32.0 OK for: lightningcss@1.32.0 want: 1.32.0
2983 silly placeDep ROOT msgpackr-extract@3.0.3 OK for: msgpackr@2.0.1 want: ^3.0.2
2984 silly fetch manifest node-gyp-build-optional-packages@5.2.2
2985 silly packumentCache full:https://registry.npmjs.org/node-gyp-build-optional-packages cache-miss
2986 silly fetch manifest @msgpackr-extract/msgpackr-extract-darwin-arm64@3.0.3
2987 silly packumentCache full:https://registry.npmjs.org/@msgpackr-extract%2fmsgpackr-extract-darwin-arm64 cache-miss
2988 silly fetch manifest @msgpackr-extract/msgpackr-extract-darwin-x64@3.0.3
2989 silly packumentCache full:https://registry.npmjs.org/@msgpackr-extract%2fmsgpackr-extract-darwin-x64 cache-miss
2990 silly fetch manifest @msgpackr-extract/msgpackr-extract-linux-arm@3.0.3
2991 silly packumentCache full:https://registry.npmjs.org/@msgpackr-extract%2fmsgpackr-extract-linux-arm cache-miss
2992 silly fetch manifest @msgpackr-extract/msgpackr-extract-linux-arm64@3.0.3
2993 silly packumentCache full:https://registry.npmjs.org/@msgpackr-extract%2fmsgpackr-extract-linux-arm64 cache-miss
2994 silly fetch manifest @msgpackr-extract/msgpackr-extract-linux-x64@3.0.3
2995 silly packumentCache full:https://registry.npmjs.org/@msgpackr-extract%2fmsgpackr-extract-linux-x64 cache-miss
2996 silly fetch manifest @msgpackr-extract/msgpackr-extract-win32-x64@3.0.3
2997 silly packumentCache full:https://registry.npmjs.org/@msgpackr-extract%2fmsgpackr-extract-win32-x64 cache-miss
2998 http fetch GET 200 https://registry.npmjs.org/node-gyp-build-optional-packages 124ms (cache miss)
2999 silly packumentCache full:https://registry.npmjs.org/node-gyp-build-optional-packages set size:undefined disposed:false
3000 http fetch GET 200 https://registry.npmjs.org/@msgpackr-extract%2fmsgpackr-extract-darwin-arm64 147ms (cache miss)
3001 silly packumentCache full:https://registry.npmjs.org/@msgpackr-extract%2fmsgpackr-extract-darwin-arm64 set size:undefined disposed:false
3002 http fetch GET 200 https://registry.npmjs.org/@msgpackr-extract%2fmsgpackr-extract-linux-arm64 148ms (cache miss)
3003 silly packumentCache full:https://registry.npmjs.org/@msgpackr-extract%2fmsgpackr-extract-linux-arm64 set size:undefined disposed:false
3004 http fetch GET 200 https://registry.npmjs.org/@msgpackr-extract%2fmsgpackr-extract-darwin-x64 151ms (cache miss)
3005 silly packumentCache full:https://registry.npmjs.org/@msgpackr-extract%2fmsgpackr-extract-darwin-x64 set size:undefined disposed:false
3006 http fetch GET 200 https://registry.npmjs.org/@msgpackr-extract%2fmsgpackr-extract-win32-x64 154ms (cache miss)
3007 silly packumentCache full:https://registry.npmjs.org/@msgpackr-extract%2fmsgpackr-extract-win32-x64 set size:undefined disposed:false
3008 http fetch GET 200 https://registry.npmjs.org/@msgpackr-extract%2fmsgpackr-extract-linux-x64 157ms (cache miss)
3009 silly packumentCache full:https://registry.npmjs.org/@msgpackr-extract%2fmsgpackr-extract-linux-x64 set size:undefined disposed:false
3010 http fetch GET 200 https://registry.npmjs.org/@msgpackr-extract%2fmsgpackr-extract-linux-arm 160ms (cache miss)
3011 silly packumentCache full:https://registry.npmjs.org/@msgpackr-extract%2fmsgpackr-extract-linux-arm set size:undefined disposed:false
3012 silly placeDep ROOT @msgpackr-extract/msgpackr-extract-darwin-arm64@3.0.3 OK for: msgpackr-extract@3.0.3 want: 3.0.3
3013 silly placeDep ROOT @msgpackr-extract/msgpackr-extract-darwin-x64@3.0.3 OK for: msgpackr-extract@3.0.3 want: 3.0.3
3014 silly placeDep ROOT @msgpackr-extract/msgpackr-extract-linux-arm@3.0.3 OK for: msgpackr-extract@3.0.3 want: 3.0.3
3015 silly placeDep ROOT @msgpackr-extract/msgpackr-extract-linux-arm64@3.0.3 OK for: msgpackr-extract@3.0.3 want: 3.0.3
3016 silly placeDep ROOT @msgpackr-extract/msgpackr-extract-linux-x64@3.0.3 OK for: msgpackr-extract@3.0.3 want: 3.0.3
3017 silly placeDep ROOT @msgpackr-extract/msgpackr-extract-win32-x64@3.0.3 OK for: msgpackr-extract@3.0.3 want: 3.0.3
3018 silly placeDep ROOT node-gyp-build-optional-packages@5.2.2 OK for: msgpackr-extract@3.0.3 want: 5.2.2
3019 silly placeDep ROOT source-map-js@1.2.1 OK for: postcss@8.5.15 want: ^1.2.1
3020 silly placeDep node_modules/expo mime-types@2.1.35 OK for: accepts@1.3.8 want: ~2.1.34
3021 silly placeDep node_modules/expo negotiator@0.6.3 OK for: accepts@1.3.8 want: 0.6.3
3022 silly fetch manifest mime-db@1.52.0
3023 silly packumentCache full:https://registry.npmjs.org/mime-db cache-miss
3024 http cache https://registry.npmjs.org/mime-db 2ms (cache hit)
3025 silly packumentCache full:https://registry.npmjs.org/mime-db set size:164953 disposed:false
3026 silly fetch manifest @babel/core@^7.12.0
3027 silly packumentCache full:https://registry.npmjs.org/@babel%2fcore cache-hit
3028 silly placeDep ROOT @babel/plugin-proposal-decorators@7.29.0 OK for: babel-preset-expo@56.0.11 want: ^7.12.9
3029 silly placeDep ROOT @babel/plugin-transform-class-static-block@7.28.6 OK for: babel-preset-expo@56.0.11 want: ^7.27.1
3030 silly placeDep ROOT @babel/plugin-transform-export-namespace-from@7.27.1 OK for: babel-preset-expo@56.0.11 want: ^7.25.9
3031 silly placeDep ROOT @babel/plugin-transform-logical-assignment-operators@7.28.6 OK for: babel-preset-expo@56.0.11 want: ^7.24.7
3032 silly placeDep ROOT @babel/plugin-transform-object-rest-spread@7.28.6 OK for: babel-preset-expo@56.0.11 want: ^7.24.7
3033 silly placeDep ROOT @babel/plugin-transform-parameters@7.27.7 OK for: babel-preset-expo@56.0.11 want: ^7.24.7
3034 silly placeDep ROOT @babel/plugin-transform-react-jsx-development@7.27.1 OK for: babel-preset-expo@56.0.11 want: ^7.27.1
3035 silly placeDep ROOT @babel/plugin-transform-react-pure-annotations@7.27.1 OK for: babel-preset-expo@56.0.11 want: ^7.27.1
3036 silly placeDep ROOT babel-plugin-react-compiler@1.0.0 OK for: babel-preset-expo@56.0.11 want: ^1.0.0
3037 silly placeDep ROOT babel-plugin-react-native-web@0.21.2 OK for: babel-preset-expo@56.0.11 want: ~0.21.0
3038 silly fetch manifest @babel/plugin-syntax-decorators@^7.28.6
3039 silly packumentCache full:https://registry.npmjs.org/@babel%2fplugin-syntax-decorators cache-miss
3040 silly fetch manifest @babel/plugin-transform-parameters@^7.27.7
3041 silly packumentCache full:https://registry.npmjs.org/@babel%2fplugin-transform-parameters cache-miss
3042 http cache https://registry.npmjs.org/@babel%2fplugin-transform-parameters 3ms (cache hit)
3043 silly packumentCache full:https://registry.npmjs.org/@babel%2fplugin-transform-parameters set size:273530 disposed:false
3044 http fetch GET 200 https://registry.npmjs.org/@babel%2fplugin-syntax-decorators 153ms (cache miss)
3045 silly packumentCache full:https://registry.npmjs.org/@babel%2fplugin-syntax-decorators set size:undefined disposed:false
3046 silly placeDep ROOT @babel/plugin-syntax-decorators@7.28.6 OK for: @babel/plugin-proposal-decorators@7.29.0 want: ^7.28.6
3047 silly placeDep ROOT fontfaceobserver@2.3.0 OK for: expo-font@56.0.5 want: ^2.1.0
3048 silly placeDep node_modules/expo mime-db@1.52.0 OK for: mime-types@2.1.35 want: 1.52.0
3049 silly placeDep node_modules/finalhandler ms@2.0.0 OK for: debug@2.6.9 want: 2.0.0
3050 silly placeDep node_modules/lighthouse-logger ms@2.0.0 OK for: debug@2.6.9 want: 2.0.0
3051 silly placeDep node_modules/log-symbols ansi-styles@3.2.1 OK for: chalk@2.4.2 want: ^3.2.1
3052 silly placeDep node_modules/log-symbols escape-string-regexp@1.0.5 OK for: chalk@2.4.2 want: ^1.0.5
3053 silly placeDep node_modules/log-symbols supports-color@5.5.0 OK for: chalk@2.4.2 want: ^5.3.0
3054 silly fetch manifest color-convert@^1.9.0
3055 silly packumentCache full:https://registry.npmjs.org/color-convert cache-miss
3056 silly fetch manifest has-flag@^3.0.0
3057 silly packumentCache full:https://registry.npmjs.org/has-flag cache-miss
3058 http cache https://registry.npmjs.org/color-convert 2ms (cache hit)
3059 silly packumentCache full:https://registry.npmjs.org/color-convert set size:72663 disposed:false
3060 http cache https://registry.npmjs.org/has-flag 3ms (cache hit)
3061 silly packumentCache full:https://registry.npmjs.org/has-flag set size:15180 disposed:false
3062 silly placeDep node_modules/log-symbols color-convert@1.9.3 OK for: ansi-styles@3.2.1 want: ^1.9.0
3063 silly fetch manifest color-name@1.1.3
3064 silly packumentCache full:https://registry.npmjs.org/color-name cache-miss
3065 http cache https://registry.npmjs.org/color-name 1ms (cache hit)
3066 silly packumentCache full:https://registry.npmjs.org/color-name set size:19467 disposed:false
3067 silly placeDep node_modules/log-symbols color-name@1.1.3 OK for: color-convert@1.9.3 want: 1.1.3
3068 silly placeDep node_modules/log-symbols has-flag@3.0.0 OK for: supports-color@5.5.0 want: ^3.0.0
3069 silly placeDep node_modules/metro-babel-transformer hermes-estree@0.35.0 OK for: hermes-parser@0.35.0 want: 0.35.0
3070 silly placeDep node_modules/metro hermes-estree@0.35.0 OK for: hermes-parser@0.35.0 want: 0.35.0
3071 silly placeDep node_modules/ora ansi-styles@3.2.1 OK for: chalk@2.4.2 want: ^3.2.1
3072 silly placeDep node_modules/ora escape-string-regexp@1.0.5 OK for: chalk@2.4.2 want: ^1.0.5
3073 silly placeDep node_modules/ora supports-color@5.5.0 OK for: chalk@2.4.2 want: ^5.3.0
3074 silly placeDep node_modules/ora color-convert@1.9.3 OK for: ansi-styles@3.2.1 want: ^1.9.0
3075 silly placeDep node_modules/ora color-name@1.1.3 OK for: color-convert@1.9.3 want: 1.1.3
3076 silly placeDep node_modules/ora ansi-regex@4.1.1 OK for: strip-ansi@5.2.0 want: ^4.1.0
3077 silly placeDep node_modules/ora has-flag@3.0.0 OK for: supports-color@5.5.0 want: ^3.0.0
3078 silly placeDep node_modules/send/node_modules/debug ms@2.0.0 OK for: debug@2.6.9 want: 2.0.0
3079 silly reify moves {}
3080 silly audit bulk request {
3080 silly audit   '@react-native-async-storage/async-storage': [ '3.1.0' ],
3080 silly audit   react: [ '19.2.3' ],
3080 silly audit   'react-native': [ '0.85.3' ],
3080 silly audit   '@react-navigation/bottom-tabs': [ '7.16.1' ],
3080 silly audit   '@react-navigation/native': [ '7.2.4' ],
3080 silly audit   '@types/react': [ '19.2.15' ],
3080 silly audit   expo: [ '56.0.3' ],
3080 silly audit   'expo-av': [ '16.0.8' ],
3080 silly audit   'expo-haptics': [ '56.0.3' ],
3080 silly audit   'expo-keep-awake': [ '56.0.3' ],
3080 silly audit   'expo-notifications': [ '56.0.12' ],
3080 silly audit   'expo-status-bar': [ '56.0.4' ],
3080 silly audit   'expo-task-manager': [ '56.0.13' ],
3080 silly audit   'react-native-gesture-handler': [ '2.31.2' ],
3080 silly audit   'react-native-reanimated': [ '4.3.1' ],
3080 silly audit   'react-native-worklets': [ '0.8.3' ],
3080 silly audit   '@babel/core': [ '7.29.0' ],
3080 silly audit   '@react-native/metro-config': [ '0.85.3' ],
3080 silly audit   'react-native-safe-area-context': [ '5.8.0' ],
3080 silly audit   'react-native-screens': [ '4.25.2' ],
3080 silly audit   'react-native-svg': [ '15.15.5' ],
3080 silly audit   typescript: [ '6.0.3' ],
3080 silly audit   uuid: [ '14.0.0', '7.0.3' ],
3080 silly audit   zustand: [ '5.0.13' ],
3080 silly audit   '@babel/code-frame': [ '7.29.0' ],
3080 silly audit   '@babel/generator': [ '7.29.1' ],
3080 silly audit   '@babel/helper-compilation-targets': [ '7.28.6' ],
3080 silly audit   '@babel/helper-module-transforms': [ '7.28.6' ],
3080 silly audit   '@babel/helpers': [ '7.29.2' ],
3080 silly audit   '@babel/parser': [ '7.29.3' ],
3080 silly audit   '@babel/template': [ '7.28.6' ],
3080 silly audit   '@babel/traverse': [ '7.29.0' ],
3080 silly audit   '@babel/types': [ '7.29.0' ],
3080 silly audit   '@jridgewell/remapping': [ '2.3.5' ],
3080 silly audit   'convert-source-map': [ '2.0.0' ],
3080 silly audit   debug: [ '4.4.3', '2.6.9', '3.2.7' ],
3080 silly audit   gensync: [ '1.0.0-beta.2' ],
3080 silly audit   json5: [ '2.2.3' ],
3080 silly audit   semver: [ '6.3.1', '7.8.1' ],
3080 silly audit   '@babel/helper-validator-identifier': [ '7.28.5' ],
3080 silly audit   'js-tokens': [ '4.0.0' ],
3080 silly audit   picocolors: [ '1.1.1' ],
3080 silly audit   '@jridgewell/gen-mapping': [ '0.3.13' ],
3080 silly audit   '@jridgewell/trace-mapping': [ '0.3.31' ],
3080 silly audit   jsesc: [ '3.1.0' ],
3080 silly audit   '@babel/compat-data': [ '7.29.3' ],
3080 silly audit   '@babel/helper-validator-option': [ '7.27.1' ],
3080 silly audit   browserslist: [ '4.28.2' ],
3080 silly audit   'lru-cache': [ '5.1.1', '11.5.0', '10.4.3' ],
3080 silly audit   '@babel/helper-module-imports': [ '7.28.6' ],
3080 silly audit   '@babel/helper-globals': [ '7.28.0' ],
3080 silly audit   '@babel/helper-string-parser': [ '7.27.1' ],
3080 silly audit   '@jridgewell/sourcemap-codec': [ '1.5.5' ],
3080 silly audit   '@jridgewell/resolve-uri': [ '3.1.2' ],
3080 silly audit   idb: [ '8.0.3' ],
3080 silly audit   '@react-native/js-polyfills': [ '0.85.3' ],
3080 silly audit   '@react-native/metro-babel-transformer': [ '0.85.3' ],
3080 silly audit   'metro-config': [ '0.84.4' ],
3080 silly audit   'metro-runtime': [ '0.84.4' ],
3080 silly audit   '@react-native/babel-preset': [ '0.85.3' ],
3080 silly audit   'hermes-parser': [ '0.33.3', '0.35.0' ],
3080 silly audit   nullthrows: [ '1.1.1' ],
3080 silly audit   '@babel/plugin-proposal-export-default-from': [ '7.27.1' ],
3080 silly audit   '@babel/plugin-syntax-dynamic-import': [ '7.8.3' ],
3080 silly audit   '@babel/plugin-syntax-export-default-from': [ '7.28.6' ],
3080 silly audit   '@babel/plugin-syntax-nullish-coalescing-operator': [ '7.8.3' ],
3080 silly audit   '@babel/plugin-syntax-optional-chaining': [ '7.8.3' ],
3080 silly audit   '@babel/plugin-transform-async-generator-functions': [ '7.29.0' ],
3080 silly audit   '@babel/plugin-transform-async-to-generator': [ '7.28.6' ],
3080 silly audit   '@babel/plugin-transform-block-scoping': [ '7.28.6' ],
3080 silly audit   '@babel/plugin-transform-class-properties': [ '7.28.6' ],
3080 silly audit   '@babel/plugin-transform-classes': [ '7.28.6' ],
3080 silly audit   '@babel/plugin-transform-destructuring': [ '7.28.5' ],
3080 silly audit   '@babel/plugin-transform-flow-strip-types': [ '7.27.1' ],
3080 silly audit   '@babel/plugin-transform-for-of': [ '7.27.1' ],
3080 silly audit   '@babel/plugin-transform-modules-commonjs': [ '7.28.6' ],
3080 silly audit   '@babel/plugin-transform-named-capturing-groups-regex': [ '7.29.0' ],
3080 silly audit   '@babel/plugin-transform-nullish-coalescing-operator': [ '7.28.6' ],
3080 silly audit   '@babel/plugin-transform-optional-catch-binding': [ '7.28.6' ],
3080 silly audit   '@babel/plugin-transform-optional-chaining': [ '7.28.6' ],
3080 silly audit   '@babel/plugin-transform-private-methods': [ '7.28.6' ],
3080 silly audit   '@babel/plugin-transform-private-property-in-object': [ '7.28.6' ],
3080 silly audit   '@babel/plugin-transform-react-display-name': [ '7.28.0' ],
3080 silly audit   '@babel/plugin-transform-react-jsx': [ '7.28.6' ],
3080 silly audit   '@babel/plugin-transform-react-jsx-self': [ '7.27.1' ],
3080 silly audit   '@babel/plugin-transform-react-jsx-source': [ '7.27.1' ],
3080 silly audit   '@babel/plugin-transform-regenerator': [ '7.29.0' ],
3080 silly audit   '@babel/plugin-transform-runtime': [ '7.29.0' ],
3080 silly audit   '@babel/plugin-transform-typescript': [ '7.28.6' ],
3080 silly audit   '@babel/plugin-transform-unicode-regex': [ '7.27.1' ],
3080 silly audit   '@react-native/babel-plugin-codegen': [ '0.85.3' ],
3080 silly audit   'babel-plugin-syntax-hermes-parser': [ '0.33.3' ],
3080 silly audit   'babel-plugin-transform-flow-enums': [ '0.0.2' ],
3080 silly audit   'react-refresh': [ '0.14.2' ],
3080 silly audit   '@babel/helper-plugin-utils': [ '7.28.6' ],
3080 silly audit   '@babel/helper-remap-async-to-generator': [ '7.27.1' ],
3080 silly audit   '@babel/helper-annotate-as-pure': [ '7.27.3' ],
3080 silly audit   '@babel/helper-wrap-function': [ '7.28.6' ],
3080 silly audit   '@babel/helper-create-class-features-plugin': [ '7.29.3' ],
3080 silly audit   '@babel/helper-member-expression-to-functions': [ '7.28.5' ],
3080 silly audit   '@babel/helper-optimise-call-expression': [ '7.27.1' ],
3080 silly audit   '@babel/helper-replace-supers': [ '7.28.6' ],
3080 silly audit   '@babel/helper-skip-transparent-expression-wrappers': [ '7.27.1' ],
3080 silly audit   '@babel/plugin-syntax-flow': [ '7.28.6' ],
3080 silly audit   '@babel/helper-create-regexp-features-plugin': [ '7.28.5' ],
3080 silly audit   'regexpu-core': [ '6.4.0' ],
3080 silly audit   '@babel/plugin-syntax-jsx': [ '7.28.6' ],
3080 silly audit   'babel-plugin-polyfill-corejs2': [ '0.4.17' ],
3080 silly audit   'babel-plugin-polyfill-corejs3': [ '0.13.0' ],
3080 silly audit   'babel-plugin-polyfill-regenerator': [ '0.6.8' ],
3080 silly audit   '@babel/plugin-syntax-typescript': [ '7.28.6' ],
3080 silly audit   '@react-native/codegen': [ '0.85.3' ],
3080 silly audit   invariant: [ '2.2.4' ],
3080 silly audit   tinyglobby: [ '0.2.16' ],
3080 silly audit   yargs: [ '17.7.2' ],
3080 silly audit   '@react-navigation/elements': [ '2.9.18' ],
3080 silly audit   color: [ '4.2.3' ],
3080 silly audit   'sf-symbols-typescript': [ '2.2.0' ],
3080 silly audit   'use-latest-callback': [ '0.2.6' ],
3080 silly audit   'use-sync-external-store': [ '1.6.0' ],
3080 silly audit   '@react-navigation/core': [ '7.17.4' ],
3080 silly audit   'escape-string-regexp': [ '4.0.0', '1.0.5' ],
3080 silly audit   'fast-deep-equal': [ '3.1.3' ],
3080 silly audit   nanoid: [ '3.3.12' ],
3080 silly audit   '@react-navigation/routers': [ '7.5.5' ],
3080 silly audit   'query-string': [ '7.1.3' ],
3080 silly audit   'react-is': [ '19.2.6', '18.3.1', '16.13.1' ],
3080 silly audit   csstype: [ '3.2.3' ],
3080 silly audit   '@babel/helper-define-polyfill-provider': [ '0.6.8' ],
3080 silly audit   'lodash.debounce': [ '4.0.8' ],
3080 silly audit   resolve: [ '1.22.12' ],
3080 silly audit   'core-js-compat': [ '3.49.0' ],
3080 silly audit   'baseline-browser-mapping': [ '2.10.31' ],
3080 silly audit   'caniuse-lite': [ '1.0.30001793' ],
3080 silly audit   'electron-to-chromium': [ '1.5.361' ],
3080 silly audit   'node-releases': [ '2.0.46' ],
3080 silly audit   'update-browserslist-db': [ '1.2.3' ],
3080 silly audit   'color-convert': [ '2.0.1', '1.9.3' ],
3080 silly audit   'color-string': [ '1.9.1' ],
3080 silly audit   'color-name': [ '1.1.4', '1.1.3' ],
3080 silly audit   'simple-swizzle': [ '0.2.4' ],
3080 silly audit   ms: [ '2.1.3', '2.0.0' ],
3080 silly audit   '@babel/runtime': [ '7.29.2' ],
3080 silly audit   '@expo/cli': [ '56.1.10' ],
3080 silly audit   '@expo/config': [ '56.0.8' ],
3080 silly audit   '@expo/config-plugins': [ '56.0.7' ],
3080 silly audit   '@expo/devtools': [ '56.0.2' ],
3080 silly audit   '@expo/dom-webview': [ '56.0.5' ],
3080 silly audit   '@expo/fingerprint': [ '0.19.1' ],
3080 silly audit   '@expo/local-build-cache-provider': [ '56.0.7' ],
3080 silly audit   '@expo/log-box': [ '56.0.12' ],
3080 silly audit   '@expo/metro': [ '56.0.0' ],
3080 silly audit   '@expo/metro-config': [ '56.0.11' ],
3080 silly audit   '@ungap/structured-clone': [ '1.3.1' ],
3080 silly audit   'babel-preset-expo': [ '56.0.11' ],
3080 silly audit   'expo-asset': [ '56.0.13' ],
3080 silly audit   'expo-constants': [ '56.0.14' ],
3080 silly audit   'expo-file-system': [ '56.0.7' ],
3080 silly audit   'expo-font': [ '56.0.5' ],
3080 silly audit   'expo-modules-autolinking': [ '56.0.11' ],
3080 silly audit   'expo-modules-core': [ '56.0.12' ],
3080 silly audit   'pretty-format': [ '29.7.0' ],
3080 silly audit   'whatwg-url-minimum': [ '0.1.2' ],
3080 silly audit   '@expo/config-types': [ '56.0.5' ],
3080 silly audit   '@expo/json-file': [ '10.2.0' ],
3080 silly audit   '@expo/require-utils': [ '56.1.2' ],
3080 silly audit   deepmerge: [ '4.3.1' ],
3080 silly audit   getenv: [ '2.0.0' ],
3080 silly audit   glob: [ '13.0.6' ],
3080 silly audit   'resolve-workspace-root': [ '2.0.1' ],
3080 silly audit   slugify: [ '1.6.9' ],
3080 silly audit   '@expo/plist': [ '0.7.0' ],
3080 silly audit   '@expo/sdk-runtime-versions': [ '1.0.0' ],
3080 silly audit   chalk: [ '4.1.2', '2.4.2' ],
3080 silly audit   xcode: [ '3.0.1' ],
3080 silly audit   xml2js: [ '0.6.0' ],
3080 silly audit   '@expo/env': [ '2.3.0' ],
3080 silly audit   '@expo/spawn-async': [ '1.8.0' ],
3080 silly audit   arg: [ '5.0.2' ],
3080 silly audit   ignore: [ '5.3.2' ],
3080 silly audit   minimatch: [ '10.2.5' ],
3080 silly audit   'resolve-from': [ '5.0.0' ],
3080 silly audit   metro: [ '0.84.4' ],
3080 silly audit   'metro-babel-transformer': [ '0.84.4' ],
3080 silly audit   'metro-cache': [ '0.84.4' ],
3080 silly audit   'metro-cache-key': [ '0.84.4' ],
3080 silly audit   'metro-core': [ '0.84.4' ],
3080 silly audit   'metro-file-map': [ '0.84.4' ],
3080 silly audit   'metro-minify-terser': [ '0.84.4' ],
3080 silly audit   'metro-resolver': [ '0.84.4' ],
3080 silly audit   'metro-source-map': [ '0.84.4' ],
3080 silly audit   'metro-symbolicate': [ '0.84.4' ],
3080 silly audit   'metro-transform-plugins': [ '0.84.4' ],
3080 silly audit   'metro-transform-worker': [ '0.84.4' ],
3080 silly audit   '@xmldom/xmldom': [ '0.8.13', '0.9.10' ],
3080 silly audit   'base64-js': [ '1.5.1' ],
3080 silly audit   xmlbuilder: [ '15.1.1', '11.0.1' ],
3080 silly audit   'cross-spawn': [ '7.0.6' ],
3080 silly audit   'ansi-styles': [ '4.3.0', '5.2.0', '3.2.1' ],
3080 silly audit   'supports-color': [ '7.2.0', '8.1.1', '5.5.0' ],
3080 silly audit   'path-key': [ '3.1.1' ],
3080 silly audit   'shebang-command': [ '2.0.0' ],
3080 silly audit   which: [ '2.0.2' ],
3080 silly audit   commander: [ '7.2.0', '12.1.0', '2.20.3' ],
3080 silly audit   '@expo/expo-modules-macros-plugin': [ '0.0.9' ],
3080 silly audit   'expo-modules-jsi': [ '56.0.7' ],
3080 silly audit   '@expo/image-utils': [ '0.10.0' ],
3080 silly audit   'abort-controller': [ '3.0.0' ],
3080 silly audit   badgin: [ '1.2.3' ],
3080 silly audit   'expo-application': [ '56.0.3' ],
3080 silly audit   'jimp-compact': [ '0.16.1' ],
3080 silly audit   'parse-png': [ '2.1.0' ],
3080 silly audit   'event-target-shim': [ '5.0.1' ],
3080 silly audit   'unimodules-app-loader': [ '56.0.1' ],
3080 silly audit   minipass: [ '7.1.3' ],
3080 silly audit   'path-scurry': [ '2.0.2' ],
3080 silly audit   'hermes-estree': [ '0.33.3', '0.35.0' ],
3080 silly audit   'loose-envify': [ '1.4.0' ],
3080 silly audit   yallist: [ '3.1.1' ],
3080 silly audit   accepts: [ '2.0.0', '1.3.8' ],
3080 silly audit   'ci-info': [ '2.0.0', '3.9.0' ],
3080 silly audit   connect: [ '3.7.0' ],
3080 silly audit   'error-stack-parser': [ '2.1.4' ],
3080 silly audit   'flow-enums-runtime': [ '0.0.6' ],
3080 silly audit   'graceful-fs': [ '4.2.11' ],
3080 silly audit   'image-size': [ '1.2.1' ],
3080 silly audit   'jest-worker': [ '29.7.0' ],
3080 silly audit   'jsc-safe-url': [ '0.2.4' ],
3080 silly audit   'lodash.throttle': [ '4.1.1' ],
3080 silly audit   'mime-types': [ '3.0.2', '2.1.35' ],
3080 silly audit   'serialize-error': [ '2.1.0' ],
3080 silly audit   'source-map': [ '0.5.7', '0.6.1' ],
3080 silly audit   throat: [ '5.0.0' ],
3080 silly audit   ws: [ '7.5.10', '8.20.1' ],
3080 silly audit   negotiator: [ '1.0.0', '0.6.4', '0.6.3' ],
3080 silly audit   finalhandler: [ '1.1.2' ],
3080 silly audit   parseurl: [ '1.3.3' ],
3080 silly audit   'utils-merge': [ '1.0.1' ],
3080 silly audit   stackframe: [ '1.3.4' ],
3080 silly audit   encodeurl: [ '1.0.2', '2.0.0' ],
3080 silly audit   'escape-html': [ '1.0.3' ],
3080 silly audit   'on-finished': [ '2.3.0', '2.4.1' ],
3080 silly audit   statuses: [ '1.5.0', '2.0.2' ],
3080 silly audit   unpipe: [ '1.0.0' ],
3080 silly audit   queue: [ '6.0.2' ],
3080 silly audit   '@types/node': [ '25.9.1' ],
3080 silly audit   'jest-util': [ '29.7.0' ],
3080 silly audit   'merge-stream': [ '2.0.0' ],
3080 silly audit   'undici-types': [ '7.24.6' ],
3080 silly audit   '@jest/types': [ '29.6.3' ],
3080 silly audit   picomatch: [ '2.3.2', '4.0.4' ],
3080 silly audit   '@jest/schemas': [ '29.6.3' ],
3080 silly audit   '@types/istanbul-lib-coverage': [ '2.0.6' ],
3080 silly audit   '@types/istanbul-reports': [ '3.0.4' ],
3080 silly audit   '@types/yargs': [ '17.0.35' ],
3080 silly audit   '@sinclair/typebox': [ '0.27.10' ],
3080 silly audit   '@types/istanbul-lib-report': [ '3.0.3' ],
3080 silly audit   '@types/yargs-parser': [ '21.0.3' ],
3080 silly audit   'exponential-backoff': [ '3.1.3' ],
3080 silly audit   'https-proxy-agent': [ '7.0.6' ],
3080 silly audit   'agent-base': [ '7.1.4' ],
3080 silly audit   'jest-validate': [ '29.7.0' ],
3080 silly audit   yaml: [ '2.9.0' ],
3080 silly audit   camelcase: [ '6.3.0' ],
3080 silly audit   'jest-get-type': [ '29.6.3' ],
3080 silly audit   leven: [ '3.1.0' ],
3080 silly audit   'fb-watchman': [ '2.0.2' ],
3080 silly audit   micromatch: [ '4.0.8' ],
3080 silly audit   walker: [ '1.0.8' ],
3080 silly audit   bser: [ '2.1.1' ],
3080 silly audit   'node-int64': [ '0.4.0' ],
3080 silly audit   terser: [ '5.48.0' ],
3080 silly audit   ob1: [ '0.84.4' ],
3080 silly audit   vlq: [ '1.0.1' ],
3080 silly audit   braces: [ '3.0.3' ],
3080 silly audit   'fill-range': [ '7.1.1' ],
3080 silly audit   'to-regex-range': [ '5.0.1' ],
3080 silly audit   'mime-db': [ '1.54.0', '1.52.0' ],
3080 silly audit   'brace-expansion': [ '5.0.6' ],
3080 silly audit   'balanced-match': [ '4.0.4' ],
3080 silly audit   'ee-first': [ '1.1.1' ],
3080 silly audit   pngjs: [ '3.4.0' ],
3080 silly audit   'decode-uri-component': [ '0.2.2' ],
3080 silly audit   'filter-obj': [ '1.1.0' ],
3080 silly audit   'split-on-first': [ '1.1.0' ],
3080 silly audit   'strict-uri-encode': [ '2.0.0' ],
3080 silly audit   inherits: [ '2.0.4' ],
3080 silly audit   '@react-native/assets-registry': [ '0.85.3' ],
3080 silly audit   '@react-native/community-cli-plugin': [ '0.85.3' ],
3080 silly audit   '@react-native/gradle-plugin': [ '0.85.3' ],
3080 silly audit   '@react-native/normalize-colors': [ '0.85.3' ],
3080 silly audit   '@react-native/virtualized-lists': [ '0.85.3' ],
3080 silly audit   anser: [ '1.4.10' ],
3080 silly audit   'ansi-regex': [ '5.0.1', '4.1.1' ],
3080 silly audit   'hermes-compiler': [ '250829098.0.10' ],
3080 silly audit   'memoize-one': [ '5.2.1' ],
3080 silly audit   promise: [ '8.3.0' ],
3080 silly audit   'react-devtools-core': [ '6.1.5' ],
3080 silly audit   'regenerator-runtime': [ '0.13.11' ],
3080 silly audit   scheduler: [ '0.27.0' ],
3080 silly audit   'stacktrace-parser': [ '0.1.11' ],
3080 silly audit   'whatwg-fetch': [ '3.6.20' ],
3080 silly audit   '@react-native/dev-middleware': [ '0.85.3' ],
3080 silly audit   '@isaacs/ttlcache': [ '1.4.1' ],
3080 silly audit   '@react-native/debugger-frontend': [ '0.85.3' ],
3080 silly audit   '@react-native/debugger-shell': [ '0.85.3' ],
3080 silly audit   'chrome-launcher': [ '0.15.2' ],
3080 silly audit   'chromium-edge-launcher': [ '0.3.0' ],
3080 silly audit   open: [ '7.4.2' ],
3080 silly audit   'serve-static': [ '1.16.3' ],
3080 silly audit   'fb-dotslash': [ '0.5.8' ],
3080 silly audit   'is-wsl': [ '2.2.0' ],
3080 silly audit   'lighthouse-logger': [ '1.4.2' ],
3080 silly audit   mkdirp: [ '1.0.4' ],
3080 silly audit   'is-docker': [ '2.2.1' ],
3080 silly audit   marky: [ '1.3.0' ],
3080 silly audit   asap: [ '2.0.6' ],
3080 silly audit   'shell-quote': [ '1.8.3' ],
3080 silly audit   '@egjs/hammerjs': [ '2.0.17' ],
3080 silly audit   '@types/react-test-renderer': [ '19.1.0' ],
3080 silly audit   'hoist-non-react-statics': [ '3.3.2' ],
3080 silly audit   '@types/hammerjs': [ '2.0.46' ],
3080 silly audit   'react-native-is-edge-to-edge': [ '1.3.1' ],
3080 silly audit   'react-freeze': [ '1.0.4' ],
3080 silly audit   'warn-once': [ '0.1.1' ],
3080 silly audit   'css-select': [ '5.2.2' ],
3080 silly audit   'css-tree': [ '1.1.3' ],
3080 silly audit   boolbase: [ '1.0.0' ],
3080 silly audit   'css-what': [ '6.2.2' ],
3080 silly audit   domhandler: [ '5.0.3' ],
3080 silly audit   domutils: [ '3.2.2' ],
3080 silly audit   'nth-check': [ '2.1.1' ],
3080 silly audit   'mdn-data': [ '2.0.14' ],
3080 silly audit   domelementtype: [ '2.3.0' ],
3080 silly audit   'dom-serializer': [ '2.0.0' ],
3080 silly audit   entities: [ '4.5.0' ],
3080 silly audit   '@babel/plugin-transform-arrow-functions': [ '7.27.1' ],
3080 silly audit   '@babel/plugin-transform-shorthand-properties': [ '7.27.1' ],
3080 silly audit   '@babel/plugin-transform-template-literals': [ '7.27.1' ],
3080 silly audit   '@babel/preset-typescript': [ '7.28.5' ],
3080 silly audit   regenerate: [ '1.4.2' ],
3080 silly audit   'regenerate-unicode-properties': [ '10.2.2' ],
3080 silly audit   regjsgen: [ '0.8.0' ],
3080 silly audit   regjsparser: [ '0.13.1' ],
3080 silly audit   'unicode-match-property-ecmascript': [ '2.0.0' ],
3080 silly audit   'unicode-match-property-value-ecmascript': [ '2.2.1' ],
3080 silly audit   'es-errors': [ '1.3.0' ],
3080 silly audit   'is-core-module': [ '2.16.2' ],
3080 silly audit   'path-parse': [ '1.0.7' ],
3080 silly audit   'supports-preserve-symlinks-flag': [ '1.0.0' ],
3080 silly audit   hasown: [ '2.0.3' ],
3080 silly audit   'function-bind': [ '1.1.2' ],
3080 silly audit   send: [ '0.19.2' ],
3080 silly audit   depd: [ '2.0.0' ],
3080 silly audit   destroy: [ '1.2.0' ],
3080 silly audit   etag: [ '1.8.1' ],
3080 silly audit   fresh: [ '0.5.2' ],
3080 silly audit   'http-errors': [ '2.0.1' ],
3080 silly audit   mime: [ '1.6.0' ],
3080 silly audit   'range-parser': [ '1.2.1' ],
3080 silly audit   setprototypeof: [ '1.2.0' ],
3080 silly audit   toidentifier: [ '1.0.1' ],
3080 silly audit   'shebang-regex': [ '3.0.0' ],
3080 silly audit   'is-arrayish': [ '0.3.4' ],
3080 silly audit   'type-fest': [ '0.7.1', '0.21.3' ],
3080 silly audit   'has-flag': [ '4.0.0', '3.0.0' ],
3080 silly audit   '@jridgewell/source-map': [ '0.3.11' ],
3080 silly audit   acorn: [ '8.16.0' ],
3080 silly audit   'source-map-support': [ '0.5.21' ],
3080 silly audit   'buffer-from': [ '1.1.2' ],
3080 silly audit   fdir: [ '6.5.0' ],
3080 silly audit   'is-number': [ '7.0.0' ],
3080 silly audit   'unicode-canonical-property-names-ecmascript': [ '2.0.1' ],
3080 silly audit   'unicode-property-aliases-ecmascript': [ '2.2.0' ],
3080 silly audit   escalade: [ '3.2.0' ],
3080 silly audit   makeerror: [ '1.0.12' ],
3080 silly audit   tmpl: [ '1.0.5' ],
3080 silly audit   isexe: [ '2.0.0' ],
3080 silly audit   'simple-plist': [ '1.3.1' ],
3080 silly audit   'bplist-creator': [ '0.1.0' ],
3080 silly audit   'bplist-parser': [ '0.3.1' ],
3080 silly audit   plist: [ '3.1.1' ],
3080 silly audit   'stream-buffers': [ '2.2.0' ],
3080 silly audit   'big-integer': [ '1.6.52' ],
3080 silly audit   sax: [ '1.6.0' ],
3080 silly audit   cliui: [ '8.0.1' ],
3080 silly audit   'get-caller-file': [ '2.0.5' ],
3080 silly audit   'require-directory': [ '2.1.1' ],
3080 silly audit   'string-width': [ '4.2.3' ],
3080 silly audit   y18n: [ '5.0.8' ],
3080 silly audit   'yargs-parser': [ '21.1.1' ],
3080 silly audit   'strip-ansi': [ '6.0.1', '5.2.0' ],
3080 silly audit   'wrap-ansi': [ '7.0.0' ],
3080 silly audit   'emoji-regex': [ '8.0.0' ],
3080 silly audit   'is-fullwidth-code-point': [ '3.0.0' ],
3080 silly audit   '@expo/code-signing-certificates': [ '0.0.6' ],
3080 silly audit   '@expo/devcert': [ '1.2.1' ],
3080 silly audit   '@expo/inline-modules': [ '0.0.9' ],
3080 silly audit   '@expo/metro-file-map': [ '56.0.3' ],
3080 silly audit   '@expo/osascript': [ '2.6.0' ],
3080 silly audit   '@expo/package-manager': [ '1.12.0' ],
3080 silly audit   '@expo/prebuild-config': [ '56.0.12' ],
3080 silly audit   '@expo/router-server': [ '56.0.11' ],
3080 silly audit   'expo-server': [ '56.0.4' ],
3080 silly audit   '@expo/schema-utils': [ '56.0.1' ],
3080 silly audit   '@expo/ws-tunnel': [ '1.0.6' ],
3080 silly audit   '@expo/xcpretty': [ '4.4.4' ],
3080 silly audit   compression: [ '1.8.1' ],
3080 silly audit   'dnssd-advertise': [ '1.1.4' ],
3080 silly audit   'fetch-nodeshim': [ '0.4.10' ],
3080 silly audit   'lan-network': [ '0.2.1' ],
3080 silly audit   multitars: [ '1.0.0' ],
3080 silly audit   'node-forge': [ '1.4.0' ],
3080 silly audit   'npm-package-arg': [ '11.0.3' ],
3080 silly audit   ora: [ '3.4.0' ],
3080 silly audit   progress: [ '2.0.3' ],
3080 silly audit   prompts: [ '2.4.2' ],
3080 silly audit   'structured-headers': [ '0.4.1' ],
3080 silly audit   'terminal-link': [ '2.1.1' ],
3080 silly audit   toqr: [ '0.1.1' ],
3080 silly audit   zod: [ '3.25.76' ],
3080 silly audit   '@expo/sudo-prompt': [ '9.3.2' ],
3080 silly audit   'js-yaml': [ '4.1.1' ],
3080 silly audit   bytes: [ '3.1.2' ],
3080 silly audit   compressible: [ '2.0.18' ],
3080 silly audit   'on-headers': [ '1.1.0' ],
3080 silly audit   'safe-buffer': [ '5.2.1' ],
3080 silly audit   vary: [ '1.1.2' ],
3080 silly audit   argparse: [ '2.0.1' ],
3080 silly audit   'hosted-git-info': [ '7.0.2' ],
3080 silly audit   'proc-log': [ '4.2.0' ],
3080 silly audit   'validate-npm-package-name': [ '5.0.1' ],
3080 silly audit   'cli-cursor': [ '2.1.0' ],
3080 silly audit   'cli-spinners': [ '2.9.2' ],
3080 silly audit   'log-symbols': [ '2.2.0' ],
3080 silly audit   wcwidth: [ '1.0.1' ],
3080 silly audit   'restore-cursor': [ '2.0.0' ],
3080 silly audit   kleur: [ '3.0.3' ],
3080 silly audit   sisteransi: [ '1.0.5' ],
3080 silly audit   onetime: [ '2.0.1' ],
3080 silly audit   'signal-exit': [ '3.0.7' ],
3080 silly audit   'mimic-fn': [ '1.2.0' ],
3080 silly audit   'ansi-escapes': [ '4.3.2' ],
3080 silly audit   'supports-hyperlinks': [ '2.3.0' ],
3080 silly audit   defaults: [ '1.0.4' ],
3080 silly audit   clone: [ '1.0.4' ],
3080 silly audit   lightningcss: [ '1.32.0' ],
3080 silly audit   msgpackr: [ '2.0.1' ],
3080 silly audit   postcss: [ '8.5.15' ],
3080 silly audit   'detect-libc': [ '2.1.2' ],
3080 silly audit   'lightningcss-android-arm64': [ '1.32.0' ],
3080 silly audit   'lightningcss-darwin-arm64': [ '1.32.0' ],
3080 silly audit   'lightningcss-darwin-x64': [ '1.32.0' ],
3080 silly audit   'lightningcss-freebsd-x64': [ '1.32.0' ],
3080 silly audit   'lightningcss-linux-arm-gnueabihf': [ '1.32.0' ],
3080 silly audit   'lightningcss-linux-arm64-gnu': [ '1.32.0' ],
3080 silly audit   'lightningcss-linux-arm64-musl': [ '1.32.0' ],
3080 silly audit   'lightningcss-linux-x64-gnu': [ '1.32.0' ],
3080 silly audit   'lightningcss-linux-x64-musl': [ '1.32.0' ],
3080 silly audit   'lightningcss-win32-arm64-msvc': [ '1.32.0' ],
3080 silly audit   'lightningcss-win32-x64-msvc': [ '1.32.0' ],
3080 silly audit   'msgpackr-extract': [ '3.0.3' ],
3080 silly audit   '@msgpackr-extract/msgpackr-extract-darwin-arm64': [ '3.0.3' ],
3080 silly audit   '@msgpackr-extract/msgpackr-extract-darwin-x64': [ '3.0.3' ],
3080 silly audit   '@msgpackr-extract/msgpackr-extract-linux-arm': [ '3.0.3' ],
3080 silly audit   '@msgpackr-extract/msgpackr-extract-linux-arm64': [ '3.0.3' ],
3080 silly audit   '@msgpackr-extract/msgpackr-extract-linux-x64': [ '3.0.3' ],
3080 silly audit   '@msgpackr-extract/msgpackr-extract-win32-x64': [ '3.0.3' ],
3080 silly audit   'node-gyp-build-optional-packages': [ '5.2.2' ],
3080 silly audit   'source-map-js': [ '1.2.1' ],
3080 silly audit   '@babel/plugin-proposal-decorators': [ '7.29.0' ],
3080 silly audit   '@babel/plugin-transform-class-static-block': [ '7.28.6' ],
3080 silly audit   '@babel/plugin-transform-export-namespace-from': [ '7.27.1' ],
3080 silly audit   '@babel/plugin-transform-logical-assignment-operators': [ '7.28.6' ],
3080 silly audit   '@babel/plugin-transform-object-rest-spread': [ '7.28.6' ],
3080 silly audit   '@babel/plugin-transform-parameters': [ '7.27.7' ],
3080 silly audit   '@babel/plugin-transform-react-jsx-development': [ '7.27.1' ],
3080 silly audit   '@babel/plugin-transform-react-pure-annotations': [ '7.27.1' ],
3080 silly audit   'babel-plugin-react-compiler': [ '1.0.0' ],
3080 silly audit   'babel-plugin-react-native-web': [ '0.21.2' ],
3080 silly audit   '@babel/plugin-syntax-decorators': [ '7.28.6' ],
3080 silly audit   fontfaceobserver: [ '2.3.0' ]
3080 silly audit }
3081 verbose reify failed optional dependency /Users/huseyindeniz/Desktop/pomodoro/node_modules/@msgpackr-extract/msgpackr-extract-win32-x64
3082 silly reify mark deleted [
3082 silly reify   '/Users/huseyindeniz/Desktop/pomodoro/node_modules/@msgpackr-extract/msgpackr-extract-win32-x64'
3082 silly reify ]
3083 verbose reify failed optional dependency /Users/huseyindeniz/Desktop/pomodoro/node_modules/@msgpackr-extract/msgpackr-extract-linux-x64
3084 silly reify mark deleted [
3084 silly reify   '/Users/huseyindeniz/Desktop/pomodoro/node_modules/@msgpackr-extract/msgpackr-extract-linux-x64'
3084 silly reify ]
3085 verbose reify failed optional dependency /Users/huseyindeniz/Desktop/pomodoro/node_modules/@msgpackr-extract/msgpackr-extract-linux-arm64
3086 silly reify mark deleted [
3086 silly reify   '/Users/huseyindeniz/Desktop/pomodoro/node_modules/@msgpackr-extract/msgpackr-extract-linux-arm64'
3086 silly reify ]
3087 verbose reify failed optional dependency /Users/huseyindeniz/Desktop/pomodoro/node_modules/@msgpackr-extract/msgpackr-extract-linux-arm
3088 silly reify mark deleted [
3088 silly reify   '/Users/huseyindeniz/Desktop/pomodoro/node_modules/@msgpackr-extract/msgpackr-extract-linux-arm'
3088 silly reify ]
3089 verbose reify failed optional dependency /Users/huseyindeniz/Desktop/pomodoro/node_modules/@msgpackr-extract/msgpackr-extract-darwin-x64
3090 silly reify mark deleted [
3090 silly reify   '/Users/huseyindeniz/Desktop/pomodoro/node_modules/@msgpackr-extract/msgpackr-extract-darwin-x64'
3090 silly reify ]
3091 verbose reify failed optional dependency /Users/huseyindeniz/Desktop/pomodoro/node_modules/lightningcss-win32-x64-msvc
3092 silly reify mark deleted [
3092 silly reify   '/Users/huseyindeniz/Desktop/pomodoro/node_modules/lightningcss-win32-x64-msvc'
3092 silly reify ]
3093 verbose reify failed optional dependency /Users/huseyindeniz/Desktop/pomodoro/node_modules/lightningcss-win32-arm64-msvc
3094 silly reify mark deleted [
3094 silly reify   '/Users/huseyindeniz/Desktop/pomodoro/node_modules/lightningcss-win32-arm64-msvc'
3094 silly reify ]
3095 verbose reify failed optional dependency /Users/huseyindeniz/Desktop/pomodoro/node_modules/lightningcss-linux-x64-musl
3096 silly reify mark deleted [
3096 silly reify   '/Users/huseyindeniz/Desktop/pomodoro/node_modules/lightningcss-linux-x64-musl'
3096 silly reify ]
3097 verbose reify failed optional dependency /Users/huseyindeniz/Desktop/pomodoro/node_modules/lightningcss-linux-x64-gnu
3098 silly reify mark deleted [
3098 silly reify   '/Users/huseyindeniz/Desktop/pomodoro/node_modules/lightningcss-linux-x64-gnu'
3098 silly reify ]
3099 verbose reify failed optional dependency /Users/huseyindeniz/Desktop/pomodoro/node_modules/lightningcss-linux-arm64-musl
3100 silly reify mark deleted [
3100 silly reify   '/Users/huseyindeniz/Desktop/pomodoro/node_modules/lightningcss-linux-arm64-musl'
3100 silly reify ]
3101 verbose reify failed optional dependency /Users/huseyindeniz/Desktop/pomodoro/node_modules/lightningcss-linux-arm64-gnu
3102 silly reify mark deleted [
3102 silly reify   '/Users/huseyindeniz/Desktop/pomodoro/node_modules/lightningcss-linux-arm64-gnu'
3102 silly reify ]
3103 verbose reify failed optional dependency /Users/huseyindeniz/Desktop/pomodoro/node_modules/lightningcss-linux-arm-gnueabihf
3104 silly reify mark deleted [
3104 silly reify   '/Users/huseyindeniz/Desktop/pomodoro/node_modules/lightningcss-linux-arm-gnueabihf'
3104 silly reify ]
3105 verbose reify failed optional dependency /Users/huseyindeniz/Desktop/pomodoro/node_modules/lightningcss-freebsd-x64
3106 silly reify mark deleted [
3106 silly reify   '/Users/huseyindeniz/Desktop/pomodoro/node_modules/lightningcss-freebsd-x64'
3106 silly reify ]
3107 verbose reify failed optional dependency /Users/huseyindeniz/Desktop/pomodoro/node_modules/lightningcss-darwin-x64
3108 silly reify mark deleted [
3108 silly reify   '/Users/huseyindeniz/Desktop/pomodoro/node_modules/lightningcss-darwin-x64'
3108 silly reify ]
3109 verbose reify failed optional dependency /Users/huseyindeniz/Desktop/pomodoro/node_modules/lightningcss-android-arm64
3110 silly reify mark deleted [
3110 silly reify   '/Users/huseyindeniz/Desktop/pomodoro/node_modules/lightningcss-android-arm64'
3110 silly reify ]
3111 http cache @babel/plugin-syntax-decorators@https://registry.npmjs.org/@babel/plugin-syntax-decorators/-/plugin-syntax-decorators-7.28.6.tgz 0ms (cache hit)
3112 http cache fontfaceobserver@https://registry.npmjs.org/fontfaceobserver/-/fontfaceobserver-2.3.0.tgz 0ms (cache hit)
3113 http cache babel-plugin-react-compiler@https://registry.npmjs.org/babel-plugin-react-compiler/-/babel-plugin-react-compiler-1.0.0.tgz 0ms (cache hit)
3114 http cache babel-plugin-react-native-web@https://registry.npmjs.org/babel-plugin-react-native-web/-/babel-plugin-react-native-web-0.21.2.tgz 0ms (cache hit)
3115 http cache @babel/plugin-transform-react-pure-annotations@https://registry.npmjs.org/@babel/plugin-transform-react-pure-annotations/-/plugin-transform-react-pure-annotations-7.27.1.tgz 0ms (cache hit)
3116 http cache @babel/plugin-transform-object-rest-spread@https://registry.npmjs.org/@babel/plugin-transform-object-rest-spread/-/plugin-transform-object-rest-spread-7.28.6.tgz 0ms (cache hit)
3117 http cache @babel/plugin-transform-export-namespace-from@https://registry.npmjs.org/@babel/plugin-transform-export-namespace-from/-/plugin-transform-export-namespace-from-7.27.1.tgz 0ms (cache hit)
3118 http cache @babel/plugin-transform-parameters@https://registry.npmjs.org/@babel/plugin-transform-parameters/-/plugin-transform-parameters-7.27.7.tgz 0ms (cache hit)
3119 http cache @babel/plugin-transform-logical-assignment-operators@https://registry.npmjs.org/@babel/plugin-transform-logical-assignment-operators/-/plugin-transform-logical-assignment-operators-7.28.6.tgz 0ms (cache hit)
3120 http cache @babel/plugin-proposal-decorators@https://registry.npmjs.org/@babel/plugin-proposal-decorators/-/plugin-proposal-decorators-7.29.0.tgz 0ms (cache hit)
3121 http cache @babel/plugin-transform-class-static-block@https://registry.npmjs.org/@babel/plugin-transform-class-static-block/-/plugin-transform-class-static-block-7.28.6.tgz 0ms (cache hit)
3122 http cache @babel/plugin-transform-react-jsx-development@https://registry.npmjs.org/@babel/plugin-transform-react-jsx-development/-/plugin-transform-react-jsx-development-7.27.1.tgz 0ms (cache hit)
3123 http cache source-map-js@https://registry.npmjs.org/source-map-js/-/source-map-js-1.2.1.tgz 0ms (cache hit)
3124 http cache msgpackr-extract@https://registry.npmjs.org/msgpackr-extract/-/msgpackr-extract-3.0.3.tgz 0ms (cache hit)
3125 http cache detect-libc@https://registry.npmjs.org/detect-libc/-/detect-libc-2.1.2.tgz 0ms (cache hit)
3126 http cache node-gyp-build-optional-packages@https://registry.npmjs.org/node-gyp-build-optional-packages/-/node-gyp-build-optional-packages-5.2.2.tgz 0ms (cache hit)
3127 http cache clone@https://registry.npmjs.org/clone/-/clone-1.0.4.tgz 0ms (cache hit)
3128 http cache lightningcss-darwin-arm64@https://registry.npmjs.org/lightningcss-darwin-arm64/-/lightningcss-darwin-arm64-1.32.0.tgz 0ms (cache hit)
3129 http cache @msgpackr-extract/msgpackr-extract-darwin-arm64@https://registry.npmjs.org/@msgpackr-extract/msgpackr-extract-darwin-arm64/-/msgpackr-extract-darwin-arm64-3.0.3.tgz 0ms (cache hit)
3130 http cache postcss@https://registry.npmjs.org/postcss/-/postcss-8.5.15.tgz 0ms (cache hit)
3131 http cache lightningcss@https://registry.npmjs.org/lightningcss/-/lightningcss-1.32.0.tgz 0ms (cache hit)
3132 http cache msgpackr@https://registry.npmjs.org/msgpackr/-/msgpackr-2.0.1.tgz 0ms (cache hit)
3133 http cache supports-hyperlinks@https://registry.npmjs.org/supports-hyperlinks/-/supports-hyperlinks-2.3.0.tgz 0ms (cache hit)
3134 http cache mimic-fn@https://registry.npmjs.org/mimic-fn/-/mimic-fn-1.2.0.tgz 0ms (cache hit)
3135 http cache defaults@https://registry.npmjs.org/defaults/-/defaults-1.0.4.tgz 0ms (cache hit)
3136 http cache ansi-escapes@https://registry.npmjs.org/ansi-escapes/-/ansi-escapes-4.3.2.tgz 0ms (cache hit)
3137 http cache sisteransi@https://registry.npmjs.org/sisteransi/-/sisteransi-1.0.5.tgz 0ms (cache hit)
3138 http cache onetime@https://registry.npmjs.org/onetime/-/onetime-2.0.1.tgz 0ms (cache hit)
3139 http cache restore-cursor@https://registry.npmjs.org/restore-cursor/-/restore-cursor-2.0.0.tgz 0ms (cache hit)
3140 http cache signal-exit@https://registry.npmjs.org/signal-exit/-/signal-exit-3.0.7.tgz 0ms (cache hit)
3141 http cache kleur@https://registry.npmjs.org/kleur/-/kleur-3.0.3.tgz 0ms (cache hit)
3142 http cache cli-cursor@https://registry.npmjs.org/cli-cursor/-/cli-cursor-2.1.0.tgz 0ms (cache hit)
3143 http cache wcwidth@https://registry.npmjs.org/wcwidth/-/wcwidth-1.0.1.tgz 0ms (cache hit)
3144 http cache log-symbols@https://registry.npmjs.org/log-symbols/-/log-symbols-2.2.0.tgz 0ms (cache hit)
3145 http cache argparse@https://registry.npmjs.org/argparse/-/argparse-2.0.1.tgz 0ms (cache hit)
3146 http cache hosted-git-info@https://registry.npmjs.org/hosted-git-info/-/hosted-git-info-7.0.2.tgz 0ms (cache hit)
3147 http cache validate-npm-package-name@https://registry.npmjs.org/validate-npm-package-name/-/validate-npm-package-name-5.0.1.tgz 0ms (cache hit)
3148 http cache proc-log@https://registry.npmjs.org/proc-log/-/proc-log-4.2.0.tgz 0ms (cache hit)
3149 http cache cli-spinners@https://registry.npmjs.org/cli-spinners/-/cli-spinners-2.9.2.tgz 0ms (cache hit)
3150 http cache vary@https://registry.npmjs.org/vary/-/vary-1.1.2.tgz 0ms (cache hit)
3151 http cache compressible@https://registry.npmjs.org/compressible/-/compressible-2.0.18.tgz 0ms (cache hit)
3152 http cache @expo/sudo-prompt@https://registry.npmjs.org/@expo/sudo-prompt/-/sudo-prompt-9.3.2.tgz 0ms (cache hit)
3153 http cache on-headers@https://registry.npmjs.org/on-headers/-/on-headers-1.1.0.tgz 0ms (cache hit)
3154 http cache js-yaml@https://registry.npmjs.org/js-yaml/-/js-yaml-4.1.1.tgz 0ms (cache hit)
3155 http cache bytes@https://registry.npmjs.org/bytes/-/bytes-3.1.2.tgz 0ms (cache hit)
3156 http cache terminal-link@https://registry.npmjs.org/terminal-link/-/terminal-link-2.1.1.tgz 0ms (cache hit)
3157 http cache structured-headers@https://registry.npmjs.org/structured-headers/-/structured-headers-0.4.1.tgz 0ms (cache hit)
3158 http cache npm-package-arg@https://registry.npmjs.org/npm-package-arg/-/npm-package-arg-11.0.3.tgz 0ms (cache hit)
3159 http cache progress@https://registry.npmjs.org/progress/-/progress-2.0.3.tgz 0ms (cache hit)
3160 http cache toqr@https://registry.npmjs.org/toqr/-/toqr-0.1.1.tgz 0ms (cache hit)
3161 http cache safe-buffer@https://registry.npmjs.org/safe-buffer/-/safe-buffer-5.2.1.tgz 0ms (cache hit)
3162 http cache prompts@https://registry.npmjs.org/prompts/-/prompts-2.4.2.tgz 0ms (cache hit)
3163 http cache zod@https://registry.npmjs.org/zod/-/zod-3.25.76.tgz 0ms (cache hit)
3164 http cache node-forge@https://registry.npmjs.org/node-forge/-/node-forge-1.4.0.tgz 0ms (cache hit)
3165 http cache lan-network@https://registry.npmjs.org/lan-network/-/lan-network-0.2.1.tgz 0ms (cache hit)
3166 http cache fetch-nodeshim@https://registry.npmjs.org/fetch-nodeshim/-/fetch-nodeshim-0.4.10.tgz 0ms (cache hit)
3167 http cache compression@https://registry.npmjs.org/compression/-/compression-1.8.1.tgz 0ms (cache hit)
3168 http cache ora@https://registry.npmjs.org/ora/-/ora-3.4.0.tgz 0ms (cache hit)
3169 http cache dnssd-advertise@https://registry.npmjs.org/dnssd-advertise/-/dnssd-advertise-1.1.4.tgz 0ms (cache hit)
3170 http cache @expo/prebuild-config@https://registry.npmjs.org/@expo/prebuild-config/-/prebuild-config-56.0.12.tgz 0ms (cache hit)
3171 http cache @expo/schema-utils@https://registry.npmjs.org/@expo/schema-utils/-/schema-utils-56.0.1.tgz 0ms (cache hit)
3172 http cache expo-server@https://registry.npmjs.org/expo-server/-/expo-server-56.0.4.tgz 0ms (cache hit)
3173 http cache @expo/ws-tunnel@https://registry.npmjs.org/@expo/ws-tunnel/-/ws-tunnel-1.0.6.tgz 0ms (cache hit)
3174 http cache @expo/xcpretty@https://registry.npmjs.org/@expo/xcpretty/-/xcpretty-4.4.4.tgz 0ms (cache hit)
3175 http cache @expo/package-manager@https://registry.npmjs.org/@expo/package-manager/-/package-manager-1.12.0.tgz 0ms (cache hit)
3176 http cache @expo/code-signing-certificates@https://registry.npmjs.org/@expo/code-signing-certificates/-/code-signing-certificates-0.0.6.tgz 0ms (cache hit)
3177 http cache @expo/inline-modules@https://registry.npmjs.org/@expo/inline-modules/-/inline-modules-0.0.9.tgz 0ms (cache hit)
3178 http cache @expo/metro-file-map@https://registry.npmjs.org/@expo/metro-file-map/-/metro-file-map-56.0.3.tgz 0ms (cache hit)
3179 http cache is-fullwidth-code-point@https://registry.npmjs.org/is-fullwidth-code-point/-/is-fullwidth-code-point-3.0.0.tgz 0ms (cache hit)
3180 http cache multitars@https://registry.npmjs.org/multitars/-/multitars-1.0.0.tgz 0ms (cache hit)
3181 http cache emoji-regex@https://registry.npmjs.org/emoji-regex/-/emoji-regex-8.0.0.tgz 0ms (cache hit)
3182 http cache @expo/osascript@https://registry.npmjs.org/@expo/osascript/-/osascript-2.6.0.tgz 0ms (cache hit)
3183 http cache string-width@https://registry.npmjs.org/string-width/-/string-width-4.2.3.tgz 0ms (cache hit)
3184 http cache wrap-ansi@https://registry.npmjs.org/wrap-ansi/-/wrap-ansi-7.0.0.tgz 0ms (cache hit)
3185 http cache @expo/devcert@https://registry.npmjs.org/@expo/devcert/-/devcert-1.2.1.tgz 0ms (cache hit)
3186 http cache require-directory@https://registry.npmjs.org/require-directory/-/require-directory-2.1.1.tgz 0ms (cache hit)
3187 http cache y18n@https://registry.npmjs.org/y18n/-/y18n-5.0.8.tgz 0ms (cache hit)
3188 http cache get-caller-file@https://registry.npmjs.org/get-caller-file/-/get-caller-file-2.0.5.tgz 0ms (cache hit)
3189 http cache big-integer@https://registry.npmjs.org/big-integer/-/big-integer-1.6.52.tgz 0ms (cache hit)
3190 http cache stream-buffers@https://registry.npmjs.org/stream-buffers/-/stream-buffers-2.2.0.tgz 0ms (cache hit)
3191 http cache yargs-parser@https://registry.npmjs.org/yargs-parser/-/yargs-parser-21.1.1.tgz 0ms (cache hit)
3192 http cache strip-ansi@https://registry.npmjs.org/strip-ansi/-/strip-ansi-6.0.1.tgz 0ms (cache hit)
3193 http cache bplist-parser@https://registry.npmjs.org/bplist-parser/-/bplist-parser-0.3.1.tgz 0ms (cache hit)
3194 http cache plist@https://registry.npmjs.org/plist/-/plist-3.1.1.tgz 0ms (cache hit)
3195 http cache tmpl@https://registry.npmjs.org/tmpl/-/tmpl-1.0.5.tgz 0ms (cache hit)
3196 http cache isexe@https://registry.npmjs.org/isexe/-/isexe-2.0.0.tgz 0ms (cache hit)
3197 http cache sax@https://registry.npmjs.org/sax/-/sax-1.6.0.tgz 0ms (cache hit)
3198 http cache simple-plist@https://registry.npmjs.org/simple-plist/-/simple-plist-1.3.1.tgz 0ms (cache hit)
3199 http cache cliui@https://registry.npmjs.org/cliui/-/cliui-8.0.1.tgz 0ms (cache hit)
3200 http cache bplist-creator@https://registry.npmjs.org/bplist-creator/-/bplist-creator-0.1.0.tgz 0ms (cache hit)
3201 http cache makeerror@https://registry.npmjs.org/makeerror/-/makeerror-1.0.12.tgz 0ms (cache hit)
3202 http cache buffer-from@https://registry.npmjs.org/buffer-from/-/buffer-from-1.1.2.tgz 0ms (cache hit)
3203 http cache escalade@https://registry.npmjs.org/escalade/-/escalade-3.2.0.tgz 0ms (cache hit)
3204 http cache is-number@https://registry.npmjs.org/is-number/-/is-number-7.0.0.tgz 0ms (cache hit)
3205 http cache unicode-canonical-property-names-ecmascript@https://registry.npmjs.org/unicode-canonical-property-names-ecmascript/-/unicode-canonical-property-names-ecmascript-2.0.1.tgz 0ms (cache hit)
3206 http cache source-map-support@https://registry.npmjs.org/source-map-support/-/source-map-support-0.5.21.tgz 0ms (cache hit)
3207 http cache unicode-property-aliases-ecmascript@https://registry.npmjs.org/unicode-property-aliases-ecmascript/-/unicode-property-aliases-ecmascript-2.2.0.tgz 0ms (cache hit)
3208 http cache has-flag@https://registry.npmjs.org/has-flag/-/has-flag-4.0.0.tgz 0ms (cache hit)
3209 http cache type-fest@https://registry.npmjs.org/type-fest/-/type-fest-0.7.1.tgz 0ms (cache hit)
3210 http cache shebang-regex@https://registry.npmjs.org/shebang-regex/-/shebang-regex-3.0.0.tgz 0ms (cache hit)
3211 http cache setprototypeof@https://registry.npmjs.org/setprototypeof/-/setprototypeof-1.2.0.tgz 0ms (cache hit)
3212 http cache mime@https://registry.npmjs.org/mime/-/mime-1.6.0.tgz 0ms (cache hit)
3213 http cache acorn@https://registry.npmjs.org/acorn/-/acorn-8.16.0.tgz 0ms (cache hit)
3214 http cache toidentifier@https://registry.npmjs.org/toidentifier/-/toidentifier-1.0.1.tgz 0ms (cache hit)
3215 http cache http-errors@https://registry.npmjs.org/http-errors/-/http-errors-2.0.1.tgz 0ms (cache hit)
3216 http cache etag@https://registry.npmjs.org/etag/-/etag-1.8.1.tgz 0ms (cache hit)
3217 http cache range-parser@https://registry.npmjs.org/range-parser/-/range-parser-1.2.1.tgz 0ms (cache hit)
3218 http cache fresh@https://registry.npmjs.org/fresh/-/fresh-0.5.2.tgz 0ms (cache hit)
3219 http cache destroy@https://registry.npmjs.org/destroy/-/destroy-1.2.0.tgz 0ms (cache hit)
3220 http cache hasown@https://registry.npmjs.org/hasown/-/hasown-2.0.3.tgz 0ms (cache hit)
3221 http cache send@https://registry.npmjs.org/send/-/send-0.19.2.tgz 0ms (cache hit)
3222 http cache is-arrayish@https://registry.npmjs.org/is-arrayish/-/is-arrayish-0.3.4.tgz 0ms (cache hit)
3223 http cache function-bind@https://registry.npmjs.org/function-bind/-/function-bind-1.1.2.tgz 0ms (cache hit)
3224 http cache depd@https://registry.npmjs.org/depd/-/depd-2.0.0.tgz 0ms (cache hit)
3225 http cache supports-preserve-symlinks-flag@https://registry.npmjs.org/supports-preserve-symlinks-flag/-/supports-preserve-symlinks-flag-1.0.0.tgz 0ms (cache hit)
3226 http cache unicode-match-property-value-ecmascript@https://registry.npmjs.org/unicode-match-property-value-ecmascript/-/unicode-match-property-value-ecmascript-2.2.1.tgz 0ms (cache hit)
3227 http cache is-core-module@https://registry.npmjs.org/is-core-module/-/is-core-module-2.16.2.tgz 0ms (cache hit)
3228 http cache es-errors@https://registry.npmjs.org/es-errors/-/es-errors-1.3.0.tgz 0ms (cache hit)
3229 http cache path-parse@https://registry.npmjs.org/path-parse/-/path-parse-1.0.7.tgz 0ms (cache hit)
3230 http cache regenerate-unicode-properties@https://registry.npmjs.org/regenerate-unicode-properties/-/regenerate-unicode-properties-10.2.2.tgz 0ms (cache hit)
3231 http cache regjsgen@https://registry.npmjs.org/regjsgen/-/regjsgen-0.8.0.tgz 0ms (cache hit)
3232 http cache unicode-match-property-ecmascript@https://registry.npmjs.org/unicode-match-property-ecmascript/-/unicode-match-property-ecmascript-2.0.0.tgz 0ms (cache hit)
3233 http cache @babel/plugin-transform-arrow-functions@https://registry.npmjs.org/@babel/plugin-transform-arrow-functions/-/plugin-transform-arrow-functions-7.27.1.tgz 0ms (cache hit)
3234 http cache regenerate@https://registry.npmjs.org/regenerate/-/regenerate-1.4.2.tgz 0ms (cache hit)
3235 http cache @babel/plugin-transform-shorthand-properties@https://registry.npmjs.org/@babel/plugin-transform-shorthand-properties/-/plugin-transform-shorthand-properties-7.27.1.tgz 0ms (cache hit)
3236 http cache entities@https://registry.npmjs.org/entities/-/entities-4.5.0.tgz 0ms (cache hit)
3237 http cache @babel/plugin-transform-template-literals@https://registry.npmjs.org/@babel/plugin-transform-template-literals/-/plugin-transform-template-literals-7.27.1.tgz 0ms (cache hit)
3238 http cache regjsparser@https://registry.npmjs.org/regjsparser/-/regjsparser-0.13.1.tgz 0ms (cache hit)
3239 http cache mdn-data@https://registry.npmjs.org/mdn-data/-/mdn-data-2.0.14.tgz 0ms (cache hit)
3240 http cache domelementtype@https://registry.npmjs.org/domelementtype/-/domelementtype-2.3.0.tgz 0ms (cache hit)
3241 http cache @babel/preset-typescript@https://registry.npmjs.org/@babel/preset-typescript/-/preset-typescript-7.28.5.tgz 0ms (cache hit)
3242 http cache dom-serializer@https://registry.npmjs.org/dom-serializer/-/dom-serializer-2.0.0.tgz 0ms (cache hit)
3243 http cache domhandler@https://registry.npmjs.org/domhandler/-/domhandler-5.0.3.tgz 0ms (cache hit)
3244 http cache css-tree@https://registry.npmjs.org/css-tree/-/css-tree-1.1.3.tgz 0ms (cache hit)
3245 http cache css-what@https://registry.npmjs.org/css-what/-/css-what-6.2.2.tgz 0ms (cache hit)
3246 http cache boolbase@https://registry.npmjs.org/boolbase/-/boolbase-1.0.0.tgz 0ms (cache hit)
3247 http cache domutils@https://registry.npmjs.org/domutils/-/domutils-3.2.2.tgz 0ms (cache hit)
3248 http cache warn-once@https://registry.npmjs.org/warn-once/-/warn-once-0.1.1.tgz 0ms (cache hit)
3249 http cache nth-check@https://registry.npmjs.org/nth-check/-/nth-check-2.1.1.tgz 0ms (cache hit)
3250 http cache react-freeze@https://registry.npmjs.org/react-freeze/-/react-freeze-1.0.4.tgz 0ms (cache hit)
3251 http cache react-native-is-edge-to-edge@https://registry.npmjs.org/react-native-is-edge-to-edge/-/react-native-is-edge-to-edge-1.3.1.tgz 0ms (cache hit)
3252 http cache css-select@https://registry.npmjs.org/css-select/-/css-select-5.2.2.tgz 0ms (cache hit)
3253 http cache @types/hammerjs@https://registry.npmjs.org/@types/hammerjs/-/hammerjs-2.0.46.tgz 0ms (cache hit)
3254 http cache hoist-non-react-statics@https://registry.npmjs.org/hoist-non-react-statics/-/hoist-non-react-statics-3.3.2.tgz 0ms (cache hit)
3255 http cache shell-quote@https://registry.npmjs.org/shell-quote/-/shell-quote-1.8.3.tgz 0ms (cache hit)
3256 http cache asap@https://registry.npmjs.org/asap/-/asap-2.0.6.tgz 0ms (cache hit)
3257 http cache @types/react-test-renderer@https://registry.npmjs.org/@types/react-test-renderer/-/react-test-renderer-19.1.0.tgz 0ms (cache hit)
3258 http cache marky@https://registry.npmjs.org/marky/-/marky-1.3.0.tgz 0ms (cache hit)
3259 http cache mkdirp@https://registry.npmjs.org/mkdirp/-/mkdirp-1.0.4.tgz 0ms (cache hit)
3260 http cache @egjs/hammerjs@https://registry.npmjs.org/@egjs/hammerjs/-/hammerjs-2.0.17.tgz 0ms (cache hit)
3261 http cache is-docker@https://registry.npmjs.org/is-docker/-/is-docker-2.2.1.tgz 0ms (cache hit)
3262 http cache lighthouse-logger@https://registry.npmjs.org/lighthouse-logger/-/lighthouse-logger-1.4.2.tgz 0ms (cache hit)
3263 http cache serve-static@https://registry.npmjs.org/serve-static/-/serve-static-1.16.3.tgz 0ms (cache hit)
3264 http cache is-wsl@https://registry.npmjs.org/is-wsl/-/is-wsl-2.2.0.tgz 0ms (cache hit)
3265 http cache fb-dotslash@https://registry.npmjs.org/fb-dotslash/-/fb-dotslash-0.5.8.tgz 0ms (cache hit)
3266 http cache chrome-launcher@https://registry.npmjs.org/chrome-launcher/-/chrome-launcher-0.15.2.tgz 0ms (cache hit)
3267 http cache chromium-edge-launcher@https://registry.npmjs.org/chromium-edge-launcher/-/chromium-edge-launcher-0.3.0.tgz 0ms (cache hit)
3268 http cache @react-native/debugger-shell@https://registry.npmjs.org/@react-native/debugger-shell/-/debugger-shell-0.85.3.tgz 0ms (cache hit)
3269 http cache @react-native/debugger-frontend@https://registry.npmjs.org/@react-native/debugger-frontend/-/debugger-frontend-0.85.3.tgz 0ms (cache hit)
3270 http cache open@https://registry.npmjs.org/open/-/open-7.4.2.tgz 0ms (cache hit)
3271 http cache @isaacs/ttlcache@https://registry.npmjs.org/@isaacs/ttlcache/-/ttlcache-1.4.1.tgz 0ms (cache hit)
3272 http cache @jridgewell/source-map@https://registry.npmjs.org/@jridgewell/source-map/-/source-map-0.3.11.tgz 0ms (cache hit)
3273 http cache @react-native/dev-middleware@https://registry.npmjs.org/@react-native/dev-middleware/-/dev-middleware-0.85.3.tgz 0ms (cache hit)
3274 http cache whatwg-fetch@https://registry.npmjs.org/whatwg-fetch/-/whatwg-fetch-3.6.20.tgz 0ms (cache hit)
3275 http cache regenerator-runtime@https://registry.npmjs.org/regenerator-runtime/-/regenerator-runtime-0.13.11.tgz 0ms (cache hit)
3276 http cache react-devtools-core@https://registry.npmjs.org/react-devtools-core/-/react-devtools-core-6.1.5.tgz 0ms (cache hit)
3277 http cache stacktrace-parser@https://registry.npmjs.org/stacktrace-parser/-/stacktrace-parser-0.1.11.tgz 0ms (cache hit)
3278 http cache promise@https://registry.npmjs.org/promise/-/promise-8.3.0.tgz 0ms (cache hit)
3279 http cache scheduler@https://registry.npmjs.org/scheduler/-/scheduler-0.27.0.tgz 0ms (cache hit)
3280 http cache ansi-regex@https://registry.npmjs.org/ansi-regex/-/ansi-regex-5.0.1.tgz 0ms (cache hit)
3281 http cache anser@https://registry.npmjs.org/anser/-/anser-1.4.10.tgz 0ms (cache hit)
3282 http cache memoize-one@https://registry.npmjs.org/memoize-one/-/memoize-one-5.2.1.tgz 0ms (cache hit)
3283 http cache @react-native/normalize-colors@https://registry.npmjs.org/@react-native/normalize-colors/-/normalize-colors-0.85.3.tgz 0ms (cache hit)
3284 http cache @react-native/assets-registry@https://registry.npmjs.org/@react-native/assets-registry/-/assets-registry-0.85.3.tgz 0ms (cache hit)
3285 http cache hermes-compiler@https://registry.npmjs.org/hermes-compiler/-/hermes-compiler-250829098.0.10.tgz 0ms (cache hit)
3286 http cache @react-native/virtualized-lists@https://registry.npmjs.org/@react-native/virtualized-lists/-/virtualized-lists-0.85.3.tgz 0ms (cache hit)
3287 http cache @react-native/gradle-plugin@https://registry.npmjs.org/@react-native/gradle-plugin/-/gradle-plugin-0.85.3.tgz 0ms (cache hit)
3288 http cache inherits@https://registry.npmjs.org/inherits/-/inherits-2.0.4.tgz 0ms (cache hit)
3289 http cache @react-native/community-cli-plugin@https://registry.npmjs.org/@react-native/community-cli-plugin/-/community-cli-plugin-0.85.3.tgz 0ms (cache hit)
3290 http cache filter-obj@https://registry.npmjs.org/filter-obj/-/filter-obj-1.1.0.tgz 0ms (cache hit)
3291 http cache strict-uri-encode@https://registry.npmjs.org/strict-uri-encode/-/strict-uri-encode-2.0.0.tgz 0ms (cache hit)
3292 http cache split-on-first@https://registry.npmjs.org/split-on-first/-/split-on-first-1.1.0.tgz 0ms (cache hit)
3293 http cache pngjs@https://registry.npmjs.org/pngjs/-/pngjs-3.4.0.tgz 0ms (cache hit)
3294 http cache to-regex-range@https://registry.npmjs.org/to-regex-range/-/to-regex-range-5.0.1.tgz 0ms (cache hit)
3295 http cache decode-uri-component@https://registry.npmjs.org/decode-uri-component/-/decode-uri-component-0.2.2.tgz 0ms (cache hit)
3296 http cache ee-first@https://registry.npmjs.org/ee-first/-/ee-first-1.1.1.tgz 0ms (cache hit)
3297 http cache mime-db@https://registry.npmjs.org/mime-db/-/mime-db-1.54.0.tgz 0ms (cache hit)
3298 http cache balanced-match@https://registry.npmjs.org/balanced-match/-/balanced-match-4.0.4.tgz 0ms (cache hit)
3299 http cache fill-range@https://registry.npmjs.org/fill-range/-/fill-range-7.1.1.tgz 0ms (cache hit)
3300 http cache vlq@https://registry.npmjs.org/vlq/-/vlq-1.0.1.tgz 0ms (cache hit)
3301 http cache brace-expansion@https://registry.npmjs.org/brace-expansion/-/brace-expansion-5.0.6.tgz 0ms (cache hit)
3302 http cache ob1@https://registry.npmjs.org/ob1/-/ob1-0.84.4.tgz 0ms (cache hit)
3303 http cache node-int64@https://registry.npmjs.org/node-int64/-/node-int64-0.4.0.tgz 0ms (cache hit)
3304 http cache walker@https://registry.npmjs.org/walker/-/walker-1.0.8.tgz 0ms (cache hit)
3305 http cache terser@https://registry.npmjs.org/terser/-/terser-5.48.0.tgz 0ms (cache hit)
3306 http cache leven@https://registry.npmjs.org/leven/-/leven-3.1.0.tgz 0ms (cache hit)
3307 http cache micromatch@https://registry.npmjs.org/micromatch/-/micromatch-4.0.8.tgz 0ms (cache hit)
3308 http cache bser@https://registry.npmjs.org/bser/-/bser-2.1.1.tgz 0ms (cache hit)
3309 http cache camelcase@https://registry.npmjs.org/camelcase/-/camelcase-6.3.0.tgz 0ms (cache hit)
3310 http cache agent-base@https://registry.npmjs.org/agent-base/-/agent-base-7.1.4.tgz 0ms (cache hit)
3311 http cache jest-get-type@https://registry.npmjs.org/jest-get-type/-/jest-get-type-29.6.3.tgz 0ms (cache hit)
3312 http cache fb-watchman@https://registry.npmjs.org/fb-watchman/-/fb-watchman-2.0.2.tgz 0ms (cache hit)
3313 http cache braces@https://registry.npmjs.org/braces/-/braces-3.0.3.tgz 0ms (cache hit)
3314 http cache jest-validate@https://registry.npmjs.org/jest-validate/-/jest-validate-29.7.0.tgz 0ms (cache hit)
3315 http cache yaml@https://registry.npmjs.org/yaml/-/yaml-2.9.0.tgz 0ms (cache hit)
3316 http cache @types/yargs-parser@https://registry.npmjs.org/@types/yargs-parser/-/yargs-parser-21.0.3.tgz 0ms (cache hit)
3317 http cache https-proxy-agent@https://registry.npmjs.org/https-proxy-agent/-/https-proxy-agent-7.0.6.tgz 0ms (cache hit)
3318 http cache exponential-backoff@https://registry.npmjs.org/exponential-backoff/-/exponential-backoff-3.1.3.tgz 0ms (cache hit)
3319 http cache @types/yargs@https://registry.npmjs.org/@types/yargs/-/yargs-17.0.35.tgz 0ms (cache hit)
3320 http cache @sinclair/typebox@https://registry.npmjs.org/@sinclair/typebox/-/typebox-0.27.10.tgz 0ms (cache hit)
3321 http cache @types/istanbul-lib-coverage@https://registry.npmjs.org/@types/istanbul-lib-coverage/-/istanbul-lib-coverage-2.0.6.tgz 0ms (cache hit)
3322 http cache @types/istanbul-lib-report@https://registry.npmjs.org/@types/istanbul-lib-report/-/istanbul-lib-report-3.0.3.tgz 0ms (cache hit)
3323 http cache @jest/schemas@https://registry.npmjs.org/@jest/schemas/-/schemas-29.6.3.tgz 0ms (cache hit)
3324 http cache undici-types@https://registry.npmjs.org/undici-types/-/undici-types-7.24.6.tgz 0ms (cache hit)
3325 http cache merge-stream@https://registry.npmjs.org/merge-stream/-/merge-stream-2.0.0.tgz 0ms (cache hit)
3326 http cache @jest/types@https://registry.npmjs.org/@jest/types/-/types-29.6.3.tgz 0ms (cache hit)
3327 http cache jest-util@https://registry.npmjs.org/jest-util/-/jest-util-29.7.0.tgz 0ms (cache hit)
3328 http cache @types/node@https://registry.npmjs.org/@types/node/-/node-25.9.1.tgz 0ms (cache hit)
3329 http cache @types/istanbul-reports@https://registry.npmjs.org/@types/istanbul-reports/-/istanbul-reports-3.0.4.tgz 0ms (cache hit)
3330 http cache picomatch@https://registry.npmjs.org/picomatch/-/picomatch-2.3.2.tgz 0ms (cache hit)
3331 http cache escape-html@https://registry.npmjs.org/escape-html/-/escape-html-1.0.3.tgz 0ms (cache hit)
3332 http cache unpipe@https://registry.npmjs.org/unpipe/-/unpipe-1.0.0.tgz 0ms (cache hit)
3333 http cache stackframe@https://registry.npmjs.org/stackframe/-/stackframe-1.3.4.tgz 0ms (cache hit)
3334 http cache encodeurl@https://registry.npmjs.org/encodeurl/-/encodeurl-1.0.2.tgz 0ms (cache hit)
3335 http cache on-finished@https://registry.npmjs.org/on-finished/-/on-finished-2.3.0.tgz 0ms (cache hit)
3336 http cache queue@https://registry.npmjs.org/queue/-/queue-6.0.2.tgz 0ms (cache hit)
3337 http cache utils-merge@https://registry.npmjs.org/utils-merge/-/utils-merge-1.0.1.tgz 0ms (cache hit)
3338 http cache parseurl@https://registry.npmjs.org/parseurl/-/parseurl-1.3.3.tgz 0ms (cache hit)
3339 http cache finalhandler@https://registry.npmjs.org/finalhandler/-/finalhandler-1.1.2.tgz 0ms (cache hit)
3340 http cache ws@https://registry.npmjs.org/ws/-/ws-7.5.10.tgz 0ms (cache hit)
3341 http cache throat@https://registry.npmjs.org/throat/-/throat-5.0.0.tgz 0ms (cache hit)
3342 http cache negotiator@https://registry.npmjs.org/negotiator/-/negotiator-1.0.0.tgz 0ms (cache hit)
3343 http cache statuses@https://registry.npmjs.org/statuses/-/statuses-1.5.0.tgz 0ms (cache hit)
3344 http cache jest-worker@https://registry.npmjs.org/jest-worker/-/jest-worker-29.7.0.tgz 0ms (cache hit)
3345 http cache source-map@https://registry.npmjs.org/source-map/-/source-map-0.5.7.tgz 0ms (cache hit)
3346 http cache graceful-fs@https://registry.npmjs.org/graceful-fs/-/graceful-fs-4.2.11.tgz 0ms (cache hit)
3347 http cache serialize-error@https://registry.npmjs.org/serialize-error/-/serialize-error-2.1.0.tgz 0ms (cache hit)
3348 http cache lodash.throttle@https://registry.npmjs.org/lodash.throttle/-/lodash.throttle-4.1.1.tgz 0ms (cache hit)
3349 http cache jsc-safe-url@https://registry.npmjs.org/jsc-safe-url/-/jsc-safe-url-0.2.4.tgz 0ms (cache hit)
3350 http cache connect@https://registry.npmjs.org/connect/-/connect-3.7.0.tgz 0ms (cache hit)
3351 http cache mime-types@https://registry.npmjs.org/mime-types/-/mime-types-3.0.2.tgz 0ms (cache hit)
3352 http cache flow-enums-runtime@https://registry.npmjs.org/flow-enums-runtime/-/flow-enums-runtime-0.0.6.tgz 0ms (cache hit)
3353 http cache image-size@https://registry.npmjs.org/image-size/-/image-size-1.2.1.tgz 0ms (cache hit)
3354 http cache loose-envify@https://registry.npmjs.org/loose-envify/-/loose-envify-1.4.0.tgz 0ms (cache hit)
3355 http cache error-stack-parser@https://registry.npmjs.org/error-stack-parser/-/error-stack-parser-2.1.4.tgz 0ms (cache hit)
3356 http cache yallist@https://registry.npmjs.org/yallist/-/yallist-3.1.1.tgz 0ms (cache hit)
3357 http cache hermes-estree@https://registry.npmjs.org/hermes-estree/-/hermes-estree-0.33.3.tgz 0ms (cache hit)
3358 http cache path-scurry@https://registry.npmjs.org/path-scurry/-/path-scurry-2.0.2.tgz 0ms (cache hit)
3359 http cache ci-info@https://registry.npmjs.org/ci-info/-/ci-info-2.0.0.tgz 0ms (cache hit)
3360 http cache unimodules-app-loader@https://registry.npmjs.org/unimodules-app-loader/-/unimodules-app-loader-56.0.1.tgz 0ms (cache hit)
3361 http cache accepts@https://registry.npmjs.org/accepts/-/accepts-2.0.0.tgz 0ms (cache hit)
3362 http cache minipass@https://registry.npmjs.org/minipass/-/minipass-7.1.3.tgz 0ms (cache hit)
3363 http cache badgin@https://registry.npmjs.org/badgin/-/badgin-1.2.3.tgz 0ms (cache hit)
3364 http cache parse-png@https://registry.npmjs.org/parse-png/-/parse-png-2.1.0.tgz 0ms (cache hit)
3365 http cache expo-constants@https://registry.npmjs.org/expo-constants/-/expo-constants-56.0.14.tgz 0ms (cache hit)
3366 http cache abort-controller@https://registry.npmjs.org/abort-controller/-/abort-controller-3.0.0.tgz 0ms (cache hit)
3367 http cache jimp-compact@https://registry.npmjs.org/jimp-compact/-/jimp-compact-0.16.1.tgz 0ms (cache hit)
3368 http cache event-target-shim@https://registry.npmjs.org/event-target-shim/-/event-target-shim-5.0.1.tgz 0ms (cache hit)
3369 http cache expo-application@https://registry.npmjs.org/expo-application/-/expo-application-56.0.3.tgz 0ms (cache hit)
3370 http cache @expo/image-utils@https://registry.npmjs.org/@expo/image-utils/-/image-utils-0.10.0.tgz 0ms (cache hit)
3371 http cache which@https://registry.npmjs.org/which/-/which-2.0.2.tgz 0ms (cache hit)
3372 http cache path-key@https://registry.npmjs.org/path-key/-/path-key-3.1.1.tgz 0ms (cache hit)
3373 http cache commander@https://registry.npmjs.org/commander/-/commander-7.2.0.tgz 0ms (cache hit)
3374 http cache @expo/expo-modules-macros-plugin@https://registry.npmjs.org/@expo/expo-modules-macros-plugin/-/expo-modules-macros-plugin-0.0.9.tgz 0ms (cache hit)
3375 http cache shebang-command@https://registry.npmjs.org/shebang-command/-/shebang-command-2.0.0.tgz 0ms (cache hit)
3376 http cache supports-color@https://registry.npmjs.org/supports-color/-/supports-color-7.2.0.tgz 0ms (cache hit)
3377 http cache xmlbuilder@https://registry.npmjs.org/xmlbuilder/-/xmlbuilder-15.1.1.tgz 0ms (cache hit)
3378 http cache base64-js@https://registry.npmjs.org/base64-js/-/base64-js-1.5.1.tgz 0ms (cache hit)
3379 http cache ansi-styles@https://registry.npmjs.org/ansi-styles/-/ansi-styles-4.3.0.tgz 0ms (cache hit)
3380 http cache metro-transform-worker@https://registry.npmjs.org/metro-transform-worker/-/metro-transform-worker-0.84.4.tgz 0ms (cache hit)
3381 http cache cross-spawn@https://registry.npmjs.org/cross-spawn/-/cross-spawn-7.0.6.tgz 0ms (cache hit)
3382 http cache metro-symbolicate@https://registry.npmjs.org/metro-symbolicate/-/metro-symbolicate-0.84.4.tgz 0ms (cache hit)
3383 http cache @xmldom/xmldom@https://registry.npmjs.org/@xmldom/xmldom/-/xmldom-0.8.13.tgz 0ms (cache hit)
3384 http cache metro-transform-plugins@https://registry.npmjs.org/metro-transform-plugins/-/metro-transform-plugins-0.84.4.tgz 0ms (cache hit)
3385 http cache metro-core@https://registry.npmjs.org/metro-core/-/metro-core-0.84.4.tgz 0ms (cache hit)
3386 http cache metro-source-map@https://registry.npmjs.org/metro-source-map/-/metro-source-map-0.84.4.tgz 0ms (cache hit)
3387 http cache metro-resolver@https://registry.npmjs.org/metro-resolver/-/metro-resolver-0.84.4.tgz 0ms (cache hit)
3388 http cache metro-file-map@https://registry.npmjs.org/metro-file-map/-/metro-file-map-0.84.4.tgz 0ms (cache hit)
3389 http cache metro-cache@https://registry.npmjs.org/metro-cache/-/metro-cache-0.84.4.tgz 0ms (cache hit)
3390 http cache metro-minify-terser@https://registry.npmjs.org/metro-minify-terser/-/metro-minify-terser-0.84.4.tgz 0ms (cache hit)
3391 http cache expo-modules-jsi@https://registry.npmjs.org/expo-modules-jsi/-/expo-modules-jsi-56.0.7.tgz 0ms (cache hit)
3392 http cache metro-babel-transformer@https://registry.npmjs.org/metro-babel-transformer/-/metro-babel-transformer-0.84.4.tgz 0ms (cache hit)
3393 http cache metro@https://registry.npmjs.org/metro/-/metro-0.84.4.tgz 0ms (cache hit)
3394 http cache resolve-from@https://registry.npmjs.org/resolve-from/-/resolve-from-5.0.0.tgz 0ms (cache hit)
3395 http cache ignore@https://registry.npmjs.org/ignore/-/ignore-5.3.2.tgz 0ms (cache hit)
3396 http cache metro-cache-key@https://registry.npmjs.org/metro-cache-key/-/metro-cache-key-0.84.4.tgz 0ms (cache hit)
3397 http cache xml2js@https://registry.npmjs.org/xml2js/-/xml2js-0.6.0.tgz 0ms (cache hit)
3398 http cache xcode@https://registry.npmjs.org/xcode/-/xcode-3.0.1.tgz 0ms (cache hit)
3399 http cache @expo/env@https://registry.npmjs.org/@expo/env/-/env-2.3.0.tgz 0ms (cache hit)
3400 http cache @expo/spawn-async@https://registry.npmjs.org/@expo/spawn-async/-/spawn-async-1.8.0.tgz 0ms (cache hit)
3401 http cache chalk@https://registry.npmjs.org/chalk/-/chalk-4.1.2.tgz 0ms (cache hit)
3402 http cache minimatch@https://registry.npmjs.org/minimatch/-/minimatch-10.2.5.tgz 0ms (cache hit)
3403 http cache @expo/plist@https://registry.npmjs.org/@expo/plist/-/plist-0.7.0.tgz 0ms (cache hit)
3404 http cache arg@https://registry.npmjs.org/arg/-/arg-5.0.2.tgz 0ms (cache hit)
3405 http cache getenv@https://registry.npmjs.org/getenv/-/getenv-2.0.0.tgz 0ms (cache hit)
3406 http cache slugify@https://registry.npmjs.org/slugify/-/slugify-1.6.9.tgz 0ms (cache hit)
3407 http cache @expo/sdk-runtime-versions@https://registry.npmjs.org/@expo/sdk-runtime-versions/-/sdk-runtime-versions-1.0.0.tgz 0ms (cache hit)
3408 http cache glob@https://registry.npmjs.org/glob/-/glob-13.0.6.tgz 0ms (cache hit)
3409 http cache @expo/require-utils@https://registry.npmjs.org/@expo/require-utils/-/require-utils-56.1.2.tgz 0ms (cache hit)
3410 http cache @expo/json-file@https://registry.npmjs.org/@expo/json-file/-/json-file-10.2.0.tgz 0ms (cache hit)
3411 http cache deepmerge@https://registry.npmjs.org/deepmerge/-/deepmerge-4.3.1.tgz 0ms (cache hit)
3412 http cache resolve-workspace-root@https://registry.npmjs.org/resolve-workspace-root/-/resolve-workspace-root-2.0.1.tgz 0ms (cache hit)
3413 http cache @expo/config-types@https://registry.npmjs.org/@expo/config-types/-/config-types-56.0.5.tgz 0ms (cache hit)
3414 http cache expo-modules-core@https://registry.npmjs.org/expo-modules-core/-/expo-modules-core-56.0.12.tgz 0ms (cache hit)
3415 http cache pretty-format@https://registry.npmjs.org/pretty-format/-/pretty-format-29.7.0.tgz 0ms (cache hit)
3416 http cache @expo/metro@https://registry.npmjs.org/@expo/metro/-/metro-56.0.0.tgz 0ms (cache hit)
3417 http cache whatwg-url-minimum@https://registry.npmjs.org/whatwg-url-minimum/-/whatwg-url-minimum-0.1.2.tgz 0ms (cache hit)
3418 http cache @ungap/structured-clone@https://registry.npmjs.org/@ungap/structured-clone/-/structured-clone-1.3.1.tgz 0ms (cache hit)
3419 http cache expo-modules-autolinking@https://registry.npmjs.org/expo-modules-autolinking/-/expo-modules-autolinking-56.0.11.tgz 0ms (cache hit)
3420 http cache ms@https://registry.npmjs.org/ms/-/ms-2.1.3.tgz 0ms (cache hit)
3421 http cache @expo/local-build-cache-provider@https://registry.npmjs.org/@expo/local-build-cache-provider/-/local-build-cache-provider-56.0.7.tgz 0ms (cache hit)
3422 http cache @expo/config@https://registry.npmjs.org/@expo/config/-/config-56.0.8.tgz 0ms (cache hit)
3423 http cache @expo/fingerprint@https://registry.npmjs.org/@expo/fingerprint/-/fingerprint-0.19.1.tgz 0ms (cache hit)
3424 http cache @expo/config-plugins@https://registry.npmjs.org/@expo/config-plugins/-/config-plugins-56.0.7.tgz 0ms (cache hit)
3425 http cache color-name@https://registry.npmjs.org/color-name/-/color-name-1.1.4.tgz 0ms (cache hit)
3426 http cache simple-swizzle@https://registry.npmjs.org/simple-swizzle/-/simple-swizzle-0.2.4.tgz 0ms (cache hit)
3427 http cache color-string@https://registry.npmjs.org/color-string/-/color-string-1.9.1.tgz 0ms (cache hit)
3428 http cache @babel/runtime@https://registry.npmjs.org/@babel/runtime/-/runtime-7.29.2.tgz 0ms (cache hit)
3429 http cache color-convert@https://registry.npmjs.org/color-convert/-/color-convert-2.0.1.tgz 0ms (cache hit)
3430 http cache update-browserslist-db@https://registry.npmjs.org/update-browserslist-db/-/update-browserslist-db-1.2.3.tgz 0ms (cache hit)
3431 http cache node-releases@https://registry.npmjs.org/node-releases/-/node-releases-2.0.46.tgz 0ms (cache hit)
3432 http cache core-js-compat@https://registry.npmjs.org/core-js-compat/-/core-js-compat-3.49.0.tgz 0ms (cache hit)
3433 http cache baseline-browser-mapping@https://registry.npmjs.org/baseline-browser-mapping/-/baseline-browser-mapping-2.10.31.tgz 0ms (cache hit)
3434 http cache caniuse-lite@https://registry.npmjs.org/caniuse-lite/-/caniuse-lite-1.0.30001793.tgz 0ms (cache hit)
3435 http cache @expo/devtools@https://registry.npmjs.org/@expo/devtools/-/devtools-56.0.2.tgz 0ms (cache hit)
3436 http cache electron-to-chromium@https://registry.npmjs.org/electron-to-chromium/-/electron-to-chromium-1.5.361.tgz 0ms (cache hit)
3437 http cache csstype@https://registry.npmjs.org/csstype/-/csstype-3.2.3.tgz 0ms (cache hit)
3438 http cache @babel/helper-define-polyfill-provider@https://registry.npmjs.org/@babel/helper-define-polyfill-provider/-/helper-define-polyfill-provider-0.6.8.tgz 0ms (cache hit)
3439 http cache query-string@https://registry.npmjs.org/query-string/-/query-string-7.1.3.tgz 0ms (cache hit)
3440 http cache lodash.debounce@https://registry.npmjs.org/lodash.debounce/-/lodash.debounce-4.0.8.tgz 0ms (cache hit)
3441 http cache react-is@https://registry.npmjs.org/react-is/-/react-is-19.2.6.tgz 0ms (cache hit)
3442 http cache @react-navigation/routers@https://registry.npmjs.org/@react-navigation/routers/-/routers-7.5.5.tgz 0ms (cache hit)
3443 http cache nanoid@https://registry.npmjs.org/nanoid/-/nanoid-3.3.12.tgz 0ms (cache hit)
3444 http cache resolve@https://registry.npmjs.org/resolve/-/resolve-1.22.12.tgz 0ms (cache hit)
3445 http cache escape-string-regexp@https://registry.npmjs.org/escape-string-regexp/-/escape-string-regexp-4.0.0.tgz 0ms (cache hit)
3446 http cache fast-deep-equal@https://registry.npmjs.org/fast-deep-equal/-/fast-deep-equal-3.1.3.tgz 0ms (cache hit)
3447 http cache use-latest-callback@https://registry.npmjs.org/use-latest-callback/-/use-latest-callback-0.2.6.tgz 0ms (cache hit)
3448 http cache sf-symbols-typescript@https://registry.npmjs.org/sf-symbols-typescript/-/sf-symbols-typescript-2.2.0.tgz 0ms (cache hit)
3449 http cache @react-navigation/core@https://registry.npmjs.org/@react-navigation/core/-/core-7.17.4.tgz 0ms (cache hit)
3450 http cache use-sync-external-store@https://registry.npmjs.org/use-sync-external-store/-/use-sync-external-store-1.6.0.tgz 0ms (cache hit)
3451 http cache tinyglobby@https://registry.npmjs.org/tinyglobby/-/tinyglobby-0.2.16.tgz 0ms (cache hit)
3452 http cache babel-plugin-polyfill-regenerator@https://registry.npmjs.org/babel-plugin-polyfill-regenerator/-/babel-plugin-polyfill-regenerator-0.6.8.tgz 0ms (cache hit)
3453 http cache color@https://registry.npmjs.org/color/-/color-4.2.3.tgz 0ms (cache hit)
3454 http cache @react-navigation/elements@https://registry.npmjs.org/@react-navigation/elements/-/elements-2.9.18.tgz 0ms (cache hit)
3455 http cache invariant@https://registry.npmjs.org/invariant/-/invariant-2.2.4.tgz 0ms (cache hit)
3456 http cache yargs@https://registry.npmjs.org/yargs/-/yargs-17.7.2.tgz 0ms (cache hit)
3457 http cache @babel/plugin-syntax-jsx@https://registry.npmjs.org/@babel/plugin-syntax-jsx/-/plugin-syntax-jsx-7.28.6.tgz 0ms (cache hit)
3458 http cache babel-plugin-polyfill-corejs2@https://registry.npmjs.org/babel-plugin-polyfill-corejs2/-/babel-plugin-polyfill-corejs2-0.4.17.tgz 0ms (cache hit)
3459 http cache @babel/plugin-syntax-typescript@https://registry.npmjs.org/@babel/plugin-syntax-typescript/-/plugin-syntax-typescript-7.28.6.tgz 0ms (cache hit)
3460 http cache @react-native/codegen@https://registry.npmjs.org/@react-native/codegen/-/codegen-0.85.3.tgz 0ms (cache hit)
3461 http cache regexpu-core@https://registry.npmjs.org/regexpu-core/-/regexpu-core-6.4.0.tgz 0ms (cache hit)
3462 http cache babel-plugin-polyfill-corejs3@https://registry.npmjs.org/babel-plugin-polyfill-corejs3/-/babel-plugin-polyfill-corejs3-0.13.0.tgz 0ms (cache hit)
3463 http cache @babel/helper-create-regexp-features-plugin@https://registry.npmjs.org/@babel/helper-create-regexp-features-plugin/-/helper-create-regexp-features-plugin-7.28.5.tgz 0ms (cache hit)
3464 http cache @babel/helper-replace-supers@https://registry.npmjs.org/@babel/helper-replace-supers/-/helper-replace-supers-7.28.6.tgz 0ms (cache hit)
3465 http cache @babel/helper-skip-transparent-expression-wrappers@https://registry.npmjs.org/@babel/helper-skip-transparent-expression-wrappers/-/helper-skip-transparent-expression-wrappers-7.27.1.tgz 0ms (cache hit)
3466 http cache @babel/helper-member-expression-to-functions@https://registry.npmjs.org/@babel/helper-member-expression-to-functions/-/helper-member-expression-to-functions-7.28.5.tgz 0ms (cache hit)
3467 http cache @babel/plugin-syntax-flow@https://registry.npmjs.org/@babel/plugin-syntax-flow/-/plugin-syntax-flow-7.28.6.tgz 0ms (cache hit)
3468 http cache @babel/helper-wrap-function@https://registry.npmjs.org/@babel/helper-wrap-function/-/helper-wrap-function-7.28.6.tgz 0ms (cache hit)
3469 http cache @babel/helper-remap-async-to-generator@https://registry.npmjs.org/@babel/helper-remap-async-to-generator/-/helper-remap-async-to-generator-7.27.1.tgz 0ms (cache hit)
3470 http cache @babel/helper-optimise-call-expression@https://registry.npmjs.org/@babel/helper-optimise-call-expression/-/helper-optimise-call-expression-7.27.1.tgz 0ms (cache hit)
3471 http cache react-refresh@https://registry.npmjs.org/react-refresh/-/react-refresh-0.14.2.tgz 0ms (cache hit)
3472 http cache @babel/helper-annotate-as-pure@https://registry.npmjs.org/@babel/helper-annotate-as-pure/-/helper-annotate-as-pure-7.27.3.tgz 0ms (cache hit)
3473 http cache @babel/helper-plugin-utils@https://registry.npmjs.org/@babel/helper-plugin-utils/-/helper-plugin-utils-7.28.6.tgz 0ms (cache hit)
3474 http cache @react-native/babel-plugin-codegen@https://registry.npmjs.org/@react-native/babel-plugin-codegen/-/babel-plugin-codegen-0.85.3.tgz 0ms (cache hit)
3475 http cache babel-plugin-transform-flow-enums@https://registry.npmjs.org/babel-plugin-transform-flow-enums/-/babel-plugin-transform-flow-enums-0.0.2.tgz 0ms (cache hit)
3476 http cache babel-plugin-syntax-hermes-parser@https://registry.npmjs.org/babel-plugin-syntax-hermes-parser/-/babel-plugin-syntax-hermes-parser-0.33.3.tgz 0ms (cache hit)
3477 http cache @babel/plugin-transform-typescript@https://registry.npmjs.org/@babel/plugin-transform-typescript/-/plugin-transform-typescript-7.28.6.tgz 0ms (cache hit)
3478 http cache @babel/plugin-transform-react-jsx-self@https://registry.npmjs.org/@babel/plugin-transform-react-jsx-self/-/plugin-transform-react-jsx-self-7.27.1.tgz 0ms (cache hit)
3479 http cache @babel/helper-create-class-features-plugin@https://registry.npmjs.org/@babel/helper-create-class-features-plugin/-/helper-create-class-features-plugin-7.29.3.tgz 0ms (cache hit)
3480 http cache @babel/plugin-transform-regenerator@https://registry.npmjs.org/@babel/plugin-transform-regenerator/-/plugin-transform-regenerator-7.29.0.tgz 0ms (cache hit)
3481 http cache @babel/plugin-transform-react-jsx-source@https://registry.npmjs.org/@babel/plugin-transform-react-jsx-source/-/plugin-transform-react-jsx-source-7.27.1.tgz 0ms (cache hit)
3482 http cache @babel/plugin-transform-react-display-name@https://registry.npmjs.org/@babel/plugin-transform-react-display-name/-/plugin-transform-react-display-name-7.28.0.tgz 0ms (cache hit)
3483 http cache @babel/plugin-transform-private-property-in-object@https://registry.npmjs.org/@babel/plugin-transform-private-property-in-object/-/plugin-transform-private-property-in-object-7.28.6.tgz 0ms (cache hit)
3484 http cache @babel/plugin-transform-unicode-regex@https://registry.npmjs.org/@babel/plugin-transform-unicode-regex/-/plugin-transform-unicode-regex-7.27.1.tgz 0ms (cache hit)
3485 http cache @babel/plugin-transform-runtime@https://registry.npmjs.org/@babel/plugin-transform-runtime/-/plugin-transform-runtime-7.29.0.tgz 0ms (cache hit)
3486 http cache @babel/plugin-transform-nullish-coalescing-operator@https://registry.npmjs.org/@babel/plugin-transform-nullish-coalescing-operator/-/plugin-transform-nullish-coalescing-operator-7.28.6.tgz 0ms (cache hit)
3487 http cache @babel/plugin-transform-react-jsx@https://registry.npmjs.org/@babel/plugin-transform-react-jsx/-/plugin-transform-react-jsx-7.28.6.tgz 0ms (cache hit)
3488 http cache @babel/plugin-transform-optional-catch-binding@https://registry.npmjs.org/@babel/plugin-transform-optional-catch-binding/-/plugin-transform-optional-catch-binding-7.28.6.tgz 0ms (cache hit)
3489 http cache @babel/plugin-transform-optional-chaining@https://registry.npmjs.org/@babel/plugin-transform-optional-chaining/-/plugin-transform-optional-chaining-7.28.6.tgz 0ms (cache hit)
3490 http cache @babel/plugin-transform-modules-commonjs@https://registry.npmjs.org/@babel/plugin-transform-modules-commonjs/-/plugin-transform-modules-commonjs-7.28.6.tgz 0ms (cache hit)
3491 http cache @babel/plugin-transform-private-methods@https://registry.npmjs.org/@babel/plugin-transform-private-methods/-/plugin-transform-private-methods-7.28.6.tgz 0ms (cache hit)
3492 http cache @babel/plugin-transform-for-of@https://registry.npmjs.org/@babel/plugin-transform-for-of/-/plugin-transform-for-of-7.27.1.tgz 0ms (cache hit)
3493 http cache @babel/plugin-transform-class-properties@https://registry.npmjs.org/@babel/plugin-transform-class-properties/-/plugin-transform-class-properties-7.28.6.tgz 0ms (cache hit)
3494 http cache @babel/plugin-transform-flow-strip-types@https://registry.npmjs.org/@babel/plugin-transform-flow-strip-types/-/plugin-transform-flow-strip-types-7.27.1.tgz 0ms (cache hit)
3495 http cache @babel/plugin-transform-named-capturing-groups-regex@https://registry.npmjs.org/@babel/plugin-transform-named-capturing-groups-regex/-/plugin-transform-named-capturing-groups-regex-7.29.0.tgz 0ms (cache hit)
3496 http cache @babel/plugin-transform-async-generator-functions@https://registry.npmjs.org/@babel/plugin-transform-async-generator-functions/-/plugin-transform-async-generator-functions-7.29.0.tgz 0ms (cache hit)
3497 http cache @babel/plugin-transform-classes@https://registry.npmjs.org/@babel/plugin-transform-classes/-/plugin-transform-classes-7.28.6.tgz 0ms (cache hit)
3498 http cache @babel/plugin-transform-destructuring@https://registry.npmjs.org/@babel/plugin-transform-destructuring/-/plugin-transform-destructuring-7.28.5.tgz 0ms (cache hit)
3499 http cache @babel/plugin-transform-async-to-generator@https://registry.npmjs.org/@babel/plugin-transform-async-to-generator/-/plugin-transform-async-to-generator-7.28.6.tgz 0ms (cache hit)
3500 http cache @babel/plugin-transform-block-scoping@https://registry.npmjs.org/@babel/plugin-transform-block-scoping/-/plugin-transform-block-scoping-7.28.6.tgz 0ms (cache hit)
3501 http cache @babel/plugin-syntax-nullish-coalescing-operator@https://registry.npmjs.org/@babel/plugin-syntax-nullish-coalescing-operator/-/plugin-syntax-nullish-coalescing-operator-7.8.3.tgz 0ms (cache hit)
3502 http cache @babel/plugin-syntax-optional-chaining@https://registry.npmjs.org/@babel/plugin-syntax-optional-chaining/-/plugin-syntax-optional-chaining-7.8.3.tgz 0ms (cache hit)
3503 http cache @babel/plugin-proposal-export-default-from@https://registry.npmjs.org/@babel/plugin-proposal-export-default-from/-/plugin-proposal-export-default-from-7.27.1.tgz 0ms (cache hit)
3504 http cache @babel/plugin-syntax-export-default-from@https://registry.npmjs.org/@babel/plugin-syntax-export-default-from/-/plugin-syntax-export-default-from-7.28.6.tgz 0ms (cache hit)
3505 http cache @babel/plugin-syntax-dynamic-import@https://registry.npmjs.org/@babel/plugin-syntax-dynamic-import/-/plugin-syntax-dynamic-import-7.8.3.tgz 0ms (cache hit)
3506 http cache nullthrows@https://registry.npmjs.org/nullthrows/-/nullthrows-1.1.1.tgz 0ms (cache hit)
3507 http cache metro-config@https://registry.npmjs.org/metro-config/-/metro-config-0.84.4.tgz 0ms (cache hit)
3508 http cache hermes-parser@https://registry.npmjs.org/hermes-parser/-/hermes-parser-0.33.3.tgz 0ms (cache hit)
3509 http cache @react-native/js-polyfills@https://registry.npmjs.org/@react-native/js-polyfills/-/js-polyfills-0.85.3.tgz 0ms (cache hit)
3510 http cache @react-native/babel-preset@https://registry.npmjs.org/@react-native/babel-preset/-/babel-preset-0.85.3.tgz 0ms (cache hit)
3511 http cache metro-runtime@https://registry.npmjs.org/metro-runtime/-/metro-runtime-0.84.4.tgz 0ms (cache hit)
3512 http cache idb@https://registry.npmjs.org/idb/-/idb-8.0.3.tgz 0ms (cache hit)
3513 http cache @react-native/metro-babel-transformer@https://registry.npmjs.org/@react-native/metro-babel-transformer/-/metro-babel-transformer-0.85.3.tgz 0ms (cache hit)
3514 http cache @jridgewell/sourcemap-codec@https://registry.npmjs.org/@jridgewell/sourcemap-codec/-/sourcemap-codec-1.5.5.tgz 0ms (cache hit)
3515 http cache @babel/helper-string-parser@https://registry.npmjs.org/@babel/helper-string-parser/-/helper-string-parser-7.27.1.tgz 0ms (cache hit)
3516 http cache @babel/helper-globals@https://registry.npmjs.org/@babel/helper-globals/-/helper-globals-7.28.0.tgz 0ms (cache hit)
3517 http cache @jridgewell/resolve-uri@https://registry.npmjs.org/@jridgewell/resolve-uri/-/resolve-uri-3.1.2.tgz 0ms (cache hit)
3518 http cache @babel/compat-data@https://registry.npmjs.org/@babel/compat-data/-/compat-data-7.29.3.tgz 0ms (cache hit)
3519 http cache browserslist@https://registry.npmjs.org/browserslist/-/browserslist-4.28.2.tgz 0ms (cache hit)
3520 http cache jsesc@https://registry.npmjs.org/jsesc/-/jsesc-3.1.0.tgz 0ms (cache hit)
3521 http cache lru-cache@https://registry.npmjs.org/lru-cache/-/lru-cache-5.1.1.tgz 0ms (cache hit)
3522 http cache picocolors@https://registry.npmjs.org/picocolors/-/picocolors-1.1.1.tgz 0ms (cache hit)
3523 http cache @jridgewell/gen-mapping@https://registry.npmjs.org/@jridgewell/gen-mapping/-/gen-mapping-0.3.13.tgz 0ms (cache hit)
3524 http cache @babel/helper-validator-option@https://registry.npmjs.org/@babel/helper-validator-option/-/helper-validator-option-7.27.1.tgz 0ms (cache hit)
3525 http cache @jridgewell/trace-mapping@https://registry.npmjs.org/@jridgewell/trace-mapping/-/trace-mapping-0.3.31.tgz 0ms (cache hit)
3526 http cache js-tokens@https://registry.npmjs.org/js-tokens/-/js-tokens-4.0.0.tgz 0ms (cache hit)
3527 http cache @babel/helper-validator-identifier@https://registry.npmjs.org/@babel/helper-validator-identifier/-/helper-validator-identifier-7.28.5.tgz 0ms (cache hit)
3528 http cache json5@https://registry.npmjs.org/json5/-/json5-2.2.3.tgz 0ms (cache hit)
3529 http cache @babel/helper-module-imports@https://registry.npmjs.org/@babel/helper-module-imports/-/helper-module-imports-7.28.6.tgz 0ms (cache hit)
3530 http cache gensync@https://registry.npmjs.org/gensync/-/gensync-1.0.0-beta.2.tgz 0ms (cache hit)
3531 http cache convert-source-map@https://registry.npmjs.org/convert-source-map/-/convert-source-map-2.0.0.tgz 0ms (cache hit)
3532 http cache debug@https://registry.npmjs.org/debug/-/debug-4.4.3.tgz 0ms (cache hit)
3533 http cache @jridgewell/remapping@https://registry.npmjs.org/@jridgewell/remapping/-/remapping-2.3.5.tgz 0ms (cache hit)
3534 http cache semver@https://registry.npmjs.org/semver/-/semver-6.3.1.tgz 0ms (cache hit)
3535 http cache @babel/types@https://registry.npmjs.org/@babel/types/-/types-7.29.0.tgz 0ms (cache hit)
3536 http cache @babel/helpers@https://registry.npmjs.org/@babel/helpers/-/helpers-7.29.2.tgz 0ms (cache hit)
3537 http cache @babel/helper-module-transforms@https://registry.npmjs.org/@babel/helper-module-transforms/-/helper-module-transforms-7.28.6.tgz 0ms (cache hit)
3538 http cache @babel/template@https://registry.npmjs.org/@babel/template/-/template-7.28.6.tgz 0ms (cache hit)
3539 http cache @babel/helper-compilation-targets@https://registry.npmjs.org/@babel/helper-compilation-targets/-/helper-compilation-targets-7.28.6.tgz 0ms (cache hit)
3540 http cache @babel/parser@https://registry.npmjs.org/@babel/parser/-/parser-7.29.3.tgz 0ms (cache hit)
3541 http cache @babel/code-frame@https://registry.npmjs.org/@babel/code-frame/-/code-frame-7.29.0.tgz 0ms (cache hit)
3542 http cache @babel/generator@https://registry.npmjs.org/@babel/generator/-/generator-7.29.1.tgz 0ms (cache hit)
3543 http cache @babel/traverse@https://registry.npmjs.org/@babel/traverse/-/traverse-7.29.0.tgz 0ms (cache hit)
3544 http cache react-native-screens@https://registry.npmjs.org/react-native-screens/-/react-native-screens-4.25.2.tgz 0ms (cache hit)
3545 http cache typescript@https://registry.npmjs.org/typescript/-/typescript-6.0.3.tgz 0ms (cache hit)
3546 http cache zustand@https://registry.npmjs.org/zustand/-/zustand-5.0.13.tgz 0ms (cache hit)
3547 http cache @react-native/metro-config@https://registry.npmjs.org/@react-native/metro-config/-/metro-config-0.85.3.tgz 0ms (cache hit)
3548 http cache uuid@https://registry.npmjs.org/uuid/-/uuid-14.0.0.tgz 0ms (cache hit)
3549 http cache @babel/core@https://registry.npmjs.org/@babel/core/-/core-7.29.0.tgz 0ms (cache hit)
3550 http cache react-native-gesture-handler@https://registry.npmjs.org/react-native-gesture-handler/-/react-native-gesture-handler-2.31.2.tgz 0ms (cache hit)
3551 http cache react-native-safe-area-context@https://registry.npmjs.org/react-native-safe-area-context/-/react-native-safe-area-context-5.8.0.tgz 0ms (cache hit)
3552 http cache react-native-svg@https://registry.npmjs.org/react-native-svg/-/react-native-svg-15.15.5.tgz 0ms (cache hit)
3553 http cache expo-status-bar@https://registry.npmjs.org/expo-status-bar/-/expo-status-bar-56.0.4.tgz 0ms (cache hit)
3554 http cache expo-task-manager@https://registry.npmjs.org/expo-task-manager/-/expo-task-manager-56.0.13.tgz 0ms (cache hit)
3555 http cache react-native-reanimated@https://registry.npmjs.org/react-native-reanimated/-/react-native-reanimated-4.3.1.tgz 0ms (cache hit)
3556 http cache expo-keep-awake@https://registry.npmjs.org/expo-keep-awake/-/expo-keep-awake-56.0.3.tgz 0ms (cache hit)
3557 http cache expo-notifications@https://registry.npmjs.org/expo-notifications/-/expo-notifications-56.0.12.tgz 0ms (cache hit)
3558 http cache expo-av@https://registry.npmjs.org/expo-av/-/expo-av-16.0.8.tgz 0ms (cache hit)
3559 http cache expo-haptics@https://registry.npmjs.org/expo-haptics/-/expo-haptics-56.0.3.tgz 0ms (cache hit)
3560 http cache @react-navigation/bottom-tabs@https://registry.npmjs.org/@react-navigation/bottom-tabs/-/bottom-tabs-7.16.1.tgz 0ms (cache hit)
3561 http cache react-native-worklets@https://registry.npmjs.org/react-native-worklets/-/react-native-worklets-0.8.3.tgz 0ms (cache hit)
3562 http cache expo@https://registry.npmjs.org/expo/-/expo-56.0.3.tgz 0ms (cache hit)
3563 http cache @types/react@https://registry.npmjs.org/@types/react/-/react-19.2.15.tgz 0ms (cache hit)
3564 http cache react-native@https://registry.npmjs.org/react-native/-/react-native-0.85.3.tgz 0ms (cache hit)
3565 http cache @react-navigation/native@https://registry.npmjs.org/@react-navigation/native/-/native-7.2.4.tgz 0ms (cache hit)
3566 http cache react@https://registry.npmjs.org/react/-/react-19.2.3.tgz 0ms (cache hit)
3567 http cache @react-native-async-storage/async-storage@https://registry.npmjs.org/@react-native-async-storage/async-storage/-/async-storage-3.1.0.tgz 0ms (cache hit)
3568 http cache color-convert@https://registry.npmjs.org/color-convert/-/color-convert-1.9.3.tgz 0ms (cache hit)
3569 http cache type-fest@https://registry.npmjs.org/type-fest/-/type-fest-0.21.3.tgz 0ms (cache hit)
3570 http cache has-flag@https://registry.npmjs.org/has-flag/-/has-flag-3.0.0.tgz 0ms (cache hit)
3571 http cache supports-color@https://registry.npmjs.org/supports-color/-/supports-color-5.5.0.tgz 0ms (cache hit)
3572 http cache color-name@https://registry.npmjs.org/color-name/-/color-name-1.1.3.tgz 0ms (cache hit)
3573 http cache ansi-styles@https://registry.npmjs.org/ansi-styles/-/ansi-styles-3.2.1.tgz 0ms (cache hit)
3574 http cache escape-string-regexp@https://registry.npmjs.org/escape-string-regexp/-/escape-string-regexp-1.0.5.tgz 0ms (cache hit)
3575 http cache lru-cache@https://registry.npmjs.org/lru-cache/-/lru-cache-10.4.3.tgz 0ms (cache hit)
3576 http cache has-flag@https://registry.npmjs.org/has-flag/-/has-flag-3.0.0.tgz 0ms (cache hit)
3577 http cache chalk@https://registry.npmjs.org/chalk/-/chalk-2.4.2.tgz 0ms (cache hit)
3578 http cache ansi-regex@https://registry.npmjs.org/ansi-regex/-/ansi-regex-4.1.1.tgz 0ms (cache hit)
3579 http cache supports-color@https://registry.npmjs.org/supports-color/-/supports-color-5.5.0.tgz 0ms (cache hit)
3580 http cache color-convert@https://registry.npmjs.org/color-convert/-/color-convert-1.9.3.tgz 0ms (cache hit)
3581 http cache color-name@https://registry.npmjs.org/color-name/-/color-name-1.1.3.tgz 0ms (cache hit)
3582 http cache strip-ansi@https://registry.npmjs.org/strip-ansi/-/strip-ansi-5.2.0.tgz 0ms (cache hit)
3583 http cache escape-string-regexp@https://registry.npmjs.org/escape-string-regexp/-/escape-string-regexp-1.0.5.tgz 0ms (cache hit)
3584 http cache ansi-styles@https://registry.npmjs.org/ansi-styles/-/ansi-styles-3.2.1.tgz 0ms (cache hit)
3585 http cache negotiator@https://registry.npmjs.org/negotiator/-/negotiator-0.6.4.tgz 0ms (cache hit)
3586 http cache statuses@https://registry.npmjs.org/statuses/-/statuses-2.0.2.tgz 0ms (cache hit)
3587 http cache ms@https://registry.npmjs.org/ms/-/ms-2.0.0.tgz 0ms (cache hit)
3588 http cache debug@https://registry.npmjs.org/debug/-/debug-2.6.9.tgz 0ms (cache hit)
3589 http cache semver@https://registry.npmjs.org/semver/-/semver-7.8.1.tgz 0ms (cache hit)
3590 http cache chalk@https://registry.npmjs.org/chalk/-/chalk-2.4.2.tgz 0ms (cache hit)
3591 http cache source-map@https://registry.npmjs.org/source-map/-/source-map-0.6.1.tgz 0ms (cache hit)
3592 http cache semver@https://registry.npmjs.org/semver/-/semver-7.8.1.tgz 0ms (cache hit)
3593 http cache @xmldom/xmldom@https://registry.npmjs.org/@xmldom/xmldom/-/xmldom-0.9.10.tgz 0ms (cache hit)
3594 http cache debug@https://registry.npmjs.org/debug/-/debug-3.2.7.tgz 0ms (cache hit)
3595 http cache source-map@https://registry.npmjs.org/source-map/-/source-map-0.6.1.tgz 0ms (cache hit)
3596 http cache debug@https://registry.npmjs.org/debug/-/debug-2.6.9.tgz 0ms (cache hit)
3597 http cache encodeurl@https://registry.npmjs.org/encodeurl/-/encodeurl-2.0.0.tgz 0ms (cache hit)
3598 http cache statuses@https://registry.npmjs.org/statuses/-/statuses-2.0.2.tgz 0ms (cache hit)
3599 http cache ms@https://registry.npmjs.org/ms/-/ms-2.0.0.tgz 0ms (cache hit)
3600 http cache on-finished@https://registry.npmjs.org/on-finished/-/on-finished-2.4.1.tgz 0ms (cache hit)
3601 http cache react-is@https://registry.npmjs.org/react-is/-/react-is-16.13.1.tgz 0ms (cache hit)
3602 http cache supports-color@https://registry.npmjs.org/supports-color/-/supports-color-8.1.1.tgz 0ms (cache hit)
3603 http cache ci-info@https://registry.npmjs.org/ci-info/-/ci-info-3.9.0.tgz 0ms (cache hit)
3604 http cache ms@https://registry.npmjs.org/ms/-/ms-2.0.0.tgz 0ms (cache hit)
3605 http cache debug@https://registry.npmjs.org/debug/-/debug-2.6.9.tgz 0ms (cache hit)
3606 http cache debug@https://registry.npmjs.org/debug/-/debug-2.6.9.tgz 0ms (cache hit)
3607 http cache encodeurl@https://registry.npmjs.org/encodeurl/-/encodeurl-2.0.0.tgz 0ms (cache hit)
3608 http cache hermes-estree@https://registry.npmjs.org/hermes-estree/-/hermes-estree-0.35.0.tgz 0ms (cache hit)
3609 http cache semver@https://registry.npmjs.org/semver/-/semver-7.8.1.tgz 0ms (cache hit)
3610 http cache ms@https://registry.npmjs.org/ms/-/ms-2.0.0.tgz 0ms (cache hit)
3611 http cache commander@https://registry.npmjs.org/commander/-/commander-2.20.3.tgz 0ms (cache hit)
3612 http cache debug@https://registry.npmjs.org/debug/-/debug-2.6.9.tgz 0ms (cache hit)
3613 http cache lru-cache@https://registry.npmjs.org/lru-cache/-/lru-cache-11.5.0.tgz 0ms (cache hit)
3614 http cache ms@https://registry.npmjs.org/ms/-/ms-2.0.0.tgz 0ms (cache hit)
3615 http cache semver@https://registry.npmjs.org/semver/-/semver-7.8.1.tgz 0ms (cache hit)
3616 http cache hermes-estree@https://registry.npmjs.org/hermes-estree/-/hermes-estree-0.35.0.tgz 0ms (cache hit)
3617 http cache hermes-parser@https://registry.npmjs.org/hermes-parser/-/hermes-parser-0.35.0.tgz 0ms (cache hit)
3618 http cache hermes-parser@https://registry.npmjs.org/hermes-parser/-/hermes-parser-0.35.0.tgz 0ms (cache hit)
3619 http cache semver@https://registry.npmjs.org/semver/-/semver-7.8.1.tgz 0ms (cache hit)
3620 http cache react-is@https://registry.npmjs.org/react-is/-/react-is-18.3.1.tgz 0ms (cache hit)
3621 http cache uuid@https://registry.npmjs.org/uuid/-/uuid-7.0.3.tgz 0ms (cache hit)
3622 http cache fdir@https://registry.npmjs.org/fdir/-/fdir-6.5.0.tgz 0ms (cache hit)
3623 http cache ansi-styles@https://registry.npmjs.org/ansi-styles/-/ansi-styles-5.2.0.tgz 0ms (cache hit)
3624 http cache semver@https://registry.npmjs.org/semver/-/semver-7.8.1.tgz 0ms (cache hit)
3625 http cache negotiator@https://registry.npmjs.org/negotiator/-/negotiator-0.6.3.tgz 0ms (cache hit)
3626 http cache semver@https://registry.npmjs.org/semver/-/semver-7.8.1.tgz 0ms (cache hit)
3627 http cache xmlbuilder@https://registry.npmjs.org/xmlbuilder/-/xmlbuilder-11.0.1.tgz 0ms (cache hit)
3628 http cache ws@https://registry.npmjs.org/ws/-/ws-8.20.1.tgz 0ms (cache hit)
3629 http cache semver@https://registry.npmjs.org/semver/-/semver-7.8.1.tgz 0ms (cache hit)
3630 http cache semver@https://registry.npmjs.org/semver/-/semver-7.8.1.tgz 0ms (cache hit)
3631 http cache mime-types@https://registry.npmjs.org/mime-types/-/mime-types-2.1.35.tgz 0ms (cache hit)
3632 http cache semver@https://registry.npmjs.org/semver/-/semver-7.8.1.tgz 0ms (cache hit)
3633 http cache mime-db@https://registry.npmjs.org/mime-db/-/mime-db-1.52.0.tgz 0ms (cache hit)
3634 http cache accepts@https://registry.npmjs.org/accepts/-/accepts-1.3.8.tgz 0ms (cache hit)
3635 http cache ci-info@https://registry.npmjs.org/ci-info/-/ci-info-3.9.0.tgz 0ms (cache hit)
3636 http cache expo-asset@https://registry.npmjs.org/expo-asset/-/expo-asset-56.0.13.tgz 0ms (cache hit)
3637 http cache picomatch@https://registry.npmjs.org/picomatch/-/picomatch-4.0.4.tgz 0ms (cache hit)
3638 http cache @expo/metro-config@https://registry.npmjs.org/@expo/metro-config/-/metro-config-56.0.11.tgz 0ms (cache hit)
3639 http cache expo-font@https://registry.npmjs.org/expo-font/-/expo-font-56.0.5.tgz 0ms (cache hit)
3640 http cache babel-preset-expo@https://registry.npmjs.org/babel-preset-expo/-/babel-preset-expo-56.0.11.tgz 0ms (cache hit)
3641 http cache expo-file-system@https://registry.npmjs.org/expo-file-system/-/expo-file-system-56.0.7.tgz 0ms (cache hit)
3642 http cache @expo/dom-webview@https://registry.npmjs.org/@expo/dom-webview/-/dom-webview-56.0.5.tgz 0ms (cache hit)
3643 http cache @expo/log-box@https://registry.npmjs.org/@expo/log-box/-/log-box-56.0.12.tgz 0ms (cache hit)
3644 http cache commander@https://registry.npmjs.org/commander/-/commander-12.1.0.tgz 0ms (cache hit)
3645 silly tarball no local data for @babel/plugin-syntax-decorators@https://registry.npmjs.org/@babel/plugin-syntax-decorators/-/plugin-syntax-decorators-7.28.6.tgz. Extracting by manifest.
3646 silly tarball no local data for fontfaceobserver@https://registry.npmjs.org/fontfaceobserver/-/fontfaceobserver-2.3.0.tgz. Extracting by manifest.
3647 silly tarball no local data for babel-plugin-react-compiler@https://registry.npmjs.org/babel-plugin-react-compiler/-/babel-plugin-react-compiler-1.0.0.tgz. Extracting by manifest.
3648 http cache picomatch@https://registry.npmjs.org/picomatch/-/picomatch-4.0.4.tgz 0ms (cache hit)
3649 http cache @expo/router-server@https://registry.npmjs.org/@expo/router-server/-/router-server-56.0.11.tgz 0ms (cache hit)
3650 silly tarball no local data for babel-plugin-react-native-web@https://registry.npmjs.org/babel-plugin-react-native-web/-/babel-plugin-react-native-web-0.21.2.tgz. Extracting by manifest.
3651 silly tarball no local data for @babel/plugin-transform-object-rest-spread@https://registry.npmjs.org/@babel/plugin-transform-object-rest-spread/-/plugin-transform-object-rest-spread-7.28.6.tgz. Extracting by manifest.
3652 silly tarball no local data for @babel/plugin-transform-export-namespace-from@https://registry.npmjs.org/@babel/plugin-transform-export-namespace-from/-/plugin-transform-export-namespace-from-7.27.1.tgz. Extracting by manifest.
3653 silly tarball no local data for @babel/plugin-transform-parameters@https://registry.npmjs.org/@babel/plugin-transform-parameters/-/plugin-transform-parameters-7.27.7.tgz. Extracting by manifest.
3654 http cache @expo/cli@https://registry.npmjs.org/@expo/cli/-/cli-56.1.10.tgz 0ms (cache hit)
3655 silly tarball no local data for @babel/plugin-transform-react-pure-annotations@https://registry.npmjs.org/@babel/plugin-transform-react-pure-annotations/-/plugin-transform-react-pure-annotations-7.27.1.tgz. Extracting by manifest.
3656 silly tarball no local data for @babel/plugin-transform-logical-assignment-operators@https://registry.npmjs.org/@babel/plugin-transform-logical-assignment-operators/-/plugin-transform-logical-assignment-operators-7.28.6.tgz. Extracting by manifest.
3657 silly tarball no local data for @babel/plugin-proposal-decorators@https://registry.npmjs.org/@babel/plugin-proposal-decorators/-/plugin-proposal-decorators-7.29.0.tgz. Extracting by manifest.
3658 silly tarball no local data for @babel/plugin-transform-class-static-block@https://registry.npmjs.org/@babel/plugin-transform-class-static-block/-/plugin-transform-class-static-block-7.28.6.tgz. Extracting by manifest.
3659 silly tarball no local data for @babel/plugin-transform-react-jsx-development@https://registry.npmjs.org/@babel/plugin-transform-react-jsx-development/-/plugin-transform-react-jsx-development-7.27.1.tgz. Extracting by manifest.
3660 silly tarball no local data for source-map-js@https://registry.npmjs.org/source-map-js/-/source-map-js-1.2.1.tgz. Extracting by manifest.
3661 silly tarball no local data for msgpackr-extract@https://registry.npmjs.org/msgpackr-extract/-/msgpackr-extract-3.0.3.tgz. Extracting by manifest.
3662 silly tarball no local data for detect-libc@https://registry.npmjs.org/detect-libc/-/detect-libc-2.1.2.tgz. Extracting by manifest.
3663 silly tarball no local data for node-gyp-build-optional-packages@https://registry.npmjs.org/node-gyp-build-optional-packages/-/node-gyp-build-optional-packages-5.2.2.tgz. Extracting by manifest.
3664 silly tarball no local data for clone@https://registry.npmjs.org/clone/-/clone-1.0.4.tgz. Extracting by manifest.
3665 silly tarball no local data for lightningcss-darwin-arm64@https://registry.npmjs.org/lightningcss-darwin-arm64/-/lightningcss-darwin-arm64-1.32.0.tgz. Extracting by manifest.
3666 silly tarball no local data for @msgpackr-extract/msgpackr-extract-darwin-arm64@https://registry.npmjs.org/@msgpackr-extract/msgpackr-extract-darwin-arm64/-/msgpackr-extract-darwin-arm64-3.0.3.tgz. Extracting by manifest.
3667 silly tarball no local data for postcss@https://registry.npmjs.org/postcss/-/postcss-8.5.15.tgz. Extracting by manifest.
3668 silly tarball no local data for lightningcss@https://registry.npmjs.org/lightningcss/-/lightningcss-1.32.0.tgz. Extracting by manifest.
3669 silly tarball no local data for msgpackr@https://registry.npmjs.org/msgpackr/-/msgpackr-2.0.1.tgz. Extracting by manifest.
3670 silly tarball no local data for supports-hyperlinks@https://registry.npmjs.org/supports-hyperlinks/-/supports-hyperlinks-2.3.0.tgz. Extracting by manifest.
3671 silly tarball no local data for defaults@https://registry.npmjs.org/defaults/-/defaults-1.0.4.tgz. Extracting by manifest.
3672 silly tarball no local data for mimic-fn@https://registry.npmjs.org/mimic-fn/-/mimic-fn-1.2.0.tgz. Extracting by manifest.
3673 silly tarball no local data for sisteransi@https://registry.npmjs.org/sisteransi/-/sisteransi-1.0.5.tgz. Extracting by manifest.
3674 silly tarball no local data for ansi-escapes@https://registry.npmjs.org/ansi-escapes/-/ansi-escapes-4.3.2.tgz. Extracting by manifest.
3675 silly tarball no local data for onetime@https://registry.npmjs.org/onetime/-/onetime-2.0.1.tgz. Extracting by manifest.
3676 silly tarball no local data for restore-cursor@https://registry.npmjs.org/restore-cursor/-/restore-cursor-2.0.0.tgz. Extracting by manifest.
3677 silly tarball no local data for signal-exit@https://registry.npmjs.org/signal-exit/-/signal-exit-3.0.7.tgz. Extracting by manifest.
3678 silly tarball no local data for kleur@https://registry.npmjs.org/kleur/-/kleur-3.0.3.tgz. Extracting by manifest.
3679 silly tarball no local data for cli-cursor@https://registry.npmjs.org/cli-cursor/-/cli-cursor-2.1.0.tgz. Extracting by manifest.
3680 silly tarball no local data for wcwidth@https://registry.npmjs.org/wcwidth/-/wcwidth-1.0.1.tgz. Extracting by manifest.
3681 silly tarball no local data for log-symbols@https://registry.npmjs.org/log-symbols/-/log-symbols-2.2.0.tgz. Extracting by manifest.
3682 silly tarball no local data for argparse@https://registry.npmjs.org/argparse/-/argparse-2.0.1.tgz. Extracting by manifest.
3683 silly tarball no local data for hosted-git-info@https://registry.npmjs.org/hosted-git-info/-/hosted-git-info-7.0.2.tgz. Extracting by manifest.
3684 http cache semver@https://registry.npmjs.org/semver/-/semver-7.8.1.tgz 0ms (cache hit)
3685 silly tarball no local data for validate-npm-package-name@https://registry.npmjs.org/validate-npm-package-name/-/validate-npm-package-name-5.0.1.tgz. Extracting by manifest.
3686 silly tarball no local data for proc-log@https://registry.npmjs.org/proc-log/-/proc-log-4.2.0.tgz. Extracting by manifest.
3687 silly tarball no local data for cli-spinners@https://registry.npmjs.org/cli-spinners/-/cli-spinners-2.9.2.tgz. Extracting by manifest.
3688 silly tarball no local data for vary@https://registry.npmjs.org/vary/-/vary-1.1.2.tgz. Extracting by manifest.
3689 silly tarball no local data for compressible@https://registry.npmjs.org/compressible/-/compressible-2.0.18.tgz. Extracting by manifest.
3690 silly tarball no local data for @expo/sudo-prompt@https://registry.npmjs.org/@expo/sudo-prompt/-/sudo-prompt-9.3.2.tgz. Extracting by manifest.
3691 silly tarball no local data for on-headers@https://registry.npmjs.org/on-headers/-/on-headers-1.1.0.tgz. Extracting by manifest.
3692 silly tarball no local data for js-yaml@https://registry.npmjs.org/js-yaml/-/js-yaml-4.1.1.tgz. Extracting by manifest.
3693 silly tarball no local data for bytes@https://registry.npmjs.org/bytes/-/bytes-3.1.2.tgz. Extracting by manifest.
3694 silly tarball no local data for terminal-link@https://registry.npmjs.org/terminal-link/-/terminal-link-2.1.1.tgz. Extracting by manifest.
3695 silly tarball no local data for structured-headers@https://registry.npmjs.org/structured-headers/-/structured-headers-0.4.1.tgz. Extracting by manifest.
3696 silly tarball no local data for npm-package-arg@https://registry.npmjs.org/npm-package-arg/-/npm-package-arg-11.0.3.tgz. Extracting by manifest.
3697 silly tarball no local data for progress@https://registry.npmjs.org/progress/-/progress-2.0.3.tgz. Extracting by manifest.
3698 silly tarball no local data for toqr@https://registry.npmjs.org/toqr/-/toqr-0.1.1.tgz. Extracting by manifest.
3699 silly tarball no local data for safe-buffer@https://registry.npmjs.org/safe-buffer/-/safe-buffer-5.2.1.tgz. Extracting by manifest.
3700 silly tarball no local data for prompts@https://registry.npmjs.org/prompts/-/prompts-2.4.2.tgz. Extracting by manifest.
3701 silly tarball no local data for zod@https://registry.npmjs.org/zod/-/zod-3.25.76.tgz. Extracting by manifest.
3702 silly tarball no local data for node-forge@https://registry.npmjs.org/node-forge/-/node-forge-1.4.0.tgz. Extracting by manifest.
3703 silly tarball no local data for lan-network@https://registry.npmjs.org/lan-network/-/lan-network-0.2.1.tgz. Extracting by manifest.
3704 silly tarball no local data for fetch-nodeshim@https://registry.npmjs.org/fetch-nodeshim/-/fetch-nodeshim-0.4.10.tgz. Extracting by manifest.
3705 silly tarball no local data for compression@https://registry.npmjs.org/compression/-/compression-1.8.1.tgz. Extracting by manifest.
3706 silly tarball no local data for ora@https://registry.npmjs.org/ora/-/ora-3.4.0.tgz. Extracting by manifest.
3707 silly tarball no local data for dnssd-advertise@https://registry.npmjs.org/dnssd-advertise/-/dnssd-advertise-1.1.4.tgz. Extracting by manifest.
3708 silly tarball no local data for @expo/prebuild-config@https://registry.npmjs.org/@expo/prebuild-config/-/prebuild-config-56.0.12.tgz. Extracting by manifest.
3709 silly tarball no local data for @expo/schema-utils@https://registry.npmjs.org/@expo/schema-utils/-/schema-utils-56.0.1.tgz. Extracting by manifest.
3710 silly tarball no local data for expo-server@https://registry.npmjs.org/expo-server/-/expo-server-56.0.4.tgz. Extracting by manifest.
3711 silly tarball no local data for @expo/ws-tunnel@https://registry.npmjs.org/@expo/ws-tunnel/-/ws-tunnel-1.0.6.tgz. Extracting by manifest.
3712 silly tarball no local data for @expo/xcpretty@https://registry.npmjs.org/@expo/xcpretty/-/xcpretty-4.4.4.tgz. Extracting by manifest.
3713 silly tarball no local data for @expo/package-manager@https://registry.npmjs.org/@expo/package-manager/-/package-manager-1.12.0.tgz. Extracting by manifest.
3714 silly tarball no local data for @expo/code-signing-certificates@https://registry.npmjs.org/@expo/code-signing-certificates/-/code-signing-certificates-0.0.6.tgz. Extracting by manifest.
3715 silly tarball no local data for @expo/inline-modules@https://registry.npmjs.org/@expo/inline-modules/-/inline-modules-0.0.9.tgz. Extracting by manifest.
3716 silly tarball no local data for @expo/metro-file-map@https://registry.npmjs.org/@expo/metro-file-map/-/metro-file-map-56.0.3.tgz. Extracting by manifest.
3717 silly tarball no local data for is-fullwidth-code-point@https://registry.npmjs.org/is-fullwidth-code-point/-/is-fullwidth-code-point-3.0.0.tgz. Extracting by manifest.
3718 silly tarball no local data for multitars@https://registry.npmjs.org/multitars/-/multitars-1.0.0.tgz. Extracting by manifest.
3719 silly tarball no local data for emoji-regex@https://registry.npmjs.org/emoji-regex/-/emoji-regex-8.0.0.tgz. Extracting by manifest.
3720 silly tarball no local data for @expo/osascript@https://registry.npmjs.org/@expo/osascript/-/osascript-2.6.0.tgz. Extracting by manifest.
3721 silly tarball no local data for string-width@https://registry.npmjs.org/string-width/-/string-width-4.2.3.tgz. Extracting by manifest.
3722 silly tarball no local data for wrap-ansi@https://registry.npmjs.org/wrap-ansi/-/wrap-ansi-7.0.0.tgz. Extracting by manifest.
3723 silly tarball no local data for @expo/devcert@https://registry.npmjs.org/@expo/devcert/-/devcert-1.2.1.tgz. Extracting by manifest.
3724 silly tarball no local data for require-directory@https://registry.npmjs.org/require-directory/-/require-directory-2.1.1.tgz. Extracting by manifest.
3725 silly tarball no local data for y18n@https://registry.npmjs.org/y18n/-/y18n-5.0.8.tgz. Extracting by manifest.
3726 silly tarball no local data for get-caller-file@https://registry.npmjs.org/get-caller-file/-/get-caller-file-2.0.5.tgz. Extracting by manifest.
3727 silly tarball no local data for big-integer@https://registry.npmjs.org/big-integer/-/big-integer-1.6.52.tgz. Extracting by manifest.
3728 silly tarball no local data for stream-buffers@https://registry.npmjs.org/stream-buffers/-/stream-buffers-2.2.0.tgz. Extracting by manifest.
3729 silly tarball no local data for yargs-parser@https://registry.npmjs.org/yargs-parser/-/yargs-parser-21.1.1.tgz. Extracting by manifest.
3730 silly tarball no local data for strip-ansi@https://registry.npmjs.org/strip-ansi/-/strip-ansi-6.0.1.tgz. Extracting by manifest.
3731 silly tarball no local data for bplist-parser@https://registry.npmjs.org/bplist-parser/-/bplist-parser-0.3.1.tgz. Extracting by manifest.
3732 silly tarball no local data for plist@https://registry.npmjs.org/plist/-/plist-3.1.1.tgz. Extracting by manifest.
3733 silly tarball no local data for tmpl@https://registry.npmjs.org/tmpl/-/tmpl-1.0.5.tgz. Extracting by manifest.
3734 silly tarball no local data for sax@https://registry.npmjs.org/sax/-/sax-1.6.0.tgz. Extracting by manifest.
3735 silly tarball no local data for isexe@https://registry.npmjs.org/isexe/-/isexe-2.0.0.tgz. Extracting by manifest.
3736 silly tarball no local data for simple-plist@https://registry.npmjs.org/simple-plist/-/simple-plist-1.3.1.tgz. Extracting by manifest.
3737 silly tarball no local data for cliui@https://registry.npmjs.org/cliui/-/cliui-8.0.1.tgz. Extracting by manifest.
3738 silly tarball no local data for bplist-creator@https://registry.npmjs.org/bplist-creator/-/bplist-creator-0.1.0.tgz. Extracting by manifest.
3739 silly tarball no local data for makeerror@https://registry.npmjs.org/makeerror/-/makeerror-1.0.12.tgz. Extracting by manifest.
3740 silly tarball no local data for buffer-from@https://registry.npmjs.org/buffer-from/-/buffer-from-1.1.2.tgz. Extracting by manifest.
3741 silly tarball no local data for escalade@https://registry.npmjs.org/escalade/-/escalade-3.2.0.tgz. Extracting by manifest.
3742 silly tarball no local data for is-number@https://registry.npmjs.org/is-number/-/is-number-7.0.0.tgz. Extracting by manifest.
3743 silly tarball no local data for unicode-canonical-property-names-ecmascript@https://registry.npmjs.org/unicode-canonical-property-names-ecmascript/-/unicode-canonical-property-names-ecmascript-2.0.1.tgz. Extracting by manifest.
3744 silly tarball no local data for source-map-support@https://registry.npmjs.org/source-map-support/-/source-map-support-0.5.21.tgz. Extracting by manifest.
3745 silly tarball no local data for unicode-property-aliases-ecmascript@https://registry.npmjs.org/unicode-property-aliases-ecmascript/-/unicode-property-aliases-ecmascript-2.2.0.tgz. Extracting by manifest.
3746 silly tarball no local data for has-flag@https://registry.npmjs.org/has-flag/-/has-flag-4.0.0.tgz. Extracting by manifest.
3747 silly tarball no local data for type-fest@https://registry.npmjs.org/type-fest/-/type-fest-0.7.1.tgz. Extracting by manifest.
3748 silly tarball no local data for shebang-regex@https://registry.npmjs.org/shebang-regex/-/shebang-regex-3.0.0.tgz. Extracting by manifest.
3749 silly tarball no local data for setprototypeof@https://registry.npmjs.org/setprototypeof/-/setprototypeof-1.2.0.tgz. Extracting by manifest.
3750 silly tarball no local data for mime@https://registry.npmjs.org/mime/-/mime-1.6.0.tgz. Extracting by manifest.
3751 silly tarball no local data for acorn@https://registry.npmjs.org/acorn/-/acorn-8.16.0.tgz. Extracting by manifest.
3752 silly tarball no local data for toidentifier@https://registry.npmjs.org/toidentifier/-/toidentifier-1.0.1.tgz. Extracting by manifest.
3753 silly tarball no local data for http-errors@https://registry.npmjs.org/http-errors/-/http-errors-2.0.1.tgz. Extracting by manifest.
3754 silly tarball no local data for etag@https://registry.npmjs.org/etag/-/etag-1.8.1.tgz. Extracting by manifest.
3755 silly tarball no local data for range-parser@https://registry.npmjs.org/range-parser/-/range-parser-1.2.1.tgz. Extracting by manifest.
3756 silly tarball no local data for fresh@https://registry.npmjs.org/fresh/-/fresh-0.5.2.tgz. Extracting by manifest.
3757 silly tarball no local data for hasown@https://registry.npmjs.org/hasown/-/hasown-2.0.3.tgz. Extracting by manifest.
3758 silly tarball no local data for destroy@https://registry.npmjs.org/destroy/-/destroy-1.2.0.tgz. Extracting by manifest.
3759 silly tarball no local data for is-arrayish@https://registry.npmjs.org/is-arrayish/-/is-arrayish-0.3.4.tgz. Extracting by manifest.
3760 silly tarball no local data for send@https://registry.npmjs.org/send/-/send-0.19.2.tgz. Extracting by manifest.
3761 silly tarball no local data for function-bind@https://registry.npmjs.org/function-bind/-/function-bind-1.1.2.tgz. Extracting by manifest.
3762 silly tarball no local data for depd@https://registry.npmjs.org/depd/-/depd-2.0.0.tgz. Extracting by manifest.
3763 silly tarball no local data for supports-preserve-symlinks-flag@https://registry.npmjs.org/supports-preserve-symlinks-flag/-/supports-preserve-symlinks-flag-1.0.0.tgz. Extracting by manifest.
3764 silly tarball no local data for unicode-match-property-value-ecmascript@https://registry.npmjs.org/unicode-match-property-value-ecmascript/-/unicode-match-property-value-ecmascript-2.2.1.tgz. Extracting by manifest.
3765 silly tarball no local data for is-core-module@https://registry.npmjs.org/is-core-module/-/is-core-module-2.16.2.tgz. Extracting by manifest.
3766 silly tarball no local data for es-errors@https://registry.npmjs.org/es-errors/-/es-errors-1.3.0.tgz. Extracting by manifest.
3767 silly tarball no local data for path-parse@https://registry.npmjs.org/path-parse/-/path-parse-1.0.7.tgz. Extracting by manifest.
3768 silly tarball no local data for regjsgen@https://registry.npmjs.org/regjsgen/-/regjsgen-0.8.0.tgz. Extracting by manifest.
3769 silly tarball no local data for regenerate-unicode-properties@https://registry.npmjs.org/regenerate-unicode-properties/-/regenerate-unicode-properties-10.2.2.tgz. Extracting by manifest.
3770 silly tarball no local data for unicode-match-property-ecmascript@https://registry.npmjs.org/unicode-match-property-ecmascript/-/unicode-match-property-ecmascript-2.0.0.tgz. Extracting by manifest.
3771 silly tarball no local data for @babel/plugin-transform-arrow-functions@https://registry.npmjs.org/@babel/plugin-transform-arrow-functions/-/plugin-transform-arrow-functions-7.27.1.tgz. Extracting by manifest.
3772 silly tarball no local data for regenerate@https://registry.npmjs.org/regenerate/-/regenerate-1.4.2.tgz. Extracting by manifest.
3773 silly tarball no local data for @babel/plugin-transform-shorthand-properties@https://registry.npmjs.org/@babel/plugin-transform-shorthand-properties/-/plugin-transform-shorthand-properties-7.27.1.tgz. Extracting by manifest.
3774 silly tarball no local data for entities@https://registry.npmjs.org/entities/-/entities-4.5.0.tgz. Extracting by manifest.
3775 silly tarball no local data for @babel/plugin-transform-template-literals@https://registry.npmjs.org/@babel/plugin-transform-template-literals/-/plugin-transform-template-literals-7.27.1.tgz. Extracting by manifest.
3776 silly tarball no local data for regjsparser@https://registry.npmjs.org/regjsparser/-/regjsparser-0.13.1.tgz. Extracting by manifest.
3777 silly tarball no local data for mdn-data@https://registry.npmjs.org/mdn-data/-/mdn-data-2.0.14.tgz. Extracting by manifest.
3778 silly tarball no local data for domelementtype@https://registry.npmjs.org/domelementtype/-/domelementtype-2.3.0.tgz. Extracting by manifest.
3779 silly tarball no local data for @babel/preset-typescript@https://registry.npmjs.org/@babel/preset-typescript/-/preset-typescript-7.28.5.tgz. Extracting by manifest.
3780 silly tarball no local data for dom-serializer@https://registry.npmjs.org/dom-serializer/-/dom-serializer-2.0.0.tgz. Extracting by manifest.
3781 silly tarball no local data for domhandler@https://registry.npmjs.org/domhandler/-/domhandler-5.0.3.tgz. Extracting by manifest.
3782 silly tarball no local data for css-tree@https://registry.npmjs.org/css-tree/-/css-tree-1.1.3.tgz. Extracting by manifest.
3783 silly tarball no local data for css-what@https://registry.npmjs.org/css-what/-/css-what-6.2.2.tgz. Extracting by manifest.
3784 silly tarball no local data for boolbase@https://registry.npmjs.org/boolbase/-/boolbase-1.0.0.tgz. Extracting by manifest.
3785 silly tarball no local data for domutils@https://registry.npmjs.org/domutils/-/domutils-3.2.2.tgz. Extracting by manifest.
3786 silly tarball no local data for warn-once@https://registry.npmjs.org/warn-once/-/warn-once-0.1.1.tgz. Extracting by manifest.
3787 silly tarball no local data for nth-check@https://registry.npmjs.org/nth-check/-/nth-check-2.1.1.tgz. Extracting by manifest.
3788 silly tarball no local data for react-freeze@https://registry.npmjs.org/react-freeze/-/react-freeze-1.0.4.tgz. Extracting by manifest.
3789 silly tarball no local data for react-native-is-edge-to-edge@https://registry.npmjs.org/react-native-is-edge-to-edge/-/react-native-is-edge-to-edge-1.3.1.tgz. Extracting by manifest.
3790 silly tarball no local data for css-select@https://registry.npmjs.org/css-select/-/css-select-5.2.2.tgz. Extracting by manifest.
3791 silly tarball no local data for @types/hammerjs@https://registry.npmjs.org/@types/hammerjs/-/hammerjs-2.0.46.tgz. Extracting by manifest.
3792 silly tarball no local data for hoist-non-react-statics@https://registry.npmjs.org/hoist-non-react-statics/-/hoist-non-react-statics-3.3.2.tgz. Extracting by manifest.
3793 silly tarball no local data for shell-quote@https://registry.npmjs.org/shell-quote/-/shell-quote-1.8.3.tgz. Extracting by manifest.
3794 silly tarball no local data for asap@https://registry.npmjs.org/asap/-/asap-2.0.6.tgz. Extracting by manifest.
3795 silly tarball no local data for @types/react-test-renderer@https://registry.npmjs.org/@types/react-test-renderer/-/react-test-renderer-19.1.0.tgz. Extracting by manifest.
3796 silly tarball no local data for marky@https://registry.npmjs.org/marky/-/marky-1.3.0.tgz. Extracting by manifest.
3797 silly tarball no local data for mkdirp@https://registry.npmjs.org/mkdirp/-/mkdirp-1.0.4.tgz. Extracting by manifest.
3798 silly tarball no local data for @egjs/hammerjs@https://registry.npmjs.org/@egjs/hammerjs/-/hammerjs-2.0.17.tgz. Extracting by manifest.
3799 silly tarball no local data for is-docker@https://registry.npmjs.org/is-docker/-/is-docker-2.2.1.tgz. Extracting by manifest.
3800 silly tarball no local data for lighthouse-logger@https://registry.npmjs.org/lighthouse-logger/-/lighthouse-logger-1.4.2.tgz. Extracting by manifest.
3801 silly tarball no local data for serve-static@https://registry.npmjs.org/serve-static/-/serve-static-1.16.3.tgz. Extracting by manifest.
3802 silly tarball no local data for is-wsl@https://registry.npmjs.org/is-wsl/-/is-wsl-2.2.0.tgz. Extracting by manifest.
3803 silly tarball no local data for fb-dotslash@https://registry.npmjs.org/fb-dotslash/-/fb-dotslash-0.5.8.tgz. Extracting by manifest.
3804 silly tarball no local data for chrome-launcher@https://registry.npmjs.org/chrome-launcher/-/chrome-launcher-0.15.2.tgz. Extracting by manifest.
3805 silly tarball no local data for chromium-edge-launcher@https://registry.npmjs.org/chromium-edge-launcher/-/chromium-edge-launcher-0.3.0.tgz. Extracting by manifest.
3806 silly tarball no local data for @react-native/debugger-shell@https://registry.npmjs.org/@react-native/debugger-shell/-/debugger-shell-0.85.3.tgz. Extracting by manifest.
3807 silly tarball no local data for open@https://registry.npmjs.org/open/-/open-7.4.2.tgz. Extracting by manifest.
3808 silly tarball no local data for @react-native/debugger-frontend@https://registry.npmjs.org/@react-native/debugger-frontend/-/debugger-frontend-0.85.3.tgz. Extracting by manifest.
3809 silly tarball no local data for @isaacs/ttlcache@https://registry.npmjs.org/@isaacs/ttlcache/-/ttlcache-1.4.1.tgz. Extracting by manifest.
3810 silly tarball no local data for @jridgewell/source-map@https://registry.npmjs.org/@jridgewell/source-map/-/source-map-0.3.11.tgz. Extracting by manifest.
3811 silly tarball no local data for @react-native/dev-middleware@https://registry.npmjs.org/@react-native/dev-middleware/-/dev-middleware-0.85.3.tgz. Extracting by manifest.
3812 silly tarball no local data for whatwg-fetch@https://registry.npmjs.org/whatwg-fetch/-/whatwg-fetch-3.6.20.tgz. Extracting by manifest.
3813 silly tarball no local data for regenerator-runtime@https://registry.npmjs.org/regenerator-runtime/-/regenerator-runtime-0.13.11.tgz. Extracting by manifest.
3814 silly tarball no local data for react-devtools-core@https://registry.npmjs.org/react-devtools-core/-/react-devtools-core-6.1.5.tgz. Extracting by manifest.
3815 silly tarball no local data for stacktrace-parser@https://registry.npmjs.org/stacktrace-parser/-/stacktrace-parser-0.1.11.tgz. Extracting by manifest.
3816 silly tarball no local data for scheduler@https://registry.npmjs.org/scheduler/-/scheduler-0.27.0.tgz. Extracting by manifest.
3817 silly tarball no local data for promise@https://registry.npmjs.org/promise/-/promise-8.3.0.tgz. Extracting by manifest.
3818 silly tarball no local data for ansi-regex@https://registry.npmjs.org/ansi-regex/-/ansi-regex-5.0.1.tgz. Extracting by manifest.
3819 silly tarball no local data for anser@https://registry.npmjs.org/anser/-/anser-1.4.10.tgz. Extracting by manifest.
3820 silly tarball no local data for memoize-one@https://registry.npmjs.org/memoize-one/-/memoize-one-5.2.1.tgz. Extracting by manifest.
3821 silly tarball no local data for @react-native/normalize-colors@https://registry.npmjs.org/@react-native/normalize-colors/-/normalize-colors-0.85.3.tgz. Extracting by manifest.
3822 silly tarball no local data for @react-native/assets-registry@https://registry.npmjs.org/@react-native/assets-registry/-/assets-registry-0.85.3.tgz. Extracting by manifest.
3823 silly tarball no local data for hermes-compiler@https://registry.npmjs.org/hermes-compiler/-/hermes-compiler-250829098.0.10.tgz. Extracting by manifest.
3824 silly tarball no local data for @react-native/virtualized-lists@https://registry.npmjs.org/@react-native/virtualized-lists/-/virtualized-lists-0.85.3.tgz. Extracting by manifest.
3825 silly tarball no local data for @react-native/gradle-plugin@https://registry.npmjs.org/@react-native/gradle-plugin/-/gradle-plugin-0.85.3.tgz. Extracting by manifest.
3826 silly tarball no local data for inherits@https://registry.npmjs.org/inherits/-/inherits-2.0.4.tgz. Extracting by manifest.
3827 silly tarball no local data for @react-native/community-cli-plugin@https://registry.npmjs.org/@react-native/community-cli-plugin/-/community-cli-plugin-0.85.3.tgz. Extracting by manifest.
3828 silly tarball no local data for filter-obj@https://registry.npmjs.org/filter-obj/-/filter-obj-1.1.0.tgz. Extracting by manifest.
3829 silly tarball no local data for strict-uri-encode@https://registry.npmjs.org/strict-uri-encode/-/strict-uri-encode-2.0.0.tgz. Extracting by manifest.
3830 silly tarball no local data for split-on-first@https://registry.npmjs.org/split-on-first/-/split-on-first-1.1.0.tgz. Extracting by manifest.
3831 silly tarball no local data for pngjs@https://registry.npmjs.org/pngjs/-/pngjs-3.4.0.tgz. Extracting by manifest.
3832 silly tarball no local data for to-regex-range@https://registry.npmjs.org/to-regex-range/-/to-regex-range-5.0.1.tgz. Extracting by manifest.
3833 silly tarball no local data for decode-uri-component@https://registry.npmjs.org/decode-uri-component/-/decode-uri-component-0.2.2.tgz. Extracting by manifest.
3834 silly tarball no local data for ee-first@https://registry.npmjs.org/ee-first/-/ee-first-1.1.1.tgz. Extracting by manifest.
3835 silly tarball no local data for mime-db@https://registry.npmjs.org/mime-db/-/mime-db-1.54.0.tgz. Extracting by manifest.
3836 silly tarball no local data for balanced-match@https://registry.npmjs.org/balanced-match/-/balanced-match-4.0.4.tgz. Extracting by manifest.
3837 silly tarball no local data for fill-range@https://registry.npmjs.org/fill-range/-/fill-range-7.1.1.tgz. Extracting by manifest.
3838 silly tarball no local data for vlq@https://registry.npmjs.org/vlq/-/vlq-1.0.1.tgz. Extracting by manifest.
3839 silly tarball no local data for brace-expansion@https://registry.npmjs.org/brace-expansion/-/brace-expansion-5.0.6.tgz. Extracting by manifest.
3840 silly tarball no local data for ob1@https://registry.npmjs.org/ob1/-/ob1-0.84.4.tgz. Extracting by manifest.
3841 silly tarball no local data for node-int64@https://registry.npmjs.org/node-int64/-/node-int64-0.4.0.tgz. Extracting by manifest.
3842 silly tarball no local data for walker@https://registry.npmjs.org/walker/-/walker-1.0.8.tgz. Extracting by manifest.
3843 silly tarball no local data for terser@https://registry.npmjs.org/terser/-/terser-5.48.0.tgz. Extracting by manifest.
3844 silly tarball no local data for leven@https://registry.npmjs.org/leven/-/leven-3.1.0.tgz. Extracting by manifest.
3845 silly tarball no local data for micromatch@https://registry.npmjs.org/micromatch/-/micromatch-4.0.8.tgz. Extracting by manifest.
3846 silly tarball no local data for bser@https://registry.npmjs.org/bser/-/bser-2.1.1.tgz. Extracting by manifest.
3847 silly tarball no local data for camelcase@https://registry.npmjs.org/camelcase/-/camelcase-6.3.0.tgz. Extracting by manifest.
3848 silly tarball no local data for agent-base@https://registry.npmjs.org/agent-base/-/agent-base-7.1.4.tgz. Extracting by manifest.
3849 silly tarball no local data for jest-get-type@https://registry.npmjs.org/jest-get-type/-/jest-get-type-29.6.3.tgz. Extracting by manifest.
3850 silly tarball no local data for fb-watchman@https://registry.npmjs.org/fb-watchman/-/fb-watchman-2.0.2.tgz. Extracting by manifest.
3851 silly tarball no local data for braces@https://registry.npmjs.org/braces/-/braces-3.0.3.tgz. Extracting by manifest.
3852 silly tarball no local data for jest-validate@https://registry.npmjs.org/jest-validate/-/jest-validate-29.7.0.tgz. Extracting by manifest.
3853 silly tarball no local data for yaml@https://registry.npmjs.org/yaml/-/yaml-2.9.0.tgz. Extracting by manifest.
3854 silly tarball no local data for @types/yargs-parser@https://registry.npmjs.org/@types/yargs-parser/-/yargs-parser-21.0.3.tgz. Extracting by manifest.
3855 silly tarball no local data for https-proxy-agent@https://registry.npmjs.org/https-proxy-agent/-/https-proxy-agent-7.0.6.tgz. Extracting by manifest.
3856 silly tarball no local data for exponential-backoff@https://registry.npmjs.org/exponential-backoff/-/exponential-backoff-3.1.3.tgz. Extracting by manifest.
3857 silly tarball no local data for @types/yargs@https://registry.npmjs.org/@types/yargs/-/yargs-17.0.35.tgz. Extracting by manifest.
3858 silly tarball no local data for @sinclair/typebox@https://registry.npmjs.org/@sinclair/typebox/-/typebox-0.27.10.tgz. Extracting by manifest.
3859 silly tarball no local data for @types/istanbul-lib-coverage@https://registry.npmjs.org/@types/istanbul-lib-coverage/-/istanbul-lib-coverage-2.0.6.tgz. Extracting by manifest.
3860 silly tarball no local data for @types/istanbul-lib-report@https://registry.npmjs.org/@types/istanbul-lib-report/-/istanbul-lib-report-3.0.3.tgz. Extracting by manifest.
3861 silly tarball no local data for @jest/schemas@https://registry.npmjs.org/@jest/schemas/-/schemas-29.6.3.tgz. Extracting by manifest.
3862 silly tarball no local data for undici-types@https://registry.npmjs.org/undici-types/-/undici-types-7.24.6.tgz. Extracting by manifest.
3863 silly tarball no local data for merge-stream@https://registry.npmjs.org/merge-stream/-/merge-stream-2.0.0.tgz. Extracting by manifest.
3864 silly tarball no local data for @jest/types@https://registry.npmjs.org/@jest/types/-/types-29.6.3.tgz. Extracting by manifest.
3865 silly tarball no local data for jest-util@https://registry.npmjs.org/jest-util/-/jest-util-29.7.0.tgz. Extracting by manifest.
3866 silly tarball no local data for @types/node@https://registry.npmjs.org/@types/node/-/node-25.9.1.tgz. Extracting by manifest.
3867 silly tarball no local data for @types/istanbul-reports@https://registry.npmjs.org/@types/istanbul-reports/-/istanbul-reports-3.0.4.tgz. Extracting by manifest.
3868 silly tarball no local data for picomatch@https://registry.npmjs.org/picomatch/-/picomatch-2.3.2.tgz. Extracting by manifest.
3869 silly tarball no local data for escape-html@https://registry.npmjs.org/escape-html/-/escape-html-1.0.3.tgz. Extracting by manifest.
3870 silly tarball no local data for unpipe@https://registry.npmjs.org/unpipe/-/unpipe-1.0.0.tgz. Extracting by manifest.
3871 silly tarball no local data for stackframe@https://registry.npmjs.org/stackframe/-/stackframe-1.3.4.tgz. Extracting by manifest.
3872 silly tarball no local data for encodeurl@https://registry.npmjs.org/encodeurl/-/encodeurl-1.0.2.tgz. Extracting by manifest.
3873 silly tarball no local data for on-finished@https://registry.npmjs.org/on-finished/-/on-finished-2.3.0.tgz. Extracting by manifest.
3874 silly tarball no local data for queue@https://registry.npmjs.org/queue/-/queue-6.0.2.tgz. Extracting by manifest.
3875 silly tarball no local data for utils-merge@https://registry.npmjs.org/utils-merge/-/utils-merge-1.0.1.tgz. Extracting by manifest.
3876 silly tarball no local data for parseurl@https://registry.npmjs.org/parseurl/-/parseurl-1.3.3.tgz. Extracting by manifest.
3877 silly tarball no local data for finalhandler@https://registry.npmjs.org/finalhandler/-/finalhandler-1.1.2.tgz. Extracting by manifest.
3878 silly tarball no local data for ws@https://registry.npmjs.org/ws/-/ws-7.5.10.tgz. Extracting by manifest.
3879 silly tarball no local data for throat@https://registry.npmjs.org/throat/-/throat-5.0.0.tgz. Extracting by manifest.
3880 silly tarball no local data for negotiator@https://registry.npmjs.org/negotiator/-/negotiator-1.0.0.tgz. Extracting by manifest.
3881 silly tarball no local data for statuses@https://registry.npmjs.org/statuses/-/statuses-1.5.0.tgz. Extracting by manifest.
3882 silly tarball no local data for jest-worker@https://registry.npmjs.org/jest-worker/-/jest-worker-29.7.0.tgz. Extracting by manifest.
3883 silly tarball no local data for source-map@https://registry.npmjs.org/source-map/-/source-map-0.5.7.tgz. Extracting by manifest.
3884 silly tarball no local data for graceful-fs@https://registry.npmjs.org/graceful-fs/-/graceful-fs-4.2.11.tgz. Extracting by manifest.
3885 silly tarball no local data for serialize-error@https://registry.npmjs.org/serialize-error/-/serialize-error-2.1.0.tgz. Extracting by manifest.
3886 silly tarball no local data for lodash.throttle@https://registry.npmjs.org/lodash.throttle/-/lodash.throttle-4.1.1.tgz. Extracting by manifest.
3887 silly tarball no local data for jsc-safe-url@https://registry.npmjs.org/jsc-safe-url/-/jsc-safe-url-0.2.4.tgz. Extracting by manifest.
3888 silly tarball no local data for mime-types@https://registry.npmjs.org/mime-types/-/mime-types-3.0.2.tgz. Extracting by manifest.
3889 silly tarball no local data for connect@https://registry.npmjs.org/connect/-/connect-3.7.0.tgz. Extracting by manifest.
3890 silly tarball no local data for image-size@https://registry.npmjs.org/image-size/-/image-size-1.2.1.tgz. Extracting by manifest.
3891 silly tarball no local data for flow-enums-runtime@https://registry.npmjs.org/flow-enums-runtime/-/flow-enums-runtime-0.0.6.tgz. Extracting by manifest.
3892 silly tarball no local data for loose-envify@https://registry.npmjs.org/loose-envify/-/loose-envify-1.4.0.tgz. Extracting by manifest.
3893 silly tarball no local data for error-stack-parser@https://registry.npmjs.org/error-stack-parser/-/error-stack-parser-2.1.4.tgz. Extracting by manifest.
3894 silly tarball no local data for yallist@https://registry.npmjs.org/yallist/-/yallist-3.1.1.tgz. Extracting by manifest.
3895 silly tarball no local data for hermes-estree@https://registry.npmjs.org/hermes-estree/-/hermes-estree-0.33.3.tgz. Extracting by manifest.
3896 silly tarball no local data for path-scurry@https://registry.npmjs.org/path-scurry/-/path-scurry-2.0.2.tgz. Extracting by manifest.
3897 silly tarball no local data for ci-info@https://registry.npmjs.org/ci-info/-/ci-info-2.0.0.tgz. Extracting by manifest.
3898 silly tarball no local data for unimodules-app-loader@https://registry.npmjs.org/unimodules-app-loader/-/unimodules-app-loader-56.0.1.tgz. Extracting by manifest.
3899 silly tarball no local data for accepts@https://registry.npmjs.org/accepts/-/accepts-2.0.0.tgz. Extracting by manifest.
3900 silly tarball no local data for minipass@https://registry.npmjs.org/minipass/-/minipass-7.1.3.tgz. Extracting by manifest.
3901 silly tarball no local data for parse-png@https://registry.npmjs.org/parse-png/-/parse-png-2.1.0.tgz. Extracting by manifest.
3902 silly tarball no local data for badgin@https://registry.npmjs.org/badgin/-/badgin-1.2.3.tgz. Extracting by manifest.
3903 silly tarball no local data for expo-constants@https://registry.npmjs.org/expo-constants/-/expo-constants-56.0.14.tgz. Extracting by manifest.
3904 silly tarball no local data for abort-controller@https://registry.npmjs.org/abort-controller/-/abort-controller-3.0.0.tgz. Extracting by manifest.
3905 silly tarball no local data for jimp-compact@https://registry.npmjs.org/jimp-compact/-/jimp-compact-0.16.1.tgz. Extracting by manifest.
3906 silly tarball no local data for event-target-shim@https://registry.npmjs.org/event-target-shim/-/event-target-shim-5.0.1.tgz. Extracting by manifest.
3907 silly tarball no local data for expo-application@https://registry.npmjs.org/expo-application/-/expo-application-56.0.3.tgz. Extracting by manifest.
3908 silly tarball no local data for @expo/image-utils@https://registry.npmjs.org/@expo/image-utils/-/image-utils-0.10.0.tgz. Extracting by manifest.
3909 silly tarball no local data for which@https://registry.npmjs.org/which/-/which-2.0.2.tgz. Extracting by manifest.
3910 silly tarball no local data for path-key@https://registry.npmjs.org/path-key/-/path-key-3.1.1.tgz. Extracting by manifest.
3911 silly tarball no local data for commander@https://registry.npmjs.org/commander/-/commander-7.2.0.tgz. Extracting by manifest.
3912 silly tarball no local data for @expo/expo-modules-macros-plugin@https://registry.npmjs.org/@expo/expo-modules-macros-plugin/-/expo-modules-macros-plugin-0.0.9.tgz. Extracting by manifest.
3913 silly tarball no local data for shebang-command@https://registry.npmjs.org/shebang-command/-/shebang-command-2.0.0.tgz. Extracting by manifest.
3914 silly tarball no local data for supports-color@https://registry.npmjs.org/supports-color/-/supports-color-7.2.0.tgz. Extracting by manifest.
3915 silly tarball no local data for xmlbuilder@https://registry.npmjs.org/xmlbuilder/-/xmlbuilder-15.1.1.tgz. Extracting by manifest.
3916 silly tarball no local data for ansi-styles@https://registry.npmjs.org/ansi-styles/-/ansi-styles-4.3.0.tgz. Extracting by manifest.
3917 silly tarball no local data for base64-js@https://registry.npmjs.org/base64-js/-/base64-js-1.5.1.tgz. Extracting by manifest.
3918 silly tarball no local data for metro-transform-worker@https://registry.npmjs.org/metro-transform-worker/-/metro-transform-worker-0.84.4.tgz. Extracting by manifest.
3919 silly tarball no local data for cross-spawn@https://registry.npmjs.org/cross-spawn/-/cross-spawn-7.0.6.tgz. Extracting by manifest.
3920 silly tarball no local data for metro-symbolicate@https://registry.npmjs.org/metro-symbolicate/-/metro-symbolicate-0.84.4.tgz. Extracting by manifest.
3921 silly tarball no local data for @xmldom/xmldom@https://registry.npmjs.org/@xmldom/xmldom/-/xmldom-0.8.13.tgz. Extracting by manifest.
3922 silly tarball no local data for metro-transform-plugins@https://registry.npmjs.org/metro-transform-plugins/-/metro-transform-plugins-0.84.4.tgz. Extracting by manifest.
3923 silly tarball no local data for metro-core@https://registry.npmjs.org/metro-core/-/metro-core-0.84.4.tgz. Extracting by manifest.
3924 silly tarball no local data for metro-source-map@https://registry.npmjs.org/metro-source-map/-/metro-source-map-0.84.4.tgz. Extracting by manifest.
3925 silly tarball no local data for metro-resolver@https://registry.npmjs.org/metro-resolver/-/metro-resolver-0.84.4.tgz. Extracting by manifest.
3926 silly tarball no local data for metro-file-map@https://registry.npmjs.org/metro-file-map/-/metro-file-map-0.84.4.tgz. Extracting by manifest.
3927 silly tarball no local data for metro-cache@https://registry.npmjs.org/metro-cache/-/metro-cache-0.84.4.tgz. Extracting by manifest.
3928 silly tarball no local data for metro-minify-terser@https://registry.npmjs.org/metro-minify-terser/-/metro-minify-terser-0.84.4.tgz. Extracting by manifest.
3929 silly tarball no local data for expo-modules-jsi@https://registry.npmjs.org/expo-modules-jsi/-/expo-modules-jsi-56.0.7.tgz. Extracting by manifest.
3930 silly tarball no local data for metro-babel-transformer@https://registry.npmjs.org/metro-babel-transformer/-/metro-babel-transformer-0.84.4.tgz. Extracting by manifest.
3931 silly tarball no local data for metro@https://registry.npmjs.org/metro/-/metro-0.84.4.tgz. Extracting by manifest.
3932 silly tarball no local data for resolve-from@https://registry.npmjs.org/resolve-from/-/resolve-from-5.0.0.tgz. Extracting by manifest.
3933 silly tarball no local data for ignore@https://registry.npmjs.org/ignore/-/ignore-5.3.2.tgz. Extracting by manifest.
3934 silly tarball no local data for metro-cache-key@https://registry.npmjs.org/metro-cache-key/-/metro-cache-key-0.84.4.tgz. Extracting by manifest.
3935 silly tarball no local data for xml2js@https://registry.npmjs.org/xml2js/-/xml2js-0.6.0.tgz. Extracting by manifest.
3936 silly tarball no local data for xcode@https://registry.npmjs.org/xcode/-/xcode-3.0.1.tgz. Extracting by manifest.
3937 silly tarball no local data for @expo/env@https://registry.npmjs.org/@expo/env/-/env-2.3.0.tgz. Extracting by manifest.
3938 silly tarball no local data for @expo/spawn-async@https://registry.npmjs.org/@expo/spawn-async/-/spawn-async-1.8.0.tgz. Extracting by manifest.
3939 silly tarball no local data for chalk@https://registry.npmjs.org/chalk/-/chalk-4.1.2.tgz. Extracting by manifest.
3940 silly tarball no local data for minimatch@https://registry.npmjs.org/minimatch/-/minimatch-10.2.5.tgz. Extracting by manifest.
3941 silly tarball no local data for @expo/plist@https://registry.npmjs.org/@expo/plist/-/plist-0.7.0.tgz. Extracting by manifest.
3942 silly tarball no local data for arg@https://registry.npmjs.org/arg/-/arg-5.0.2.tgz. Extracting by manifest.
3943 silly tarball no local data for getenv@https://registry.npmjs.org/getenv/-/getenv-2.0.0.tgz. Extracting by manifest.
3944 silly tarball no local data for slugify@https://registry.npmjs.org/slugify/-/slugify-1.6.9.tgz. Extracting by manifest.
3945 silly tarball no local data for @expo/sdk-runtime-versions@https://registry.npmjs.org/@expo/sdk-runtime-versions/-/sdk-runtime-versions-1.0.0.tgz. Extracting by manifest.
3946 silly tarball no local data for glob@https://registry.npmjs.org/glob/-/glob-13.0.6.tgz. Extracting by manifest.
3947 silly tarball no local data for @expo/require-utils@https://registry.npmjs.org/@expo/require-utils/-/require-utils-56.1.2.tgz. Extracting by manifest.
3948 silly tarball no local data for @expo/json-file@https://registry.npmjs.org/@expo/json-file/-/json-file-10.2.0.tgz. Extracting by manifest.
3949 silly tarball no local data for deepmerge@https://registry.npmjs.org/deepmerge/-/deepmerge-4.3.1.tgz. Extracting by manifest.
3950 silly tarball no local data for resolve-workspace-root@https://registry.npmjs.org/resolve-workspace-root/-/resolve-workspace-root-2.0.1.tgz. Extracting by manifest.
3951 silly tarball no local data for @expo/config-types@https://registry.npmjs.org/@expo/config-types/-/config-types-56.0.5.tgz. Extracting by manifest.
3952 silly tarball no local data for expo-modules-core@https://registry.npmjs.org/expo-modules-core/-/expo-modules-core-56.0.12.tgz. Extracting by manifest.
3953 silly tarball no local data for pretty-format@https://registry.npmjs.org/pretty-format/-/pretty-format-29.7.0.tgz. Extracting by manifest.
3954 silly tarball no local data for @expo/metro@https://registry.npmjs.org/@expo/metro/-/metro-56.0.0.tgz. Extracting by manifest.
3955 silly tarball no local data for whatwg-url-minimum@https://registry.npmjs.org/whatwg-url-minimum/-/whatwg-url-minimum-0.1.2.tgz. Extracting by manifest.
3956 silly tarball no local data for @ungap/structured-clone@https://registry.npmjs.org/@ungap/structured-clone/-/structured-clone-1.3.1.tgz. Extracting by manifest.
3957 silly tarball no local data for expo-modules-autolinking@https://registry.npmjs.org/expo-modules-autolinking/-/expo-modules-autolinking-56.0.11.tgz. Extracting by manifest.
3958 silly tarball no local data for ms@https://registry.npmjs.org/ms/-/ms-2.1.3.tgz. Extracting by manifest.
3959 silly tarball no local data for @expo/local-build-cache-provider@https://registry.npmjs.org/@expo/local-build-cache-provider/-/local-build-cache-provider-56.0.7.tgz. Extracting by manifest.
3960 silly tarball no local data for @expo/config@https://registry.npmjs.org/@expo/config/-/config-56.0.8.tgz. Extracting by manifest.
3961 silly tarball no local data for @expo/fingerprint@https://registry.npmjs.org/@expo/fingerprint/-/fingerprint-0.19.1.tgz. Extracting by manifest.
3962 silly tarball no local data for @expo/config-plugins@https://registry.npmjs.org/@expo/config-plugins/-/config-plugins-56.0.7.tgz. Extracting by manifest.
3963 silly tarball no local data for color-name@https://registry.npmjs.org/color-name/-/color-name-1.1.4.tgz. Extracting by manifest.
3964 silly tarball no local data for simple-swizzle@https://registry.npmjs.org/simple-swizzle/-/simple-swizzle-0.2.4.tgz. Extracting by manifest.
3965 silly tarball no local data for color-string@https://registry.npmjs.org/color-string/-/color-string-1.9.1.tgz. Extracting by manifest.
3966 silly tarball no local data for @babel/runtime@https://registry.npmjs.org/@babel/runtime/-/runtime-7.29.2.tgz. Extracting by manifest.
3967 silly tarball no local data for color-convert@https://registry.npmjs.org/color-convert/-/color-convert-2.0.1.tgz. Extracting by manifest.
3968 silly tarball no local data for update-browserslist-db@https://registry.npmjs.org/update-browserslist-db/-/update-browserslist-db-1.2.3.tgz. Extracting by manifest.
3969 silly tarball no local data for node-releases@https://registry.npmjs.org/node-releases/-/node-releases-2.0.46.tgz. Extracting by manifest.
3970 silly tarball no local data for core-js-compat@https://registry.npmjs.org/core-js-compat/-/core-js-compat-3.49.0.tgz. Extracting by manifest.
3971 silly tarball no local data for baseline-browser-mapping@https://registry.npmjs.org/baseline-browser-mapping/-/baseline-browser-mapping-2.10.31.tgz. Extracting by manifest.
3972 silly tarball no local data for caniuse-lite@https://registry.npmjs.org/caniuse-lite/-/caniuse-lite-1.0.30001793.tgz. Extracting by manifest.
3973 silly tarball no local data for @expo/devtools@https://registry.npmjs.org/@expo/devtools/-/devtools-56.0.2.tgz. Extracting by manifest.
3974 silly tarball no local data for electron-to-chromium@https://registry.npmjs.org/electron-to-chromium/-/electron-to-chromium-1.5.361.tgz. Extracting by manifest.
3975 silly tarball no local data for csstype@https://registry.npmjs.org/csstype/-/csstype-3.2.3.tgz. Extracting by manifest.
3976 silly tarball no local data for @babel/helper-define-polyfill-provider@https://registry.npmjs.org/@babel/helper-define-polyfill-provider/-/helper-define-polyfill-provider-0.6.8.tgz. Extracting by manifest.
3977 silly tarball no local data for query-string@https://registry.npmjs.org/query-string/-/query-string-7.1.3.tgz. Extracting by manifest.
3978 silly tarball no local data for lodash.debounce@https://registry.npmjs.org/lodash.debounce/-/lodash.debounce-4.0.8.tgz. Extracting by manifest.
3979 silly tarball no local data for react-is@https://registry.npmjs.org/react-is/-/react-is-19.2.6.tgz. Extracting by manifest.
3980 silly tarball no local data for @react-navigation/routers@https://registry.npmjs.org/@react-navigation/routers/-/routers-7.5.5.tgz. Extracting by manifest.
3981 silly tarball no local data for nanoid@https://registry.npmjs.org/nanoid/-/nanoid-3.3.12.tgz. Extracting by manifest.
3982 silly tarball no local data for resolve@https://registry.npmjs.org/resolve/-/resolve-1.22.12.tgz. Extracting by manifest.
3983 silly tarball no local data for escape-string-regexp@https://registry.npmjs.org/escape-string-regexp/-/escape-string-regexp-4.0.0.tgz. Extracting by manifest.
3984 silly tarball no local data for fast-deep-equal@https://registry.npmjs.org/fast-deep-equal/-/fast-deep-equal-3.1.3.tgz. Extracting by manifest.
3985 silly tarball no local data for use-latest-callback@https://registry.npmjs.org/use-latest-callback/-/use-latest-callback-0.2.6.tgz. Extracting by manifest.
3986 silly tarball no local data for sf-symbols-typescript@https://registry.npmjs.org/sf-symbols-typescript/-/sf-symbols-typescript-2.2.0.tgz. Extracting by manifest.
3987 silly tarball no local data for @react-navigation/core@https://registry.npmjs.org/@react-navigation/core/-/core-7.17.4.tgz. Extracting by manifest.
3988 silly tarball no local data for use-sync-external-store@https://registry.npmjs.org/use-sync-external-store/-/use-sync-external-store-1.6.0.tgz. Extracting by manifest.
3989 silly tarball no local data for tinyglobby@https://registry.npmjs.org/tinyglobby/-/tinyglobby-0.2.16.tgz. Extracting by manifest.
3990 silly tarball no local data for babel-plugin-polyfill-regenerator@https://registry.npmjs.org/babel-plugin-polyfill-regenerator/-/babel-plugin-polyfill-regenerator-0.6.8.tgz. Extracting by manifest.
3991 silly tarball no local data for color@https://registry.npmjs.org/color/-/color-4.2.3.tgz. Extracting by manifest.
3992 silly tarball no local data for @react-navigation/elements@https://registry.npmjs.org/@react-navigation/elements/-/elements-2.9.18.tgz. Extracting by manifest.
3993 silly tarball no local data for invariant@https://registry.npmjs.org/invariant/-/invariant-2.2.4.tgz. Extracting by manifest.
3994 silly tarball no local data for yargs@https://registry.npmjs.org/yargs/-/yargs-17.7.2.tgz. Extracting by manifest.
3995 silly tarball no local data for @babel/plugin-syntax-jsx@https://registry.npmjs.org/@babel/plugin-syntax-jsx/-/plugin-syntax-jsx-7.28.6.tgz. Extracting by manifest.
3996 silly tarball no local data for babel-plugin-polyfill-corejs2@https://registry.npmjs.org/babel-plugin-polyfill-corejs2/-/babel-plugin-polyfill-corejs2-0.4.17.tgz. Extracting by manifest.
3997 silly tarball no local data for @babel/plugin-syntax-typescript@https://registry.npmjs.org/@babel/plugin-syntax-typescript/-/plugin-syntax-typescript-7.28.6.tgz. Extracting by manifest.
3998 silly tarball no local data for @react-native/codegen@https://registry.npmjs.org/@react-native/codegen/-/codegen-0.85.3.tgz. Extracting by manifest.
3999 silly tarball no local data for regexpu-core@https://registry.npmjs.org/regexpu-core/-/regexpu-core-6.4.0.tgz. Extracting by manifest.
4000 silly tarball no local data for babel-plugin-polyfill-corejs3@https://registry.npmjs.org/babel-plugin-polyfill-corejs3/-/babel-plugin-polyfill-corejs3-0.13.0.tgz. Extracting by manifest.
4001 silly tarball no local data for @babel/helper-create-regexp-features-plugin@https://registry.npmjs.org/@babel/helper-create-regexp-features-plugin/-/helper-create-regexp-features-plugin-7.28.5.tgz. Extracting by manifest.
4002 silly tarball no local data for @babel/helper-replace-supers@https://registry.npmjs.org/@babel/helper-replace-supers/-/helper-replace-supers-7.28.6.tgz. Extracting by manifest.
4003 silly tarball no local data for @babel/helper-skip-transparent-expression-wrappers@https://registry.npmjs.org/@babel/helper-skip-transparent-expression-wrappers/-/helper-skip-transparent-expression-wrappers-7.27.1.tgz. Extracting by manifest.
4004 silly tarball no local data for @babel/helper-member-expression-to-functions@https://registry.npmjs.org/@babel/helper-member-expression-to-functions/-/helper-member-expression-to-functions-7.28.5.tgz. Extracting by manifest.
4005 silly tarball no local data for @babel/plugin-syntax-flow@https://registry.npmjs.org/@babel/plugin-syntax-flow/-/plugin-syntax-flow-7.28.6.tgz. Extracting by manifest.
4006 silly tarball no local data for @babel/helper-wrap-function@https://registry.npmjs.org/@babel/helper-wrap-function/-/helper-wrap-function-7.28.6.tgz. Extracting by manifest.
4007 silly tarball no local data for @babel/helper-remap-async-to-generator@https://registry.npmjs.org/@babel/helper-remap-async-to-generator/-/helper-remap-async-to-generator-7.27.1.tgz. Extracting by manifest.
4008 silly tarball no local data for @babel/helper-optimise-call-expression@https://registry.npmjs.org/@babel/helper-optimise-call-expression/-/helper-optimise-call-expression-7.27.1.tgz. Extracting by manifest.
4009 silly tarball no local data for react-refresh@https://registry.npmjs.org/react-refresh/-/react-refresh-0.14.2.tgz. Extracting by manifest.
4010 silly tarball no local data for @babel/helper-annotate-as-pure@https://registry.npmjs.org/@babel/helper-annotate-as-pure/-/helper-annotate-as-pure-7.27.3.tgz. Extracting by manifest.
4011 silly tarball no local data for @babel/helper-plugin-utils@https://registry.npmjs.org/@babel/helper-plugin-utils/-/helper-plugin-utils-7.28.6.tgz. Extracting by manifest.
4012 silly tarball no local data for @react-native/babel-plugin-codegen@https://registry.npmjs.org/@react-native/babel-plugin-codegen/-/babel-plugin-codegen-0.85.3.tgz. Extracting by manifest.
4013 silly tarball no local data for babel-plugin-transform-flow-enums@https://registry.npmjs.org/babel-plugin-transform-flow-enums/-/babel-plugin-transform-flow-enums-0.0.2.tgz. Extracting by manifest.
4014 silly tarball no local data for babel-plugin-syntax-hermes-parser@https://registry.npmjs.org/babel-plugin-syntax-hermes-parser/-/babel-plugin-syntax-hermes-parser-0.33.3.tgz. Extracting by manifest.
4015 silly tarball no local data for @babel/plugin-transform-typescript@https://registry.npmjs.org/@babel/plugin-transform-typescript/-/plugin-transform-typescript-7.28.6.tgz. Extracting by manifest.
4016 silly tarball no local data for @babel/plugin-transform-react-jsx-self@https://registry.npmjs.org/@babel/plugin-transform-react-jsx-self/-/plugin-transform-react-jsx-self-7.27.1.tgz. Extracting by manifest.
4017 silly tarball no local data for @babel/helper-create-class-features-plugin@https://registry.npmjs.org/@babel/helper-create-class-features-plugin/-/helper-create-class-features-plugin-7.29.3.tgz. Extracting by manifest.
4018 silly tarball no local data for @babel/plugin-transform-regenerator@https://registry.npmjs.org/@babel/plugin-transform-regenerator/-/plugin-transform-regenerator-7.29.0.tgz. Extracting by manifest.
4019 silly tarball no local data for @babel/plugin-transform-react-jsx-source@https://registry.npmjs.org/@babel/plugin-transform-react-jsx-source/-/plugin-transform-react-jsx-source-7.27.1.tgz. Extracting by manifest.
4020 silly tarball no local data for @babel/plugin-transform-react-display-name@https://registry.npmjs.org/@babel/plugin-transform-react-display-name/-/plugin-transform-react-display-name-7.28.0.tgz. Extracting by manifest.
4021 silly tarball no local data for @babel/plugin-transform-private-property-in-object@https://registry.npmjs.org/@babel/plugin-transform-private-property-in-object/-/plugin-transform-private-property-in-object-7.28.6.tgz. Extracting by manifest.
4022 silly tarball no local data for @babel/plugin-transform-unicode-regex@https://registry.npmjs.org/@babel/plugin-transform-unicode-regex/-/plugin-transform-unicode-regex-7.27.1.tgz. Extracting by manifest.
4023 silly tarball no local data for @babel/plugin-transform-runtime@https://registry.npmjs.org/@babel/plugin-transform-runtime/-/plugin-transform-runtime-7.29.0.tgz. Extracting by manifest.
4024 silly tarball no local data for @babel/plugin-transform-nullish-coalescing-operator@https://registry.npmjs.org/@babel/plugin-transform-nullish-coalescing-operator/-/plugin-transform-nullish-coalescing-operator-7.28.6.tgz. Extracting by manifest.
4025 silly tarball no local data for @babel/plugin-transform-react-jsx@https://registry.npmjs.org/@babel/plugin-transform-react-jsx/-/plugin-transform-react-jsx-7.28.6.tgz. Extracting by manifest.
4026 silly tarball no local data for @babel/plugin-transform-optional-catch-binding@https://registry.npmjs.org/@babel/plugin-transform-optional-catch-binding/-/plugin-transform-optional-catch-binding-7.28.6.tgz. Extracting by manifest.
4027 silly tarball no local data for @babel/plugin-transform-optional-chaining@https://registry.npmjs.org/@babel/plugin-transform-optional-chaining/-/plugin-transform-optional-chaining-7.28.6.tgz. Extracting by manifest.
4028 silly tarball no local data for @babel/plugin-transform-modules-commonjs@https://registry.npmjs.org/@babel/plugin-transform-modules-commonjs/-/plugin-transform-modules-commonjs-7.28.6.tgz. Extracting by manifest.
4029 silly tarball no local data for @babel/plugin-transform-private-methods@https://registry.npmjs.org/@babel/plugin-transform-private-methods/-/plugin-transform-private-methods-7.28.6.tgz. Extracting by manifest.
4030 silly tarball no local data for @babel/plugin-transform-for-of@https://registry.npmjs.org/@babel/plugin-transform-for-of/-/plugin-transform-for-of-7.27.1.tgz. Extracting by manifest.
4031 silly tarball no local data for @babel/plugin-transform-class-properties@https://registry.npmjs.org/@babel/plugin-transform-class-properties/-/plugin-transform-class-properties-7.28.6.tgz. Extracting by manifest.
4032 silly tarball no local data for @babel/plugin-transform-flow-strip-types@https://registry.npmjs.org/@babel/plugin-transform-flow-strip-types/-/plugin-transform-flow-strip-types-7.27.1.tgz. Extracting by manifest.
4033 silly tarball no local data for @babel/plugin-transform-named-capturing-groups-regex@https://registry.npmjs.org/@babel/plugin-transform-named-capturing-groups-regex/-/plugin-transform-named-capturing-groups-regex-7.29.0.tgz. Extracting by manifest.
4034 silly tarball no local data for @babel/plugin-transform-async-generator-functions@https://registry.npmjs.org/@babel/plugin-transform-async-generator-functions/-/plugin-transform-async-generator-functions-7.29.0.tgz. Extracting by manifest.
4035 silly tarball no local data for @babel/plugin-transform-classes@https://registry.npmjs.org/@babel/plugin-transform-classes/-/plugin-transform-classes-7.28.6.tgz. Extracting by manifest.
4036 silly tarball no local data for @babel/plugin-transform-destructuring@https://registry.npmjs.org/@babel/plugin-transform-destructuring/-/plugin-transform-destructuring-7.28.5.tgz. Extracting by manifest.
4037 silly tarball no local data for @babel/plugin-transform-async-to-generator@https://registry.npmjs.org/@babel/plugin-transform-async-to-generator/-/plugin-transform-async-to-generator-7.28.6.tgz. Extracting by manifest.
4038 silly tarball no local data for @babel/plugin-transform-block-scoping@https://registry.npmjs.org/@babel/plugin-transform-block-scoping/-/plugin-transform-block-scoping-7.28.6.tgz. Extracting by manifest.
4039 silly tarball no local data for @babel/plugin-syntax-nullish-coalescing-operator@https://registry.npmjs.org/@babel/plugin-syntax-nullish-coalescing-operator/-/plugin-syntax-nullish-coalescing-operator-7.8.3.tgz. Extracting by manifest.
4040 silly tarball no local data for @babel/plugin-syntax-optional-chaining@https://registry.npmjs.org/@babel/plugin-syntax-optional-chaining/-/plugin-syntax-optional-chaining-7.8.3.tgz. Extracting by manifest.
4041 silly tarball no local data for @babel/plugin-proposal-export-default-from@https://registry.npmjs.org/@babel/plugin-proposal-export-default-from/-/plugin-proposal-export-default-from-7.27.1.tgz. Extracting by manifest.
4042 silly tarball no local data for @babel/plugin-syntax-export-default-from@https://registry.npmjs.org/@babel/plugin-syntax-export-default-from/-/plugin-syntax-export-default-from-7.28.6.tgz. Extracting by manifest.
4043 silly tarball no local data for @babel/plugin-syntax-dynamic-import@https://registry.npmjs.org/@babel/plugin-syntax-dynamic-import/-/plugin-syntax-dynamic-import-7.8.3.tgz. Extracting by manifest.
4044 silly tarball no local data for nullthrows@https://registry.npmjs.org/nullthrows/-/nullthrows-1.1.1.tgz. Extracting by manifest.
4045 silly tarball no local data for metro-config@https://registry.npmjs.org/metro-config/-/metro-config-0.84.4.tgz. Extracting by manifest.
4046 silly tarball no local data for hermes-parser@https://registry.npmjs.org/hermes-parser/-/hermes-parser-0.33.3.tgz. Extracting by manifest.
4047 silly tarball no local data for @react-native/js-polyfills@https://registry.npmjs.org/@react-native/js-polyfills/-/js-polyfills-0.85.3.tgz. Extracting by manifest.
4048 silly tarball no local data for @react-native/babel-preset@https://registry.npmjs.org/@react-native/babel-preset/-/babel-preset-0.85.3.tgz. Extracting by manifest.
4049 silly tarball no local data for metro-runtime@https://registry.npmjs.org/metro-runtime/-/metro-runtime-0.84.4.tgz. Extracting by manifest.
4050 silly tarball no local data for idb@https://registry.npmjs.org/idb/-/idb-8.0.3.tgz. Extracting by manifest.
4051 silly tarball no local data for @react-native/metro-babel-transformer@https://registry.npmjs.org/@react-native/metro-babel-transformer/-/metro-babel-transformer-0.85.3.tgz. Extracting by manifest.
4052 silly tarball no local data for @jridgewell/sourcemap-codec@https://registry.npmjs.org/@jridgewell/sourcemap-codec/-/sourcemap-codec-1.5.5.tgz. Extracting by manifest.
4053 silly tarball no local data for @babel/helper-string-parser@https://registry.npmjs.org/@babel/helper-string-parser/-/helper-string-parser-7.27.1.tgz. Extracting by manifest.
4054 silly tarball no local data for @babel/helper-globals@https://registry.npmjs.org/@babel/helper-globals/-/helper-globals-7.28.0.tgz. Extracting by manifest.
4055 silly tarball no local data for @jridgewell/resolve-uri@https://registry.npmjs.org/@jridgewell/resolve-uri/-/resolve-uri-3.1.2.tgz. Extracting by manifest.
4056 silly tarball no local data for @babel/compat-data@https://registry.npmjs.org/@babel/compat-data/-/compat-data-7.29.3.tgz. Extracting by manifest.
4057 silly tarball no local data for browserslist@https://registry.npmjs.org/browserslist/-/browserslist-4.28.2.tgz. Extracting by manifest.
4058 silly tarball no local data for jsesc@https://registry.npmjs.org/jsesc/-/jsesc-3.1.0.tgz. Extracting by manifest.
4059 silly tarball no local data for lru-cache@https://registry.npmjs.org/lru-cache/-/lru-cache-5.1.1.tgz. Extracting by manifest.
4060 silly tarball no local data for picocolors@https://registry.npmjs.org/picocolors/-/picocolors-1.1.1.tgz. Extracting by manifest.
4061 silly tarball no local data for @jridgewell/gen-mapping@https://registry.npmjs.org/@jridgewell/gen-mapping/-/gen-mapping-0.3.13.tgz. Extracting by manifest.
4062 silly tarball no local data for @babel/helper-validator-option@https://registry.npmjs.org/@babel/helper-validator-option/-/helper-validator-option-7.27.1.tgz. Extracting by manifest.
4063 silly tarball no local data for @jridgewell/trace-mapping@https://registry.npmjs.org/@jridgewell/trace-mapping/-/trace-mapping-0.3.31.tgz. Extracting by manifest.
4064 silly tarball no local data for js-tokens@https://registry.npmjs.org/js-tokens/-/js-tokens-4.0.0.tgz. Extracting by manifest.
4065 silly tarball no local data for @babel/helper-validator-identifier@https://registry.npmjs.org/@babel/helper-validator-identifier/-/helper-validator-identifier-7.28.5.tgz. Extracting by manifest.
4066 silly tarball no local data for json5@https://registry.npmjs.org/json5/-/json5-2.2.3.tgz. Extracting by manifest.
4067 silly tarball no local data for @babel/helper-module-imports@https://registry.npmjs.org/@babel/helper-module-imports/-/helper-module-imports-7.28.6.tgz. Extracting by manifest.
4068 silly tarball no local data for gensync@https://registry.npmjs.org/gensync/-/gensync-1.0.0-beta.2.tgz. Extracting by manifest.
4069 silly tarball no local data for convert-source-map@https://registry.npmjs.org/convert-source-map/-/convert-source-map-2.0.0.tgz. Extracting by manifest.
4070 silly tarball no local data for debug@https://registry.npmjs.org/debug/-/debug-4.4.3.tgz. Extracting by manifest.
4071 silly tarball no local data for @jridgewell/remapping@https://registry.npmjs.org/@jridgewell/remapping/-/remapping-2.3.5.tgz. Extracting by manifest.
4072 silly tarball no local data for semver@https://registry.npmjs.org/semver/-/semver-6.3.1.tgz. Extracting by manifest.
4073 silly tarball no local data for @babel/types@https://registry.npmjs.org/@babel/types/-/types-7.29.0.tgz. Extracting by manifest.
4074 silly tarball no local data for @babel/helpers@https://registry.npmjs.org/@babel/helpers/-/helpers-7.29.2.tgz. Extracting by manifest.
4075 silly tarball no local data for @babel/helper-module-transforms@https://registry.npmjs.org/@babel/helper-module-transforms/-/helper-module-transforms-7.28.6.tgz. Extracting by manifest.
4076 silly tarball no local data for @babel/template@https://registry.npmjs.org/@babel/template/-/template-7.28.6.tgz. Extracting by manifest.
4077 silly tarball no local data for @babel/helper-compilation-targets@https://registry.npmjs.org/@babel/helper-compilation-targets/-/helper-compilation-targets-7.28.6.tgz. Extracting by manifest.
4078 silly tarball no local data for @babel/parser@https://registry.npmjs.org/@babel/parser/-/parser-7.29.3.tgz. Extracting by manifest.
4079 silly tarball no local data for @babel/code-frame@https://registry.npmjs.org/@babel/code-frame/-/code-frame-7.29.0.tgz. Extracting by manifest.
4080 silly tarball no local data for @babel/generator@https://registry.npmjs.org/@babel/generator/-/generator-7.29.1.tgz. Extracting by manifest.
4081 silly tarball no local data for @babel/traverse@https://registry.npmjs.org/@babel/traverse/-/traverse-7.29.0.tgz. Extracting by manifest.
4082 silly tarball no local data for react-native-screens@https://registry.npmjs.org/react-native-screens/-/react-native-screens-4.25.2.tgz. Extracting by manifest.
4083 silly tarball no local data for typescript@https://registry.npmjs.org/typescript/-/typescript-6.0.3.tgz. Extracting by manifest.
4084 silly tarball no local data for zustand@https://registry.npmjs.org/zustand/-/zustand-5.0.13.tgz. Extracting by manifest.
4085 silly tarball no local data for @react-native/metro-config@https://registry.npmjs.org/@react-native/metro-config/-/metro-config-0.85.3.tgz. Extracting by manifest.
4086 silly tarball no local data for uuid@https://registry.npmjs.org/uuid/-/uuid-14.0.0.tgz. Extracting by manifest.
4087 silly tarball no local data for @babel/core@https://registry.npmjs.org/@babel/core/-/core-7.29.0.tgz. Extracting by manifest.
4088 silly tarball no local data for react-native-gesture-handler@https://registry.npmjs.org/react-native-gesture-handler/-/react-native-gesture-handler-2.31.2.tgz. Extracting by manifest.
4089 silly tarball no local data for react-native-safe-area-context@https://registry.npmjs.org/react-native-safe-area-context/-/react-native-safe-area-context-5.8.0.tgz. Extracting by manifest.
4090 silly tarball no local data for react-native-svg@https://registry.npmjs.org/react-native-svg/-/react-native-svg-15.15.5.tgz. Extracting by manifest.
4091 silly tarball no local data for expo-status-bar@https://registry.npmjs.org/expo-status-bar/-/expo-status-bar-56.0.4.tgz. Extracting by manifest.
4092 silly tarball no local data for expo-task-manager@https://registry.npmjs.org/expo-task-manager/-/expo-task-manager-56.0.13.tgz. Extracting by manifest.
4093 silly tarball no local data for react-native-reanimated@https://registry.npmjs.org/react-native-reanimated/-/react-native-reanimated-4.3.1.tgz. Extracting by manifest.
4094 silly tarball no local data for expo-keep-awake@https://registry.npmjs.org/expo-keep-awake/-/expo-keep-awake-56.0.3.tgz. Extracting by manifest.
4095 silly tarball no local data for expo-notifications@https://registry.npmjs.org/expo-notifications/-/expo-notifications-56.0.12.tgz. Extracting by manifest.
4096 silly tarball no local data for expo-av@https://registry.npmjs.org/expo-av/-/expo-av-16.0.8.tgz. Extracting by manifest.
4097 silly tarball no local data for expo-haptics@https://registry.npmjs.org/expo-haptics/-/expo-haptics-56.0.3.tgz. Extracting by manifest.
4098 silly tarball no local data for @react-navigation/bottom-tabs@https://registry.npmjs.org/@react-navigation/bottom-tabs/-/bottom-tabs-7.16.1.tgz. Extracting by manifest.
4099 silly tarball no local data for react-native-worklets@https://registry.npmjs.org/react-native-worklets/-/react-native-worklets-0.8.3.tgz. Extracting by manifest.
4100 silly tarball no local data for @types/react@https://registry.npmjs.org/@types/react/-/react-19.2.15.tgz. Extracting by manifest.
4101 silly tarball no local data for expo@https://registry.npmjs.org/expo/-/expo-56.0.3.tgz. Extracting by manifest.
4102 silly tarball no local data for react-native@https://registry.npmjs.org/react-native/-/react-native-0.85.3.tgz. Extracting by manifest.
4103 silly tarball no local data for @react-navigation/native@https://registry.npmjs.org/@react-navigation/native/-/native-7.2.4.tgz. Extracting by manifest.
4104 silly tarball no local data for react@https://registry.npmjs.org/react/-/react-19.2.3.tgz. Extracting by manifest.
4105 silly tarball no local data for @react-native-async-storage/async-storage@https://registry.npmjs.org/@react-native-async-storage/async-storage/-/async-storage-3.1.0.tgz. Extracting by manifest.
4106 silly tarball no local data for color-convert@https://registry.npmjs.org/color-convert/-/color-convert-1.9.3.tgz. Extracting by manifest.
4107 silly tarball no local data for type-fest@https://registry.npmjs.org/type-fest/-/type-fest-0.21.3.tgz. Extracting by manifest.
4108 silly tarball no local data for has-flag@https://registry.npmjs.org/has-flag/-/has-flag-3.0.0.tgz. Extracting by manifest.
4109 silly tarball no local data for supports-color@https://registry.npmjs.org/supports-color/-/supports-color-5.5.0.tgz. Extracting by manifest.
4110 silly tarball no local data for color-name@https://registry.npmjs.org/color-name/-/color-name-1.1.3.tgz. Extracting by manifest.
4111 silly tarball no local data for ansi-styles@https://registry.npmjs.org/ansi-styles/-/ansi-styles-3.2.1.tgz. Extracting by manifest.
4112 silly tarball no local data for escape-string-regexp@https://registry.npmjs.org/escape-string-regexp/-/escape-string-regexp-1.0.5.tgz. Extracting by manifest.
4113 silly tarball no local data for lru-cache@https://registry.npmjs.org/lru-cache/-/lru-cache-10.4.3.tgz. Extracting by manifest.
4114 silly tarball no local data for has-flag@https://registry.npmjs.org/has-flag/-/has-flag-3.0.0.tgz. Extracting by manifest.
4115 silly tarball no local data for chalk@https://registry.npmjs.org/chalk/-/chalk-2.4.2.tgz. Extracting by manifest.
4116 silly tarball no local data for ansi-regex@https://registry.npmjs.org/ansi-regex/-/ansi-regex-4.1.1.tgz. Extracting by manifest.
4117 silly tarball no local data for supports-color@https://registry.npmjs.org/supports-color/-/supports-color-5.5.0.tgz. Extracting by manifest.
4118 silly tarball no local data for color-convert@https://registry.npmjs.org/color-convert/-/color-convert-1.9.3.tgz. Extracting by manifest.
4119 silly tarball no local data for color-name@https://registry.npmjs.org/color-name/-/color-name-1.1.3.tgz. Extracting by manifest.
4120 silly tarball no local data for strip-ansi@https://registry.npmjs.org/strip-ansi/-/strip-ansi-5.2.0.tgz. Extracting by manifest.
4121 silly tarball no local data for escape-string-regexp@https://registry.npmjs.org/escape-string-regexp/-/escape-string-regexp-1.0.5.tgz. Extracting by manifest.
4122 silly tarball no local data for ansi-styles@https://registry.npmjs.org/ansi-styles/-/ansi-styles-3.2.1.tgz. Extracting by manifest.
4123 silly tarball no local data for negotiator@https://registry.npmjs.org/negotiator/-/negotiator-0.6.4.tgz. Extracting by manifest.
4124 silly tarball no local data for statuses@https://registry.npmjs.org/statuses/-/statuses-2.0.2.tgz. Extracting by manifest.
4125 silly tarball no local data for ms@https://registry.npmjs.org/ms/-/ms-2.0.0.tgz. Extracting by manifest.
4126 silly tarball no local data for debug@https://registry.npmjs.org/debug/-/debug-2.6.9.tgz. Extracting by manifest.
4127 silly tarball no local data for semver@https://registry.npmjs.org/semver/-/semver-7.8.1.tgz. Extracting by manifest.
4128 silly tarball no local data for chalk@https://registry.npmjs.org/chalk/-/chalk-2.4.2.tgz. Extracting by manifest.
4129 silly tarball no local data for source-map@https://registry.npmjs.org/source-map/-/source-map-0.6.1.tgz. Extracting by manifest.
4130 silly tarball no local data for semver@https://registry.npmjs.org/semver/-/semver-7.8.1.tgz. Extracting by manifest.
4131 silly tarball no local data for @xmldom/xmldom@https://registry.npmjs.org/@xmldom/xmldom/-/xmldom-0.9.10.tgz. Extracting by manifest.
4132 silly tarball no local data for debug@https://registry.npmjs.org/debug/-/debug-3.2.7.tgz. Extracting by manifest.
4133 silly tarball no local data for source-map@https://registry.npmjs.org/source-map/-/source-map-0.6.1.tgz. Extracting by manifest.
4134 silly tarball no local data for debug@https://registry.npmjs.org/debug/-/debug-2.6.9.tgz. Extracting by manifest.
4135 silly tarball no local data for encodeurl@https://registry.npmjs.org/encodeurl/-/encodeurl-2.0.0.tgz. Extracting by manifest.
4136 silly tarball no local data for statuses@https://registry.npmjs.org/statuses/-/statuses-2.0.2.tgz. Extracting by manifest.
4137 silly tarball no local data for ms@https://registry.npmjs.org/ms/-/ms-2.0.0.tgz. Extracting by manifest.
4138 silly tarball no local data for on-finished@https://registry.npmjs.org/on-finished/-/on-finished-2.4.1.tgz. Extracting by manifest.
4139 silly tarball no local data for react-is@https://registry.npmjs.org/react-is/-/react-is-16.13.1.tgz. Extracting by manifest.
4140 silly tarball no local data for supports-color@https://registry.npmjs.org/supports-color/-/supports-color-8.1.1.tgz. Extracting by manifest.
4141 silly tarball no local data for ci-info@https://registry.npmjs.org/ci-info/-/ci-info-3.9.0.tgz. Extracting by manifest.
4142 silly tarball no local data for ms@https://registry.npmjs.org/ms/-/ms-2.0.0.tgz. Extracting by manifest.
4143 silly tarball no local data for debug@https://registry.npmjs.org/debug/-/debug-2.6.9.tgz. Extracting by manifest.
4144 silly tarball no local data for debug@https://registry.npmjs.org/debug/-/debug-2.6.9.tgz. Extracting by manifest.
4145 silly tarball no local data for encodeurl@https://registry.npmjs.org/encodeurl/-/encodeurl-2.0.0.tgz. Extracting by manifest.
4146 silly tarball no local data for hermes-estree@https://registry.npmjs.org/hermes-estree/-/hermes-estree-0.35.0.tgz. Extracting by manifest.
4147 silly tarball no local data for ms@https://registry.npmjs.org/ms/-/ms-2.0.0.tgz. Extracting by manifest.
4148 silly tarball no local data for semver@https://registry.npmjs.org/semver/-/semver-7.8.1.tgz. Extracting by manifest.
4149 silly tarball no local data for commander@https://registry.npmjs.org/commander/-/commander-2.20.3.tgz. Extracting by manifest.
4150 silly tarball no local data for debug@https://registry.npmjs.org/debug/-/debug-2.6.9.tgz. Extracting by manifest.
4151 silly tarball no local data for ms@https://registry.npmjs.org/ms/-/ms-2.0.0.tgz. Extracting by manifest.
4152 silly tarball no local data for lru-cache@https://registry.npmjs.org/lru-cache/-/lru-cache-11.5.0.tgz. Extracting by manifest.
4153 silly tarball no local data for semver@https://registry.npmjs.org/semver/-/semver-7.8.1.tgz. Extracting by manifest.
4154 silly tarball no local data for hermes-estree@https://registry.npmjs.org/hermes-estree/-/hermes-estree-0.35.0.tgz. Extracting by manifest.
4155 silly tarball no local data for hermes-parser@https://registry.npmjs.org/hermes-parser/-/hermes-parser-0.35.0.tgz. Extracting by manifest.
4156 silly tarball no local data for hermes-parser@https://registry.npmjs.org/hermes-parser/-/hermes-parser-0.35.0.tgz. Extracting by manifest.
4157 silly tarball no local data for react-is@https://registry.npmjs.org/react-is/-/react-is-18.3.1.tgz. Extracting by manifest.
4158 silly tarball no local data for semver@https://registry.npmjs.org/semver/-/semver-7.8.1.tgz. Extracting by manifest.
4159 silly tarball no local data for uuid@https://registry.npmjs.org/uuid/-/uuid-7.0.3.tgz. Extracting by manifest.
4160 silly tarball no local data for fdir@https://registry.npmjs.org/fdir/-/fdir-6.5.0.tgz. Extracting by manifest.
4161 silly tarball no local data for ansi-styles@https://registry.npmjs.org/ansi-styles/-/ansi-styles-5.2.0.tgz. Extracting by manifest.
4162 silly tarball no local data for semver@https://registry.npmjs.org/semver/-/semver-7.8.1.tgz. Extracting by manifest.
4163 silly tarball no local data for negotiator@https://registry.npmjs.org/negotiator/-/negotiator-0.6.3.tgz. Extracting by manifest.
4164 silly tarball no local data for semver@https://registry.npmjs.org/semver/-/semver-7.8.1.tgz. Extracting by manifest.
4165 silly tarball no local data for xmlbuilder@https://registry.npmjs.org/xmlbuilder/-/xmlbuilder-11.0.1.tgz. Extracting by manifest.
4166 silly tarball no local data for ws@https://registry.npmjs.org/ws/-/ws-8.20.1.tgz. Extracting by manifest.
4167 silly tarball no local data for semver@https://registry.npmjs.org/semver/-/semver-7.8.1.tgz. Extracting by manifest.
4168 silly tarball no local data for semver@https://registry.npmjs.org/semver/-/semver-7.8.1.tgz. Extracting by manifest.
4169 silly tarball no local data for mime-types@https://registry.npmjs.org/mime-types/-/mime-types-2.1.35.tgz. Extracting by manifest.
4170 silly tarball no local data for semver@https://registry.npmjs.org/semver/-/semver-7.8.1.tgz. Extracting by manifest.
4171 silly tarball no local data for accepts@https://registry.npmjs.org/accepts/-/accepts-1.3.8.tgz. Extracting by manifest.
4172 silly tarball no local data for mime-db@https://registry.npmjs.org/mime-db/-/mime-db-1.52.0.tgz. Extracting by manifest.
4173 silly tarball no local data for ci-info@https://registry.npmjs.org/ci-info/-/ci-info-3.9.0.tgz. Extracting by manifest.
4174 silly tarball no local data for expo-asset@https://registry.npmjs.org/expo-asset/-/expo-asset-56.0.13.tgz. Extracting by manifest.
4175 silly tarball no local data for picomatch@https://registry.npmjs.org/picomatch/-/picomatch-4.0.4.tgz. Extracting by manifest.
4176 silly tarball no local data for @expo/metro-config@https://registry.npmjs.org/@expo/metro-config/-/metro-config-56.0.11.tgz. Extracting by manifest.
4177 silly tarball no local data for expo-font@https://registry.npmjs.org/expo-font/-/expo-font-56.0.5.tgz. Extracting by manifest.
4178 silly tarball no local data for babel-preset-expo@https://registry.npmjs.org/babel-preset-expo/-/babel-preset-expo-56.0.11.tgz. Extracting by manifest.
4179 silly tarball no local data for expo-file-system@https://registry.npmjs.org/expo-file-system/-/expo-file-system-56.0.7.tgz. Extracting by manifest.
4180 silly tarball no local data for @expo/dom-webview@https://registry.npmjs.org/@expo/dom-webview/-/dom-webview-56.0.5.tgz. Extracting by manifest.
4181 silly tarball no local data for @expo/log-box@https://registry.npmjs.org/@expo/log-box/-/log-box-56.0.12.tgz. Extracting by manifest.
4182 silly tarball no local data for commander@https://registry.npmjs.org/commander/-/commander-12.1.0.tgz. Extracting by manifest.
4183 silly tarball no local data for picomatch@https://registry.npmjs.org/picomatch/-/picomatch-4.0.4.tgz. Extracting by manifest.
4184 silly tarball no local data for @expo/router-server@https://registry.npmjs.org/@expo/router-server/-/router-server-56.0.11.tgz. Extracting by manifest.
4185 silly tarball no local data for @expo/cli@https://registry.npmjs.org/@expo/cli/-/cli-56.1.10.tgz. Extracting by manifest.
4186 silly tarball no local data for semver@https://registry.npmjs.org/semver/-/semver-7.8.1.tgz. Extracting by manifest.
4187 http fetch GET 200 https://registry.npmjs.org/babel-plugin-react-native-web/-/babel-plugin-react-native-web-0.21.2.tgz 185ms (cache miss)
4188 http fetch GET 200 https://registry.npmjs.org/@babel/plugin-syntax-decorators/-/plugin-syntax-decorators-7.28.6.tgz 186ms (cache miss)
4189 http fetch GET 200 https://registry.npmjs.org/fontfaceobserver/-/fontfaceobserver-2.3.0.tgz 197ms (cache miss)
4190 http fetch GET 200 https://registry.npmjs.org/@babel/plugin-transform-react-pure-annotations/-/plugin-transform-react-pure-annotations-7.27.1.tgz 207ms (cache miss)
4191 http fetch GET 200 https://registry.npmjs.org/@babel/plugin-transform-object-rest-spread/-/plugin-transform-object-rest-spread-7.28.6.tgz 220ms (cache miss)
4192 http fetch GET 200 https://registry.npmjs.org/@babel/plugin-transform-export-namespace-from/-/plugin-transform-export-namespace-from-7.27.1.tgz 220ms (cache miss)
4193 http fetch GET 200 https://registry.npmjs.org/@babel/plugin-transform-parameters/-/plugin-transform-parameters-7.27.7.tgz 221ms (cache miss)
4194 http fetch GET 200 https://registry.npmjs.org/babel-plugin-react-compiler/-/babel-plugin-react-compiler-1.0.0.tgz 221ms (cache miss)
4195 http fetch POST 200 https://registry.npmjs.org/-/npm/v1/security/advisories/bulk 290ms
4196 silly audit report {
4196 silly audit report   uuid: [
4196 silly audit report     {
4196 silly audit report       id: 1119441,
4196 silly audit report       url: 'https://github.com/advisories/GHSA-w5hq-g745-h8pq',
4196 silly audit report       title: 'uuid: Missing buffer bounds check in v3/v5/v6 when buf is provided',
4196 silly audit report       severity: 'moderate',
4196 silly audit report       vulnerable_versions: '<11.1.1',
4196 silly audit report       cwe: [Array],
4196 silly audit report       cvss: [Object]
4196 silly audit report     }
4196 silly audit report   ]
4196 silly audit report }
4197 silly packumentCache corgi:https://registry.npmjs.org/uuid cache-miss
4198 http fetch GET 200 https://registry.npmjs.org/detect-libc/-/detect-libc-2.1.2.tgz 302ms (cache miss)
4199 http fetch GET 200 https://registry.npmjs.org/node-gyp-build-optional-packages/-/node-gyp-build-optional-packages-5.2.2.tgz 302ms (cache miss)
4200 http fetch GET 200 https://registry.npmjs.org/clone/-/clone-1.0.4.tgz 306ms (cache miss)
4201 http fetch GET 200 https://registry.npmjs.org/@msgpackr-extract/msgpackr-extract-darwin-arm64/-/msgpackr-extract-darwin-arm64-3.0.3.tgz 370ms (cache miss)
4202 http fetch GET 200 https://registry.npmjs.org/lightningcss/-/lightningcss-1.32.0.tgz 371ms (cache miss)
4203 http fetch GET 200 https://registry.npmjs.org/postcss/-/postcss-8.5.15.tgz 377ms (cache miss)
4204 http fetch GET 200 https://registry.npmjs.org/supports-hyperlinks/-/supports-hyperlinks-2.3.0.tgz 377ms (cache miss)
4205 http fetch GET 200 https://registry.npmjs.org/msgpackr/-/msgpackr-2.0.1.tgz 382ms (cache miss)
4206 http fetch GET 200 https://registry.npmjs.org/defaults/-/defaults-1.0.4.tgz 417ms (cache miss)
4207 http fetch GET 200 https://registry.npmjs.org/mimic-fn/-/mimic-fn-1.2.0.tgz 423ms (cache miss)
4208 http fetch GET 200 https://registry.npmjs.org/sisteransi/-/sisteransi-1.0.5.tgz 428ms (cache miss)
4209 http fetch GET 200 https://registry.npmjs.org/@babel/plugin-proposal-decorators/-/plugin-proposal-decorators-7.29.0.tgz 486ms (cache miss)
4210 http fetch GET 200 https://registry.npmjs.org/source-map-js/-/source-map-js-1.2.1.tgz 488ms (cache miss)
4211 http fetch GET 200 https://registry.npmjs.org/@babel/plugin-transform-logical-assignment-operators/-/plugin-transform-logical-assignment-operators-7.28.6.tgz 488ms (cache miss)
4212 http fetch GET 200 https://registry.npmjs.org/msgpackr-extract/-/msgpackr-extract-3.0.3.tgz 493ms (cache miss)
4213 http fetch GET 200 https://registry.npmjs.org/@babel/plugin-transform-class-static-block/-/plugin-transform-class-static-block-7.28.6.tgz 496ms (cache miss)
4214 http fetch GET 200 https://registry.npmjs.org/restore-cursor/-/restore-cursor-2.0.0.tgz 496ms (cache miss)
4215 http fetch GET 200 https://registry.npmjs.org/onetime/-/onetime-2.0.1.tgz 502ms (cache miss)
4216 http fetch GET 200 https://registry.npmjs.org/ansi-escapes/-/ansi-escapes-4.3.2.tgz 512ms (cache miss)
4217 http fetch GET 200 https://registry.npmjs.org/@babel/plugin-transform-react-jsx-development/-/plugin-transform-react-jsx-development-7.27.1.tgz 519ms (cache miss)
4218 http fetch GET 200 https://registry.npmjs.org/signal-exit/-/signal-exit-3.0.7.tgz 518ms (cache miss)
4219 http fetch GET 200 https://registry.npmjs.org/kleur/-/kleur-3.0.3.tgz 525ms (cache miss)
4220 http fetch GET 200 https://registry.npmjs.org/cli-cursor/-/cli-cursor-2.1.0.tgz 545ms (cache miss)
4221 http fetch GET 200 https://registry.npmjs.org/log-symbols/-/log-symbols-2.2.0.tgz 548ms (cache miss)
4222 http fetch GET 200 https://registry.npmjs.org/wcwidth/-/wcwidth-1.0.1.tgz 551ms (cache miss)
4223 http fetch GET 200 https://registry.npmjs.org/validate-npm-package-name/-/validate-npm-package-name-5.0.1.tgz 613ms (cache miss)
4224 http fetch GET 200 https://registry.npmjs.org/hosted-git-info/-/hosted-git-info-7.0.2.tgz 615ms (cache miss)
4225 http fetch GET 200 https://registry.npmjs.org/vary/-/vary-1.1.2.tgz 618ms (cache miss)
4226 http fetch GET 200 https://registry.npmjs.org/proc-log/-/proc-log-4.2.0.tgz 618ms (cache miss)
4227 http fetch GET 200 https://registry.npmjs.org/argparse/-/argparse-2.0.1.tgz 619ms (cache miss)
4228 http fetch GET 200 https://registry.npmjs.org/compressible/-/compressible-2.0.18.tgz 636ms (cache miss)
4229 http fetch GET 200 https://registry.npmjs.org/cli-spinners/-/cli-spinners-2.9.2.tgz 637ms (cache miss)
4230 http fetch GET 200 https://registry.npmjs.org/js-yaml/-/js-yaml-4.1.1.tgz 651ms (cache miss)
4231 http fetch GET 200 https://registry.npmjs.org/on-headers/-/on-headers-1.1.0.tgz 656ms (cache miss)
4232 http fetch GET 200 https://registry.npmjs.org/bytes/-/bytes-3.1.2.tgz 657ms (cache miss)
4233 http fetch GET 200 https://registry.npmjs.org/@expo/sudo-prompt/-/sudo-prompt-9.3.2.tgz 670ms (cache miss)
4234 http fetch GET 200 https://registry.npmjs.org/terminal-link/-/terminal-link-2.1.1.tgz 670ms (cache miss)
4235 http fetch GET 200 https://registry.npmjs.org/npm-package-arg/-/npm-package-arg-11.0.3.tgz 681ms (cache miss)
4236 http fetch GET 200 https://registry.npmjs.org/structured-headers/-/structured-headers-0.4.1.tgz 682ms (cache miss)
4237 http fetch GET 200 https://registry.npmjs.org/progress/-/progress-2.0.3.tgz 742ms (cache miss)
4238 http fetch GET 200 https://registry.npmjs.org/safe-buffer/-/safe-buffer-5.2.1.tgz 748ms (cache miss)
4239 http fetch GET 200 https://registry.npmjs.org/toqr/-/toqr-0.1.1.tgz 766ms (cache miss)
4240 http fetch GET 200 https://registry.npmjs.org/prompts/-/prompts-2.4.2.tgz 771ms (cache miss)
4241 http fetch GET 200 https://registry.npmjs.org/lan-network/-/lan-network-0.2.1.tgz 772ms (cache miss)
4242 http fetch GET 200 https://registry.npmjs.org/lightningcss-darwin-arm64/-/lightningcss-darwin-arm64-1.32.0.tgz 783ms (cache miss)
4243 http fetch GET 200 https://registry.npmjs.org/fetch-nodeshim/-/fetch-nodeshim-0.4.10.tgz 780ms (cache miss)
4244 http fetch GET 200 https://registry.npmjs.org/ora/-/ora-3.4.0.tgz 787ms (cache miss)
4245 http fetch GET 200 https://registry.npmjs.org/compression/-/compression-1.8.1.tgz 790ms (cache miss)
4246 http fetch GET 200 https://registry.npmjs.org/dnssd-advertise/-/dnssd-advertise-1.1.4.tgz 809ms (cache miss)
4247 http fetch GET 200 https://registry.npmjs.org/expo-server/-/expo-server-56.0.4.tgz 833ms (cache miss)
4248 http fetch GET 200 https://registry.npmjs.org/@expo/prebuild-config/-/prebuild-config-56.0.12.tgz 837ms (cache miss)
4249 http fetch GET 200 https://registry.npmjs.org/@expo/schema-utils/-/schema-utils-56.0.1.tgz 843ms (cache miss)
4250 http fetch GET 200 https://registry.npmjs.org/@expo/xcpretty/-/xcpretty-4.4.4.tgz 886ms (cache miss)
4251 http fetch GET 200 https://registry.npmjs.org/@expo/ws-tunnel/-/ws-tunnel-1.0.6.tgz 897ms (cache miss)
4252 http fetch GET 200 https://registry.npmjs.org/is-fullwidth-code-point/-/is-fullwidth-code-point-3.0.0.tgz 902ms (cache miss)
4253 http fetch GET 200 https://registry.npmjs.org/multitars/-/multitars-1.0.0.tgz 915ms (cache miss)
4254 http fetch GET 200 https://registry.npmjs.org/emoji-regex/-/emoji-regex-8.0.0.tgz 923ms (cache miss)
4255 http fetch GET 200 https://registry.npmjs.org/@expo/inline-modules/-/inline-modules-0.0.9.tgz 925ms (cache miss)
4256 http fetch GET 200 https://registry.npmjs.org/@expo/code-signing-certificates/-/code-signing-certificates-0.0.6.tgz 925ms (cache miss)
4257 http fetch GET 200 https://registry.npmjs.org/@expo/package-manager/-/package-manager-1.12.0.tgz 926ms (cache miss)
4258 http fetch GET 200 https://registry.npmjs.org/@expo/metro-file-map/-/metro-file-map-56.0.3.tgz 938ms (cache miss)
4259 http fetch GET 200 https://registry.npmjs.org/wrap-ansi/-/wrap-ansi-7.0.0.tgz 937ms (cache miss)
4260 http fetch GET 200 https://registry.npmjs.org/string-width/-/string-width-4.2.3.tgz 946ms (cache miss)
4261 http fetch GET 200 https://registry.npmjs.org/require-directory/-/require-directory-2.1.1.tgz 1040ms (cache miss)
4262 http fetch GET 200 https://registry.npmjs.org/y18n/-/y18n-5.0.8.tgz 1041ms (cache miss)
4263 http fetch GET 200 https://registry.npmjs.org/@expo/devcert/-/devcert-1.2.1.tgz 1052ms (cache miss)
4264 http fetch GET 200 https://registry.npmjs.org/get-caller-file/-/get-caller-file-2.0.5.tgz 1109ms (cache miss)
4265 http fetch GET 200 https://registry.npmjs.org/strip-ansi/-/strip-ansi-6.0.1.tgz 1201ms (cache miss)
4266 http fetch GET 200 https://registry.npmjs.org/sax/-/sax-1.6.0.tgz 1201ms (cache miss)
4267 http fetch GET 200 https://registry.npmjs.org/bplist-parser/-/bplist-parser-0.3.1.tgz 1202ms (cache miss)
4268 http fetch GET 200 https://registry.npmjs.org/node-forge/-/node-forge-1.4.0.tgz 1204ms (cache miss)
4269 http fetch GET 200 https://registry.npmjs.org/tmpl/-/tmpl-1.0.5.tgz 1202ms (cache miss)
4270 http fetch GET 200 https://registry.npmjs.org/big-integer/-/big-integer-1.6.52.tgz 1203ms (cache miss)
4271 http fetch GET 200 https://registry.npmjs.org/@expo/osascript/-/osascript-2.6.0.tgz 1203ms (cache miss)
4272 http fetch GET 200 https://registry.npmjs.org/simple-plist/-/simple-plist-1.3.1.tgz 1203ms (cache miss)
4273 http fetch GET 200 https://registry.npmjs.org/isexe/-/isexe-2.0.0.tgz 1204ms (cache miss)
4274 http fetch GET 200 https://registry.npmjs.org/cliui/-/cliui-8.0.1.tgz 1204ms (cache miss)
4275 http fetch GET 200 https://registry.npmjs.org/yargs-parser/-/yargs-parser-21.1.1.tgz 1206ms (cache miss)
4276 http fetch GET 200 https://registry.npmjs.org/zod/-/zod-3.25.76.tgz 1208ms (cache miss)
4277 http fetch GET 200 https://registry.npmjs.org/stream-buffers/-/stream-buffers-2.2.0.tgz 1211ms (cache miss)
4278 http fetch GET 200 https://registry.npmjs.org/plist/-/plist-3.1.1.tgz 1212ms (cache miss)
4279 http fetch GET 200 https://registry.npmjs.org/bplist-creator/-/bplist-creator-0.1.0.tgz 1227ms (cache miss)
4280 http fetch GET 200 https://registry.npmjs.org/unicode-canonical-property-names-ecmascript/-/unicode-canonical-property-names-ecmascript-2.0.1.tgz 1304ms (cache miss)
4281 http fetch GET 200 https://registry.npmjs.org/escalade/-/escalade-3.2.0.tgz 1306ms (cache miss)
4282 http fetch GET 200 https://registry.npmjs.org/is-number/-/is-number-7.0.0.tgz 1306ms (cache miss)
4283 http fetch GET 200 https://registry.npmjs.org/buffer-from/-/buffer-from-1.1.2.tgz 1306ms (cache miss)
4284 http fetch GET 200 https://registry.npmjs.org/makeerror/-/makeerror-1.0.12.tgz 1310ms (cache miss)
4285 http fetch GET 200 https://registry.npmjs.org/source-map-support/-/source-map-support-0.5.21.tgz 1309ms (cache miss)
4286 http fetch GET 200 https://registry.npmjs.org/unicode-property-aliases-ecmascript/-/unicode-property-aliases-ecmascript-2.2.0.tgz 1318ms (cache miss)
4287 http fetch GET 200 https://registry.npmjs.org/toidentifier/-/toidentifier-1.0.1.tgz 1325ms (cache miss)
4288 http fetch GET 200 https://registry.npmjs.org/has-flag/-/has-flag-4.0.0.tgz 1328ms (cache miss)
4289 http fetch GET 200 https://registry.npmjs.org/mime/-/mime-1.6.0.tgz 1333ms (cache miss)
4290 http fetch GET 200 https://registry.npmjs.org/type-fest/-/type-fest-0.7.1.tgz 1333ms (cache miss)
4291 http fetch GET 200 https://registry.npmjs.org/shebang-regex/-/shebang-regex-3.0.0.tgz 1334ms (cache miss)
4292 http fetch GET 200 https://registry.npmjs.org/setprototypeof/-/setprototypeof-1.2.0.tgz 1336ms (cache miss)
4293 http fetch GET 200 https://registry.npmjs.org/acorn/-/acorn-8.16.0.tgz 1341ms (cache miss)
4294 http fetch GET 200 https://registry.npmjs.org/http-errors/-/http-errors-2.0.1.tgz 1343ms (cache miss)
4295 http fetch GET 200 https://registry.npmjs.org/fresh/-/fresh-0.5.2.tgz 1424ms (cache miss)
4296 http fetch GET 200 https://registry.npmjs.org/range-parser/-/range-parser-1.2.1.tgz 1424ms (cache miss)
4297 http fetch GET 200 https://registry.npmjs.org/etag/-/etag-1.8.1.tgz 1426ms (cache miss)
4298 http fetch GET 200 https://registry.npmjs.org/hasown/-/hasown-2.0.3.tgz 1429ms (cache miss)
4299 http fetch GET 200 https://registry.npmjs.org/is-arrayish/-/is-arrayish-0.3.4.tgz 1428ms (cache miss)
4300 http fetch GET 200 https://registry.npmjs.org/send/-/send-0.19.2.tgz 1432ms (cache miss)
4301 http fetch GET 200 https://registry.npmjs.org/destroy/-/destroy-1.2.0.tgz 1456ms (cache miss)
4302 http fetch GET 200 https://registry.npmjs.org/function-bind/-/function-bind-1.1.2.tgz 1456ms (cache miss)
4303 http fetch GET 200 https://registry.npmjs.org/supports-preserve-symlinks-flag/-/supports-preserve-symlinks-flag-1.0.0.tgz 1457ms (cache miss)
4304 http fetch GET 200 https://registry.npmjs.org/path-parse/-/path-parse-1.0.7.tgz 1472ms (cache miss)
4305 http fetch GET 200 https://registry.npmjs.org/is-core-module/-/is-core-module-2.16.2.tgz 1472ms (cache miss)
4306 http fetch GET 200 https://registry.npmjs.org/unicode-match-property-value-ecmascript/-/unicode-match-property-value-ecmascript-2.2.1.tgz 1472ms (cache miss)
4307 http fetch GET 200 https://registry.npmjs.org/regjsgen/-/regjsgen-0.8.0.tgz 1472ms (cache miss)
4308 http fetch GET 200 https://registry.npmjs.org/depd/-/depd-2.0.0.tgz 1473ms (cache miss)
4309 http fetch GET 200 https://registry.npmjs.org/es-errors/-/es-errors-1.3.0.tgz 1474ms (cache miss)
4310 http fetch GET 200 https://registry.npmjs.org/unicode-match-property-ecmascript/-/unicode-match-property-ecmascript-2.0.0.tgz 1540ms (cache miss)
4311 http fetch GET 200 https://registry.npmjs.org/regenerate/-/regenerate-1.4.2.tgz 1573ms (cache miss)
4312 http fetch GET 200 https://registry.npmjs.org/@babel/plugin-transform-arrow-functions/-/plugin-transform-arrow-functions-7.27.1.tgz 1573ms (cache miss)
4313 http fetch GET 200 https://registry.npmjs.org/@babel/plugin-transform-shorthand-properties/-/plugin-transform-shorthand-properties-7.27.1.tgz 1658ms (cache miss)
4314 http fetch GET 200 https://registry.npmjs.org/@babel/plugin-transform-template-literals/-/plugin-transform-template-literals-7.27.1.tgz 1668ms (cache miss)
4315 http fetch GET 200 https://registry.npmjs.org/domelementtype/-/domelementtype-2.3.0.tgz 1668ms (cache miss)
4316 http fetch GET 200 https://registry.npmjs.org/dom-serializer/-/dom-serializer-2.0.0.tgz 1669ms (cache miss)
4317 http fetch GET 200 https://registry.npmjs.org/regjsparser/-/regjsparser-0.13.1.tgz 1669ms (cache miss)
4318 http fetch GET 200 https://registry.npmjs.org/@babel/preset-typescript/-/preset-typescript-7.28.5.tgz 1670ms (cache miss)
4319 http fetch GET 200 https://registry.npmjs.org/boolbase/-/boolbase-1.0.0.tgz 1672ms (cache miss)
4320 http fetch GET 200 https://registry.npmjs.org/domhandler/-/domhandler-5.0.3.tgz 1675ms (cache miss)
4321 http fetch GET 200 https://registry.npmjs.org/css-what/-/css-what-6.2.2.tgz 1677ms (cache miss)
4322 http fetch GET 200 https://registry.npmjs.org/entities/-/entities-4.5.0.tgz 1681ms (cache miss)
4323 http fetch GET 200 https://registry.npmjs.org/warn-once/-/warn-once-0.1.1.tgz 1687ms (cache miss)
4324 http fetch GET 200 https://registry.npmjs.org/regenerate-unicode-properties/-/regenerate-unicode-properties-10.2.2.tgz 1694ms (cache miss)
4325 http fetch GET 200 https://registry.npmjs.org/domutils/-/domutils-3.2.2.tgz 1697ms (cache miss)
4326 http fetch GET 200 https://registry.npmjs.org/css-tree/-/css-tree-1.1.3.tgz 1706ms (cache miss)
4327 http fetch GET 200 https://registry.npmjs.org/mdn-data/-/mdn-data-2.0.14.tgz 1758ms (cache miss)
4328 http fetch GET 200 https://registry.npmjs.org/nth-check/-/nth-check-2.1.1.tgz 1778ms (cache miss)
4329 http fetch GET 200 https://registry.npmjs.org/react-freeze/-/react-freeze-1.0.4.tgz 1810ms (cache miss)
4330 http fetch GET 200 https://registry.npmjs.org/asap/-/asap-2.0.6.tgz 1813ms (cache miss)
4331 http fetch GET 200 https://registry.npmjs.org/react-native-is-edge-to-edge/-/react-native-is-edge-to-edge-1.3.1.tgz 1815ms (cache miss)
4332 http fetch GET 200 https://registry.npmjs.org/mkdirp/-/mkdirp-1.0.4.tgz 1814ms (cache miss)
4333 http fetch GET 200 https://registry.npmjs.org/marky/-/marky-1.3.0.tgz 1814ms (cache miss)
4334 http fetch GET 200 https://registry.npmjs.org/is-docker/-/is-docker-2.2.1.tgz 1814ms (cache miss)
4335 http fetch GET 200 https://registry.npmjs.org/hoist-non-react-statics/-/hoist-non-react-statics-3.3.2.tgz 1816ms (cache miss)
4336 http fetch GET 200 https://registry.npmjs.org/shell-quote/-/shell-quote-1.8.3.tgz 1816ms (cache miss)
4337 http fetch GET 200 https://registry.npmjs.org/css-select/-/css-select-5.2.2.tgz 1827ms (cache miss)
4338 http fetch GET 200 https://registry.npmjs.org/@types/hammerjs/-/hammerjs-2.0.46.tgz 1896ms (cache miss)
4339 http fetch GET 200 https://registry.npmjs.org/lighthouse-logger/-/lighthouse-logger-1.4.2.tgz 1895ms (cache miss)
4340 http fetch GET 200 https://registry.npmjs.org/is-wsl/-/is-wsl-2.2.0.tgz 1895ms (cache miss)
4341 http fetch GET 200 https://registry.npmjs.org/@types/react-test-renderer/-/react-test-renderer-19.1.0.tgz 1895ms (cache miss)
4342 http fetch GET 200 https://registry.npmjs.org/serve-static/-/serve-static-1.16.3.tgz 1896ms (cache miss)
4343 http fetch GET 200 https://registry.npmjs.org/@egjs/hammerjs/-/hammerjs-2.0.17.tgz 1907ms (cache miss)
4344 http fetch GET 200 https://registry.npmjs.org/chromium-edge-launcher/-/chromium-edge-launcher-0.3.0.tgz 1940ms (cache miss)
4345 http fetch GET 200 https://registry.npmjs.org/chrome-launcher/-/chrome-launcher-0.15.2.tgz 1941ms (cache miss)
4346 http fetch GET 200 https://registry.npmjs.org/open/-/open-7.4.2.tgz 1952ms (cache miss)
4347 http fetch GET 200 https://registry.npmjs.org/@react-native/dev-middleware/-/dev-middleware-0.85.3.tgz 2008ms (cache miss)
4348 http fetch GET 200 https://registry.npmjs.org/@isaacs/ttlcache/-/ttlcache-1.4.1.tgz 2017ms (cache miss)
4349 http fetch GET 200 https://registry.npmjs.org/@jridgewell/source-map/-/source-map-0.3.11.tgz 2049ms (cache miss)
4350 http fetch GET 200 https://registry.npmjs.org/regenerator-runtime/-/regenerator-runtime-0.13.11.tgz 2119ms (cache miss)
4351 http fetch GET 200 https://registry.npmjs.org/whatwg-fetch/-/whatwg-fetch-3.6.20.tgz 2136ms (cache miss)
4352 http fetch GET 200 https://registry.npmjs.org/scheduler/-/scheduler-0.27.0.tgz 2137ms (cache miss)
4353 http fetch GET 200 https://registry.npmjs.org/stacktrace-parser/-/stacktrace-parser-0.1.11.tgz 2146ms (cache miss)
4354 http fetch GET 200 https://registry.npmjs.org/promise/-/promise-8.3.0.tgz 2154ms (cache miss)
4355 http fetch GET 200 https://registry.npmjs.org/ansi-regex/-/ansi-regex-5.0.1.tgz 2184ms (cache miss)
4356 http fetch GET 200 https://registry.npmjs.org/anser/-/anser-1.4.10.tgz 2184ms (cache miss)
4357 http fetch GET 200 https://registry.npmjs.org/memoize-one/-/memoize-one-5.2.1.tgz 2194ms (cache miss)
4358 http fetch GET 200 https://registry.npmjs.org/fb-dotslash/-/fb-dotslash-0.5.8.tgz 2213ms (cache miss)
4359 http fetch GET 200 https://registry.npmjs.org/@react-native/normalize-colors/-/normalize-colors-0.85.3.tgz 2222ms (cache miss)
4360 http fetch GET 200 https://registry.npmjs.org/@react-native/assets-registry/-/assets-registry-0.85.3.tgz 2228ms (cache miss)
4361 http fetch GET 200 https://registry.npmjs.org/@react-native/debugger-shell/-/debugger-shell-0.85.3.tgz 2284ms (cache miss)
4362 http fetch GET 200 https://registry.npmjs.org/inherits/-/inherits-2.0.4.tgz 2338ms (cache miss)
4363 http fetch GET 200 https://registry.npmjs.org/@react-native/virtualized-lists/-/virtualized-lists-0.85.3.tgz 2341ms (cache miss)
4364 http fetch GET 200 https://registry.npmjs.org/filter-obj/-/filter-obj-1.1.0.tgz 2369ms (cache miss)
4365 http fetch GET 200 https://registry.npmjs.org/@react-native/community-cli-plugin/-/community-cli-plugin-0.85.3.tgz 2378ms (cache miss)
4366 http fetch GET 200 https://registry.npmjs.org/split-on-first/-/split-on-first-1.1.0.tgz 2383ms (cache miss)
4367 http fetch GET 200 https://registry.npmjs.org/strict-uri-encode/-/strict-uri-encode-2.0.0.tgz 2383ms (cache miss)
4368 http fetch GET 200 https://registry.npmjs.org/pngjs/-/pngjs-3.4.0.tgz 2396ms (cache miss)
4369 http fetch GET 200 https://registry.npmjs.org/@react-native/gradle-plugin/-/gradle-plugin-0.85.3.tgz 2397ms (cache miss)
4370 http fetch GET 200 https://registry.npmjs.org/to-regex-range/-/to-regex-range-5.0.1.tgz 2424ms (cache miss)
4371 http fetch GET 200 https://registry.npmjs.org/decode-uri-component/-/decode-uri-component-0.2.2.tgz 2432ms (cache miss)
4372 http fetch GET 200 https://registry.npmjs.org/ee-first/-/ee-first-1.1.1.tgz 2443ms (cache miss)
4373 http fetch GET 200 https://registry.npmjs.org/mime-db/-/mime-db-1.54.0.tgz 2507ms (cache miss)
4374 http fetch GET 200 https://registry.npmjs.org/balanced-match/-/balanced-match-4.0.4.tgz 2550ms (cache miss)
4375 http fetch GET 200 https://registry.npmjs.org/fill-range/-/fill-range-7.1.1.tgz 2551ms (cache miss)
4376 http fetch GET 200 https://registry.npmjs.org/node-int64/-/node-int64-0.4.0.tgz 2583ms (cache miss)
4377 http fetch GET 200 https://registry.npmjs.org/walker/-/walker-1.0.8.tgz 2583ms (cache miss)
4378 http fetch GET 200 https://registry.npmjs.org/vlq/-/vlq-1.0.1.tgz 2607ms (cache miss)
4379 http fetch GET 200 https://registry.npmjs.org/ob1/-/ob1-0.84.4.tgz 2606ms (cache miss)
4380 http fetch GET 200 https://registry.npmjs.org/brace-expansion/-/brace-expansion-5.0.6.tgz 2607ms (cache miss)
4381 http fetch GET 200 https://registry.npmjs.org/terser/-/terser-5.48.0.tgz 2705ms (cache miss)
4382 http fetch GET 200 https://registry.npmjs.org/micromatch/-/micromatch-4.0.8.tgz 2719ms (cache miss)
4383 http fetch GET 200 https://registry.npmjs.org/leven/-/leven-3.1.0.tgz 2719ms (cache miss)
4384 http fetch GET 200 https://registry.npmjs.org/bser/-/bser-2.1.1.tgz 2737ms (cache miss)
4385 http fetch GET 200 https://registry.npmjs.org/@react-native/debugger-frontend/-/debugger-frontend-0.85.3.tgz 2807ms (cache miss)
4386 http fetch GET 200 https://registry.npmjs.org/camelcase/-/camelcase-6.3.0.tgz 2858ms (cache miss)
4387 http fetch GET 200 https://registry.npmjs.org/agent-base/-/agent-base-7.1.4.tgz 2881ms (cache miss)
4388 http fetch GET 200 https://registry.npmjs.org/jest-get-type/-/jest-get-type-29.6.3.tgz 2881ms (cache miss)
4389 http fetch GET 200 https://registry.npmjs.org/fb-watchman/-/fb-watchman-2.0.2.tgz 2897ms (cache miss)
4390 http fetch GET 200 https://registry.npmjs.org/braces/-/braces-3.0.3.tgz 2898ms (cache miss)
4391 http fetch GET 200 https://registry.npmjs.org/jest-validate/-/jest-validate-29.7.0.tgz 2919ms (cache miss)
4392 http fetch GET 200 https://registry.npmjs.org/@types/yargs-parser/-/yargs-parser-21.0.3.tgz 2929ms (cache miss)
4393 http fetch GET 200 https://registry.npmjs.org/yaml/-/yaml-2.9.0.tgz 2943ms (cache miss)
4394 http fetch GET 200 https://registry.npmjs.org/exponential-backoff/-/exponential-backoff-3.1.3.tgz 2975ms (cache miss)
4395 http fetch GET 200 https://registry.npmjs.org/https-proxy-agent/-/https-proxy-agent-7.0.6.tgz 2976ms (cache miss)
4396 http fetch GET 200 https://registry.npmjs.org/@types/yargs/-/yargs-17.0.35.tgz 2980ms (cache miss)
4397 http fetch GET 200 https://registry.npmjs.org/@sinclair/typebox/-/typebox-0.27.10.tgz 3017ms (cache miss)
4398 http fetch GET 200 https://registry.npmjs.org/@types/istanbul-lib-coverage/-/istanbul-lib-coverage-2.0.6.tgz 3017ms (cache miss)
4399 http fetch GET 200 https://registry.npmjs.org/@types/istanbul-lib-report/-/istanbul-lib-report-3.0.3.tgz 3080ms (cache miss)
4400 http fetch GET 200 https://registry.npmjs.org/merge-stream/-/merge-stream-2.0.0.tgz 3094ms (cache miss)
4401 http fetch GET 200 https://registry.npmjs.org/undici-types/-/undici-types-7.24.6.tgz 3110ms (cache miss)
4402 http fetch GET 200 https://registry.npmjs.org/@jest/types/-/types-29.6.3.tgz 3110ms (cache miss)
4403 http fetch GET 200 https://registry.npmjs.org/@jest/schemas/-/schemas-29.6.3.tgz 3113ms (cache miss)
4404 http fetch GET 200 https://registry.npmjs.org/jest-util/-/jest-util-29.7.0.tgz 3224ms (cache miss)
4405 http fetch GET 200 https://registry.npmjs.org/@types/istanbul-reports/-/istanbul-reports-3.0.4.tgz 3231ms (cache miss)
4406 http fetch GET 200 https://registry.npmjs.org/escape-html/-/escape-html-1.0.3.tgz 3241ms (cache miss)
4407 http fetch GET 200 https://registry.npmjs.org/picomatch/-/picomatch-2.3.2.tgz 3241ms (cache miss)
4408 http fetch GET 200 https://registry.npmjs.org/@types/node/-/node-25.9.1.tgz 3256ms (cache miss)
4409 http fetch GET 200 https://registry.npmjs.org/unpipe/-/unpipe-1.0.0.tgz 3303ms (cache miss)
4410 http fetch GET 200 https://registry.npmjs.org/encodeurl/-/encodeurl-1.0.2.tgz 3328ms (cache miss)
4411 http fetch GET 200 https://registry.npmjs.org/stackframe/-/stackframe-1.3.4.tgz 3333ms (cache miss)
4412 http fetch GET 200 https://registry.npmjs.org/on-finished/-/on-finished-2.3.0.tgz 3358ms (cache miss)
4413 http fetch GET 200 https://registry.npmjs.org/queue/-/queue-6.0.2.tgz 3359ms (cache miss)
4414 http fetch GET 200 https://registry.npmjs.org/utils-merge/-/utils-merge-1.0.1.tgz 3362ms (cache miss)
4415 http fetch GET 200 https://registry.npmjs.org/parseurl/-/parseurl-1.3.3.tgz 3371ms (cache miss)
4416 http fetch GET 200 https://registry.npmjs.org/finalhandler/-/finalhandler-1.1.2.tgz 3372ms (cache miss)
4417 http fetch GET 200 https://registry.npmjs.org/statuses/-/statuses-1.5.0.tgz 3402ms (cache miss)
4418 http fetch GET 200 https://registry.npmjs.org/throat/-/throat-5.0.0.tgz 3402ms (cache miss)
4419 http fetch GET 200 https://registry.npmjs.org/ws/-/ws-7.5.10.tgz 3404ms (cache miss)
4420 http fetch GET 200 https://registry.npmjs.org/negotiator/-/negotiator-1.0.0.tgz 3406ms (cache miss)
4421 http fetch GET 200 https://registry.npmjs.org/jest-worker/-/jest-worker-29.7.0.tgz 3408ms (cache miss)
4422 http fetch GET 200 https://registry.npmjs.org/source-map/-/source-map-0.5.7.tgz 3446ms (cache miss)
4423 http fetch GET 200 https://registry.npmjs.org/graceful-fs/-/graceful-fs-4.2.11.tgz 3465ms (cache miss)
4424 http fetch GET 200 https://registry.npmjs.org/serialize-error/-/serialize-error-2.1.0.tgz 3479ms (cache miss)
4425 http fetch GET 200 https://registry.npmjs.org/mime-types/-/mime-types-3.0.2.tgz 3485ms (cache miss)
4426 http fetch GET 200 https://registry.npmjs.org/lodash.throttle/-/lodash.throttle-4.1.1.tgz 3485ms (cache miss)
4427 http fetch GET 200 https://registry.npmjs.org/jsc-safe-url/-/jsc-safe-url-0.2.4.tgz 3489ms (cache miss)
4428 http fetch GET 200 https://registry.npmjs.org/connect/-/connect-3.7.0.tgz 3491ms (cache miss)
4429 http fetch GET 200 https://registry.npmjs.org/image-size/-/image-size-1.2.1.tgz 3502ms (cache miss)
4430 http fetch GET 200 https://registry.npmjs.org/flow-enums-runtime/-/flow-enums-runtime-0.0.6.tgz 3521ms (cache miss)
4431 http fetch GET 200 https://registry.npmjs.org/loose-envify/-/loose-envify-1.4.0.tgz 3525ms (cache miss)
4432 http fetch GET 200 https://registry.npmjs.org/error-stack-parser/-/error-stack-parser-2.1.4.tgz 3528ms (cache miss)
4433 http fetch GET 200 https://registry.npmjs.org/yallist/-/yallist-3.1.1.tgz 3538ms (cache miss)
4434 http fetch GET 200 https://registry.npmjs.org/hermes-estree/-/hermes-estree-0.33.3.tgz 3557ms (cache miss)
4435 http fetch GET 200 https://registry.npmjs.org/path-scurry/-/path-scurry-2.0.2.tgz 3568ms (cache miss)
4436 http fetch GET 200 https://registry.npmjs.org/ci-info/-/ci-info-2.0.0.tgz 3595ms (cache miss)
4437 http fetch GET 200 https://registry.npmjs.org/accepts/-/accepts-2.0.0.tgz 3598ms (cache miss)
4438 http fetch GET 200 https://registry.npmjs.org/parse-png/-/parse-png-2.1.0.tgz 3616ms (cache miss)
4439 http fetch GET 200 https://registry.npmjs.org/unimodules-app-loader/-/unimodules-app-loader-56.0.1.tgz 3622ms (cache miss)
4440 http fetch GET 200 https://registry.npmjs.org/badgin/-/badgin-1.2.3.tgz 3631ms (cache miss)
4441 http fetch GET 200 https://registry.npmjs.org/expo-constants/-/expo-constants-56.0.14.tgz 3637ms (cache miss)
4442 http fetch GET 200 https://registry.npmjs.org/minipass/-/minipass-7.1.3.tgz 3648ms (cache miss)
4443 http fetch GET 200 https://registry.npmjs.org/abort-controller/-/abort-controller-3.0.0.tgz 3655ms (cache miss)
4444 http fetch GET 200 https://registry.npmjs.org/event-target-shim/-/event-target-shim-5.0.1.tgz 3659ms (cache miss)
4445 http fetch GET 200 https://registry.npmjs.org/expo-application/-/expo-application-56.0.3.tgz 3667ms (cache miss)
4446 http fetch GET 200 https://registry.npmjs.org/which/-/which-2.0.2.tgz 3693ms (cache miss)
4447 http fetch GET 200 https://registry.npmjs.org/path-key/-/path-key-3.1.1.tgz 3733ms (cache miss)
4448 http fetch GET 200 https://registry.npmjs.org/commander/-/commander-7.2.0.tgz 3753ms (cache miss)
4449 http fetch GET 200 https://registry.npmjs.org/supports-color/-/supports-color-7.2.0.tgz 3758ms (cache miss)
4450 http fetch GET 200 https://registry.npmjs.org/@expo/image-utils/-/image-utils-0.10.0.tgz 3773ms (cache miss)
4451 http fetch GET 200 https://registry.npmjs.org/xmlbuilder/-/xmlbuilder-15.1.1.tgz 3776ms (cache miss)
4452 http fetch GET 200 https://registry.npmjs.org/shebang-command/-/shebang-command-2.0.0.tgz 3778ms (cache miss)
4453 http fetch GET 200 https://registry.npmjs.org/ansi-styles/-/ansi-styles-4.3.0.tgz 3807ms (cache miss)
4454 http fetch GET 200 https://registry.npmjs.org/base64-js/-/base64-js-1.5.1.tgz 3842ms (cache miss)
4455 http fetch GET 200 https://registry.npmjs.org/cross-spawn/-/cross-spawn-7.0.6.tgz 3860ms (cache miss)
4456 http fetch GET 200 https://registry.npmjs.org/metro-transform-worker/-/metro-transform-worker-0.84.4.tgz 3865ms (cache miss)
4457 http fetch GET 200 https://registry.npmjs.org/jimp-compact/-/jimp-compact-0.16.1.tgz 3867ms (cache miss)
4458 http fetch GET 200 https://registry.npmjs.org/hermes-compiler/-/hermes-compiler-250829098.0.10.tgz 3891ms (cache miss)
4459 http fetch GET 200 https://registry.npmjs.org/metro-symbolicate/-/metro-symbolicate-0.84.4.tgz 3929ms (cache miss)
4460 http fetch GET 200 https://registry.npmjs.org/metro-core/-/metro-core-0.84.4.tgz 3971ms (cache miss)
4461 http fetch GET 200 https://registry.npmjs.org/metro-transform-plugins/-/metro-transform-plugins-0.84.4.tgz 3973ms (cache miss)
4462 http fetch GET 200 https://registry.npmjs.org/@xmldom/xmldom/-/xmldom-0.8.13.tgz 3974ms (cache miss)
4463 http fetch GET 200 https://registry.npmjs.org/metro-source-map/-/metro-source-map-0.84.4.tgz 3988ms (cache miss)
4464 http fetch GET 200 https://registry.npmjs.org/metro-resolver/-/metro-resolver-0.84.4.tgz 3988ms (cache miss)
4465 http fetch GET 200 https://registry.npmjs.org/metro-cache/-/metro-cache-0.84.4.tgz 3999ms (cache miss)
4466 http fetch GET 200 https://registry.npmjs.org/@expo/expo-modules-macros-plugin/-/expo-modules-macros-plugin-0.0.9.tgz 4001ms (cache miss)
4467 http fetch GET 200 https://registry.npmjs.org/metro-minify-terser/-/metro-minify-terser-0.84.4.tgz 4007ms (cache miss)
4468 http fetch GET 200 https://registry.npmjs.org/metro-babel-transformer/-/metro-babel-transformer-0.84.4.tgz 4017ms (cache miss)
4469 http fetch GET 200 https://registry.npmjs.org/expo-modules-jsi/-/expo-modules-jsi-56.0.7.tgz 4017ms (cache miss)
4470 http fetch GET 200 https://registry.npmjs.org/resolve-from/-/resolve-from-5.0.0.tgz 4020ms (cache miss)
4471 http fetch GET 200 https://registry.npmjs.org/ignore/-/ignore-5.3.2.tgz 4054ms (cache miss)
4472 http fetch GET 200 https://registry.npmjs.org/metro-file-map/-/metro-file-map-0.84.4.tgz 4082ms (cache miss)
4473 http fetch GET 200 https://registry.npmjs.org/metro-cache-key/-/metro-cache-key-0.84.4.tgz 4095ms (cache miss)
4474 http fetch GET 200 https://registry.npmjs.org/xcode/-/xcode-3.0.1.tgz 4095ms (cache miss)
4475 http fetch GET 200 https://registry.npmjs.org/xml2js/-/xml2js-0.6.0.tgz 4101ms (cache miss)
4476 http fetch GET 200 https://registry.npmjs.org/chalk/-/chalk-4.1.2.tgz 4116ms (cache miss)
4477 http fetch GET 200 https://registry.npmjs.org/@expo/env/-/env-2.3.0.tgz 4117ms (cache miss)
4478 http fetch GET 200 https://registry.npmjs.org/minimatch/-/minimatch-10.2.5.tgz 4133ms (cache miss)
4479 http fetch GET 200 https://registry.npmjs.org/arg/-/arg-5.0.2.tgz 4137ms (cache miss)
4480 http fetch GET 200 https://registry.npmjs.org/metro/-/metro-0.84.4.tgz 4139ms (cache miss)
4481 http fetch GET 200 https://registry.npmjs.org/@expo/spawn-async/-/spawn-async-1.8.0.tgz 4145ms (cache miss)
4482 http fetch GET 200 https://registry.npmjs.org/slugify/-/slugify-1.6.9.tgz 4144ms (cache miss)
4483 http fetch GET 200 https://registry.npmjs.org/getenv/-/getenv-2.0.0.tgz 4146ms (cache miss)
4484 http fetch GET 200 https://registry.npmjs.org/@expo/sdk-runtime-versions/-/sdk-runtime-versions-1.0.0.tgz 4185ms (cache miss)
4485 http fetch GET 200 https://registry.npmjs.org/deepmerge/-/deepmerge-4.3.1.tgz 4217ms (cache miss)
4486 http fetch GET 200 https://registry.npmjs.org/resolve-workspace-root/-/resolve-workspace-root-2.0.1.tgz 4247ms (cache miss)
4487 http fetch GET 200 https://registry.npmjs.org/@expo/config-types/-/config-types-56.0.5.tgz 4262ms (cache miss)
4488 http fetch GET 200 https://registry.npmjs.org/pretty-format/-/pretty-format-29.7.0.tgz 4267ms (cache miss)
4489 http fetch GET 200 https://registry.npmjs.org/whatwg-url-minimum/-/whatwg-url-minimum-0.1.2.tgz 4303ms (cache miss)
4490 http fetch GET 200 https://registry.npmjs.org/@ungap/structured-clone/-/structured-clone-1.3.1.tgz 4357ms (cache miss)
4491 http fetch GET 200 https://registry.npmjs.org/@expo/plist/-/plist-0.7.0.tgz 4370ms (cache miss)
4492 http fetch GET 200 https://registry.npmjs.org/ms/-/ms-2.1.3.tgz 4391ms (cache miss)
4493 http fetch GET 200 https://registry.npmjs.org/@expo/metro/-/metro-56.0.0.tgz 4411ms (cache miss)
4494 http fetch GET 200 https://registry.npmjs.org/expo-modules-autolinking/-/expo-modules-autolinking-56.0.11.tgz 4430ms (cache miss)
4495 http fetch GET 200 https://registry.npmjs.org/@expo/local-build-cache-provider/-/local-build-cache-provider-56.0.7.tgz 4491ms (cache miss)
4496 http fetch GET 200 https://registry.npmjs.org/@expo/json-file/-/json-file-10.2.0.tgz 4512ms (cache miss)
4497 http fetch GET 200 https://registry.npmjs.org/@expo/require-utils/-/require-utils-56.1.2.tgz 4512ms (cache miss)
4498 http fetch GET 200 https://registry.npmjs.org/glob/-/glob-13.0.6.tgz 4517ms (cache miss)
4499 http fetch GET 200 https://registry.npmjs.org/@expo/config/-/config-56.0.8.tgz 4516ms (cache miss)
4500 http fetch GET 200 https://registry.npmjs.org/color-name/-/color-name-1.1.4.tgz 4564ms (cache miss)
4501 http fetch GET 200 https://registry.npmjs.org/simple-swizzle/-/simple-swizzle-0.2.4.tgz 4594ms (cache miss)
4502 http fetch GET 200 https://registry.npmjs.org/color-string/-/color-string-1.9.1.tgz 4594ms (cache miss)
4503 http fetch GET 200 https://registry.npmjs.org/color-convert/-/color-convert-2.0.1.tgz 4615ms (cache miss)
4504 http fetch GET 200 https://registry.npmjs.org/@babel/runtime/-/runtime-7.29.2.tgz 4632ms (cache miss)
4505 http fetch GET 200 https://registry.npmjs.org/update-browserslist-db/-/update-browserslist-db-1.2.3.tgz 4649ms (cache miss)
4506 http fetch GET 200 https://registry.npmjs.org/@expo/fingerprint/-/fingerprint-0.19.1.tgz 4659ms (cache miss)
4507 http fetch GET 200 https://registry.npmjs.org/node-releases/-/node-releases-2.0.46.tgz 4796ms (cache miss)
4508 http fetch GET 200 https://registry.npmjs.org/baseline-browser-mapping/-/baseline-browser-mapping-2.10.31.tgz 4798ms (cache miss)
4509 http fetch GET 200 https://registry.npmjs.org/core-js-compat/-/core-js-compat-3.49.0.tgz 4803ms (cache miss)
4510 http fetch GET 200 https://registry.npmjs.org/@expo/config-plugins/-/config-plugins-56.0.7.tgz 4826ms (cache miss)
4511 http fetch GET 200 https://registry.npmjs.org/electron-to-chromium/-/electron-to-chromium-1.5.361.tgz 4884ms (cache miss)
4512 http fetch GET 200 https://registry.npmjs.org/caniuse-lite/-/caniuse-lite-1.0.30001793.tgz 4924ms (cache miss)
4513 http fetch GET 200 https://registry.npmjs.org/query-string/-/query-string-7.1.3.tgz 4947ms (cache miss)
4514 http fetch GET 200 https://registry.npmjs.org/csstype/-/csstype-3.2.3.tgz 4947ms (cache miss)
4515 http fetch GET 200 https://registry.npmjs.org/lodash.debounce/-/lodash.debounce-4.0.8.tgz 4967ms (cache miss)
4516 http fetch GET 200 https://registry.npmjs.org/@babel/helper-define-polyfill-provider/-/helper-define-polyfill-provider-0.6.8.tgz 4968ms (cache miss)
4517 http fetch GET 200 https://registry.npmjs.org/react-is/-/react-is-19.2.6.tgz 4989ms (cache miss)
4518 http fetch GET 200 https://registry.npmjs.org/@react-navigation/routers/-/routers-7.5.5.tgz 5020ms (cache miss)
4519 http fetch GET 200 https://registry.npmjs.org/@expo/devtools/-/devtools-56.0.2.tgz 5048ms (cache miss)
4520 http fetch GET 200 https://registry.npmjs.org/nanoid/-/nanoid-3.3.12.tgz 5063ms (cache miss)
4521 http fetch GET 200 https://registry.npmjs.org/escape-string-regexp/-/escape-string-regexp-4.0.0.tgz 5063ms (cache miss)
4522 http fetch GET 200 https://registry.npmjs.org/resolve/-/resolve-1.22.12.tgz 5086ms (cache miss)
4523 http fetch GET 200 https://registry.npmjs.org/fast-deep-equal/-/fast-deep-equal-3.1.3.tgz 5098ms (cache miss)
4524 http fetch GET 200 https://registry.npmjs.org/use-latest-callback/-/use-latest-callback-0.2.6.tgz 5194ms (cache miss)
4525 http fetch GET 200 https://registry.npmjs.org/sf-symbols-typescript/-/sf-symbols-typescript-2.2.0.tgz 5193ms (cache miss)
4526 http fetch GET 200 https://registry.npmjs.org/use-sync-external-store/-/use-sync-external-store-1.6.0.tgz 5216ms (cache miss)
4527 http fetch GET 200 https://registry.npmjs.org/tinyglobby/-/tinyglobby-0.2.16.tgz 5227ms (cache miss)
4528 http fetch GET 200 https://registry.npmjs.org/babel-plugin-polyfill-regenerator/-/babel-plugin-polyfill-regenerator-0.6.8.tgz 5250ms (cache miss)
4529 http fetch GET 200 https://registry.npmjs.org/color/-/color-4.2.3.tgz 5276ms (cache miss)
4530 http fetch GET 200 https://registry.npmjs.org/@react-navigation/core/-/core-7.17.4.tgz 5290ms (cache miss)
4531 http fetch GET 200 https://registry.npmjs.org/invariant/-/invariant-2.2.4.tgz 5344ms (cache miss)
4532 http fetch GET 200 https://registry.npmjs.org/yargs/-/yargs-17.7.2.tgz 5366ms (cache miss)
4533 http fetch GET 200 https://registry.npmjs.org/@babel/plugin-syntax-jsx/-/plugin-syntax-jsx-7.28.6.tgz 5371ms (cache miss)
4534 http fetch GET 200 https://registry.npmjs.org/babel-plugin-polyfill-corejs2/-/babel-plugin-polyfill-corejs2-0.4.17.tgz 5371ms (cache miss)
4535 http fetch GET 200 https://registry.npmjs.org/@react-navigation/elements/-/elements-2.9.18.tgz 5372ms (cache miss)
4536 http fetch GET 200 https://registry.npmjs.org/@babel/plugin-syntax-typescript/-/plugin-syntax-typescript-7.28.6.tgz 5402ms (cache miss)
4537 http fetch GET 200 https://registry.npmjs.org/babel-plugin-polyfill-corejs3/-/babel-plugin-polyfill-corejs3-0.13.0.tgz 5508ms (cache miss)
4538 http fetch GET 200 https://registry.npmjs.org/regexpu-core/-/regexpu-core-6.4.0.tgz 5511ms (cache miss)
4539 http fetch GET 200 https://registry.npmjs.org/@react-native/codegen/-/codegen-0.85.3.tgz 5544ms (cache miss)
4540 http fetch GET 200 https://registry.npmjs.org/@babel/helper-create-regexp-features-plugin/-/helper-create-regexp-features-plugin-7.28.5.tgz 5549ms (cache miss)
4541 http fetch GET 200 https://registry.npmjs.org/@babel/helper-replace-supers/-/helper-replace-supers-7.28.6.tgz 5552ms (cache miss)
4542 http fetch GET 200 https://registry.npmjs.org/@babel/helper-skip-transparent-expression-wrappers/-/helper-skip-transparent-expression-wrappers-7.27.1.tgz 5578ms (cache miss)
4543 http fetch GET 200 https://registry.npmjs.org/@babel/helper-member-expression-to-functions/-/helper-member-expression-to-functions-7.28.5.tgz 5588ms (cache miss)
4544 http fetch GET 200 https://registry.npmjs.org/@babel/plugin-syntax-flow/-/plugin-syntax-flow-7.28.6.tgz 5632ms (cache miss)
4545 http fetch GET 200 https://registry.npmjs.org/@babel/helper-wrap-function/-/helper-wrap-function-7.28.6.tgz 5670ms (cache miss)
4546 http fetch GET 200 https://registry.npmjs.org/@babel/helper-optimise-call-expression/-/helper-optimise-call-expression-7.27.1.tgz 5693ms (cache miss)
4547 http fetch GET 200 https://registry.npmjs.org/react-refresh/-/react-refresh-0.14.2.tgz 5693ms (cache miss)
4548 http fetch GET 200 https://registry.npmjs.org/@babel/helper-remap-async-to-generator/-/helper-remap-async-to-generator-7.27.1.tgz 5702ms (cache miss)
4549 http fetch GET 200 https://registry.npmjs.org/@babel/helper-annotate-as-pure/-/helper-annotate-as-pure-7.27.3.tgz 5732ms (cache miss)
4550 http fetch GET 200 https://registry.npmjs.org/@babel/helper-plugin-utils/-/helper-plugin-utils-7.28.6.tgz 5789ms (cache miss)
4551 http fetch GET 200 https://registry.npmjs.org/@react-native/babel-plugin-codegen/-/babel-plugin-codegen-0.85.3.tgz 5789ms (cache miss)
4552 http fetch GET 200 https://registry.npmjs.org/babel-plugin-transform-flow-enums/-/babel-plugin-transform-flow-enums-0.0.2.tgz 5790ms (cache miss)
4553 http fetch GET 200 https://registry.npmjs.org/babel-plugin-syntax-hermes-parser/-/babel-plugin-syntax-hermes-parser-0.33.3.tgz 5803ms (cache miss)
4554 http fetch GET 200 https://registry.npmjs.org/@babel/plugin-transform-typescript/-/plugin-transform-typescript-7.28.6.tgz 5807ms (cache miss)
4555 http fetch GET 200 https://registry.npmjs.org/@babel/plugin-transform-react-jsx-self/-/plugin-transform-react-jsx-self-7.27.1.tgz 5812ms (cache miss)
4556 http fetch GET 200 https://registry.npmjs.org/@babel/helper-create-class-features-plugin/-/helper-create-class-features-plugin-7.29.3.tgz 5828ms (cache miss)
4557 http fetch GET 200 https://registry.npmjs.org/@babel/plugin-transform-regenerator/-/plugin-transform-regenerator-7.29.0.tgz 5843ms (cache miss)
4558 http fetch GET 200 https://registry.npmjs.org/@babel/plugin-transform-react-jsx-source/-/plugin-transform-react-jsx-source-7.27.1.tgz 5897ms (cache miss)
4559 http fetch GET 200 https://registry.npmjs.org/@babel/plugin-transform-react-display-name/-/plugin-transform-react-display-name-7.28.0.tgz 5932ms (cache miss)
4560 http fetch GET 200 https://registry.npmjs.org/@babel/plugin-transform-unicode-regex/-/plugin-transform-unicode-regex-7.27.1.tgz 5935ms (cache miss)
4561 http fetch GET 200 https://registry.npmjs.org/@babel/plugin-transform-private-property-in-object/-/plugin-transform-private-property-in-object-7.28.6.tgz 5936ms (cache miss)
4562 http fetch GET 200 https://registry.npmjs.org/@babel/plugin-transform-runtime/-/plugin-transform-runtime-7.29.0.tgz 5949ms (cache miss)
4563 http fetch GET 200 https://registry.npmjs.org/@babel/plugin-transform-nullish-coalescing-operator/-/plugin-transform-nullish-coalescing-operator-7.28.6.tgz 5955ms (cache miss)
4564 http fetch GET 200 https://registry.npmjs.org/@babel/plugin-transform-react-jsx/-/plugin-transform-react-jsx-7.28.6.tgz 5960ms (cache miss)
4565 http fetch GET 200 https://registry.npmjs.org/@babel/plugin-transform-optional-chaining/-/plugin-transform-optional-chaining-7.28.6.tgz 5963ms (cache miss)
4566 http fetch GET 200 https://registry.npmjs.org/@babel/plugin-transform-optional-catch-binding/-/plugin-transform-optional-catch-binding-7.28.6.tgz 5963ms (cache miss)
4567 http fetch GET 200 https://registry.npmjs.org/@babel/plugin-transform-modules-commonjs/-/plugin-transform-modules-commonjs-7.28.6.tgz 5982ms (cache miss)
4568 http fetch GET 200 https://registry.npmjs.org/@babel/plugin-transform-private-methods/-/plugin-transform-private-methods-7.28.6.tgz 6008ms (cache miss)
4569 http fetch GET 200 https://registry.npmjs.org/@babel/plugin-transform-for-of/-/plugin-transform-for-of-7.27.1.tgz 6012ms (cache miss)
4570 http fetch GET 200 https://registry.npmjs.org/@babel/plugin-transform-class-properties/-/plugin-transform-class-properties-7.28.6.tgz 6053ms (cache miss)
4571 http fetch GET 200 https://registry.npmjs.org/@babel/plugin-transform-flow-strip-types/-/plugin-transform-flow-strip-types-7.27.1.tgz 6079ms (cache miss)
4572 http fetch GET 200 https://registry.npmjs.org/@babel/plugin-transform-named-capturing-groups-regex/-/plugin-transform-named-capturing-groups-regex-7.29.0.tgz 6088ms (cache miss)
4573 http fetch GET 200 https://registry.npmjs.org/@babel/plugin-transform-classes/-/plugin-transform-classes-7.28.6.tgz 6101ms (cache miss)
4574 http fetch GET 200 https://registry.npmjs.org/@babel/plugin-transform-async-generator-functions/-/plugin-transform-async-generator-functions-7.29.0.tgz 6101ms (cache miss)
4575 http fetch GET 200 https://registry.npmjs.org/@babel/plugin-transform-async-to-generator/-/plugin-transform-async-to-generator-7.28.6.tgz 6125ms (cache miss)
4576 http fetch GET 200 https://registry.npmjs.org/@babel/plugin-transform-destructuring/-/plugin-transform-destructuring-7.28.5.tgz 6126ms (cache miss)
4577 http fetch GET 200 https://registry.npmjs.org/@babel/plugin-syntax-nullish-coalescing-operator/-/plugin-syntax-nullish-coalescing-operator-7.8.3.tgz 6128ms (cache miss)
4578 http fetch GET 200 https://registry.npmjs.org/@babel/plugin-transform-block-scoping/-/plugin-transform-block-scoping-7.28.6.tgz 6139ms (cache miss)
4579 http fetch GET 200 https://registry.npmjs.org/@babel/plugin-syntax-optional-chaining/-/plugin-syntax-optional-chaining-7.8.3.tgz 6148ms (cache miss)
4580 http fetch GET 200 https://registry.npmjs.org/@babel/plugin-syntax-export-default-from/-/plugin-syntax-export-default-from-7.28.6.tgz 6170ms (cache miss)
4581 http fetch GET 200 https://registry.npmjs.org/@babel/plugin-syntax-dynamic-import/-/plugin-syntax-dynamic-import-7.8.3.tgz 6175ms (cache miss)
4582 http fetch GET 200 https://registry.npmjs.org/nullthrows/-/nullthrows-1.1.1.tgz 6200ms (cache miss)
4583 http fetch GET 200 https://registry.npmjs.org/@babel/plugin-proposal-export-default-from/-/plugin-proposal-export-default-from-7.27.1.tgz 6214ms (cache miss)
4584 http fetch GET 200 https://registry.npmjs.org/metro-config/-/metro-config-0.84.4.tgz 6221ms (cache miss)
4585 http fetch GET 200 https://registry.npmjs.org/@react-native/js-polyfills/-/js-polyfills-0.85.3.tgz 6244ms (cache miss)
4586 http fetch GET 200 https://registry.npmjs.org/metro-runtime/-/metro-runtime-0.84.4.tgz 6252ms (cache miss)
4587 http fetch GET 200 https://registry.npmjs.org/idb/-/idb-8.0.3.tgz 6261ms (cache miss)
4588 http fetch GET 200 https://registry.npmjs.org/@jridgewell/sourcemap-codec/-/sourcemap-codec-1.5.5.tgz 6271ms (cache miss)
4589 http fetch GET 200 https://registry.npmjs.org/@babel/helper-string-parser/-/helper-string-parser-7.27.1.tgz 6279ms (cache miss)
4590 http fetch GET 200 https://registry.npmjs.org/expo-modules-core/-/expo-modules-core-56.0.12.tgz 6310ms (cache miss)
4591 http fetch GET 200 https://registry.npmjs.org/@jridgewell/resolve-uri/-/resolve-uri-3.1.2.tgz 6308ms (cache miss)
4592 http fetch GET 200 https://registry.npmjs.org/@babel/helper-globals/-/helper-globals-7.28.0.tgz 6316ms (cache miss)
4593 http fetch GET 200 https://registry.npmjs.org/browserslist/-/browserslist-4.28.2.tgz 6327ms (cache miss)
4594 http fetch GET 200 https://registry.npmjs.org/@babel/compat-data/-/compat-data-7.29.3.tgz 6336ms (cache miss)
4595 http fetch GET 200 https://registry.npmjs.org/lru-cache/-/lru-cache-5.1.1.tgz 6345ms (cache miss)
4596 http fetch GET 200 https://registry.npmjs.org/jsesc/-/jsesc-3.1.0.tgz 6356ms (cache miss)
4597 http fetch GET 200 https://registry.npmjs.org/picocolors/-/picocolors-1.1.1.tgz 6368ms (cache miss)
4598 http fetch GET 200 https://registry.npmjs.org/@jridgewell/gen-mapping/-/gen-mapping-0.3.13.tgz 6377ms (cache miss)
4599 http fetch GET 200 https://registry.npmjs.org/@react-native/babel-preset/-/babel-preset-0.85.3.tgz 6398ms (cache miss)
4600 http fetch GET 200 https://registry.npmjs.org/js-tokens/-/js-tokens-4.0.0.tgz 6415ms (cache miss)
4601 http fetch GET 200 https://registry.npmjs.org/@babel/helper-validator-option/-/helper-validator-option-7.27.1.tgz 6416ms (cache miss)
4602 http fetch GET 200 https://registry.npmjs.org/@jridgewell/trace-mapping/-/trace-mapping-0.3.31.tgz 6421ms (cache miss)
4603 http fetch GET 200 https://registry.npmjs.org/hermes-parser/-/hermes-parser-0.33.3.tgz 6423ms (cache miss)
4604 http fetch GET 200 https://registry.npmjs.org/@babel/helper-validator-identifier/-/helper-validator-identifier-7.28.5.tgz 6441ms (cache miss)
4605 http fetch GET 200 https://registry.npmjs.org/@react-native/metro-babel-transformer/-/metro-babel-transformer-0.85.3.tgz 6449ms (cache miss)
4606 http fetch GET 200 https://registry.npmjs.org/json5/-/json5-2.2.3.tgz 6449ms (cache miss)
4607 http fetch GET 200 https://registry.npmjs.org/@babel/helper-module-imports/-/helper-module-imports-7.28.6.tgz 6455ms (cache miss)
4608 http fetch GET 200 https://registry.npmjs.org/debug/-/debug-4.4.3.tgz 6477ms (cache miss)
4609 http fetch GET 200 https://registry.npmjs.org/convert-source-map/-/convert-source-map-2.0.0.tgz 6477ms (cache miss)
4610 http fetch GET 200 https://registry.npmjs.org/semver/-/semver-6.3.1.tgz 6486ms (cache miss)
4611 http fetch GET 200 https://registry.npmjs.org/@jridgewell/remapping/-/remapping-2.3.5.tgz 6496ms (cache miss)
4612 http fetch GET 200 https://registry.npmjs.org/gensync/-/gensync-1.0.0-beta.2.tgz 6497ms (cache miss)
4613 http fetch GET 200 https://registry.npmjs.org/@babel/template/-/template-7.28.6.tgz 6545ms (cache miss)
4614 http fetch GET 200 https://registry.npmjs.org/@babel/helper-module-transforms/-/helper-module-transforms-7.28.6.tgz 6553ms (cache miss)
4615 http fetch GET 200 https://registry.npmjs.org/@babel/helpers/-/helpers-7.29.2.tgz 6580ms (cache miss)
4616 http fetch GET 200 https://registry.npmjs.org/@babel/helper-compilation-targets/-/helper-compilation-targets-7.28.6.tgz 6583ms (cache miss)
4617 http fetch GET 200 https://registry.npmjs.org/@babel/code-frame/-/code-frame-7.29.0.tgz 6593ms (cache miss)
4618 http fetch GET 200 https://registry.npmjs.org/@babel/types/-/types-7.29.0.tgz 6605ms (cache miss)
4619 http fetch GET 200 https://registry.npmjs.org/@babel/traverse/-/traverse-7.29.0.tgz 6630ms (cache miss)
4620 http fetch GET 200 https://registry.npmjs.org/zustand/-/zustand-5.0.13.tgz 6630ms (cache miss)
4621 http fetch GET 200 https://registry.npmjs.org/@babel/generator/-/generator-7.29.1.tgz 6675ms (cache miss)
4622 http fetch GET 200 https://registry.npmjs.org/uuid/-/uuid-14.0.0.tgz 6842ms (cache miss)
4623 http fetch GET 200 https://registry.npmjs.org/react-native-screens/-/react-native-screens-4.25.2.tgz 6885ms (cache miss)
4624 http fetch GET 200 https://registry.npmjs.org/@babel/core/-/core-7.29.0.tgz 7124ms (cache miss)
4625 http fetch GET 200 https://registry.npmjs.org/@babel/parser/-/parser-7.29.3.tgz 7128ms (cache miss)
4626 http fetch GET 200 https://registry.npmjs.org/react-native-safe-area-context/-/react-native-safe-area-context-5.8.0.tgz 7148ms (cache miss)
4627 http fetch GET 200 https://registry.npmjs.org/expo-status-bar/-/expo-status-bar-56.0.4.tgz 7189ms (cache miss)
4628 http fetch GET 200 https://registry.npmjs.org/expo-task-manager/-/expo-task-manager-56.0.13.tgz 7203ms (cache miss)
4629 http fetch GET 200 https://registry.npmjs.org/expo-keep-awake/-/expo-keep-awake-56.0.3.tgz 7220ms (cache miss)
4630 http fetch GET 200 https://registry.npmjs.org/@react-native/metro-config/-/metro-config-0.85.3.tgz 7341ms (cache miss)
4631 http fetch GET 200 https://registry.npmjs.org/typescript/-/typescript-6.0.3.tgz 7455ms (cache miss)
4632 http fetch GET 200 https://registry.npmjs.org/expo-haptics/-/expo-haptics-56.0.3.tgz 7475ms (cache miss)
4633 http fetch GET 200 https://registry.npmjs.org/react-native-reanimated/-/react-native-reanimated-4.3.1.tgz 7510ms (cache miss)
4634 http fetch GET 200 https://registry.npmjs.org/react-native-gesture-handler/-/react-native-gesture-handler-2.31.2.tgz 7536ms (cache miss)
4635 http fetch GET 200 https://registry.npmjs.org/@react-navigation/bottom-tabs/-/bottom-tabs-7.16.1.tgz 7553ms (cache miss)
4636 http fetch GET 200 https://registry.npmjs.org/react-native-worklets/-/react-native-worklets-0.8.3.tgz 7580ms (cache miss)
4637 http fetch GET 200 https://registry.npmjs.org/@types/react/-/react-19.2.15.tgz 7613ms (cache miss)
4638 http fetch GET 200 https://registry.npmjs.org/@react-navigation/native/-/native-7.2.4.tgz 7887ms (cache miss)
4639 http fetch GET 200 https://registry.npmjs.org/expo/-/expo-56.0.3.tgz 7889ms (cache miss)
4640 http fetch GET 200 https://registry.npmjs.org/react-native-svg/-/react-native-svg-15.15.5.tgz 8018ms (cache miss)
4641 http fetch GET 200 https://registry.npmjs.org/react/-/react-19.2.3.tgz 8024ms (cache miss)
4642 http fetch GET 200 https://registry.npmjs.org/color-convert/-/color-convert-1.9.3.tgz 8106ms (cache miss)
4643 http fetch GET 200 https://registry.npmjs.org/type-fest/-/type-fest-0.21.3.tgz 8116ms (cache miss)
4644 http fetch GET 200 https://registry.npmjs.org/has-flag/-/has-flag-3.0.0.tgz 8128ms (cache miss)
4645 http fetch GET 200 https://registry.npmjs.org/supports-color/-/supports-color-5.5.0.tgz 8173ms (cache miss)
4646 http fetch GET 200 https://registry.npmjs.org/react-devtools-core/-/react-devtools-core-6.1.5.tgz 8197ms (cache miss)
4647 http fetch GET 200 https://registry.npmjs.org/color-name/-/color-name-1.1.3.tgz 8174ms (cache miss)
4648 http fetch GET 200 https://registry.npmjs.org/ansi-styles/-/ansi-styles-3.2.1.tgz 8182ms (cache miss)
4649 http fetch GET 200 https://registry.npmjs.org/expo-av/-/expo-av-16.0.8.tgz 8185ms (cache miss)
4650 http fetch GET 200 https://registry.npmjs.org/escape-string-regexp/-/escape-string-regexp-1.0.5.tgz 8245ms (cache miss)
4651 http fetch GET 200 https://registry.npmjs.org/lru-cache/-/lru-cache-10.4.3.tgz 8248ms (cache miss)
4652 http fetch GET 200 https://registry.npmjs.org/supports-color/-/supports-color-5.5.0.tgz 8285ms (cache miss)
4653 http fetch GET 200 https://registry.npmjs.org/has-flag/-/has-flag-3.0.0.tgz 8286ms (cache miss)
4654 http fetch GET 200 https://registry.npmjs.org/ansi-regex/-/ansi-regex-4.1.1.tgz 8286ms (cache miss)
4655 http fetch GET 200 https://registry.npmjs.org/chalk/-/chalk-2.4.2.tgz 8286ms (cache miss)
4656 http fetch GET 200 https://registry.npmjs.org/color-name/-/color-name-1.1.3.tgz 8291ms (cache miss)
4657 http fetch GET 200 https://registry.npmjs.org/color-convert/-/color-convert-1.9.3.tgz 8291ms (cache miss)
4658 http fetch GET 200 https://registry.npmjs.org/ansi-styles/-/ansi-styles-3.2.1.tgz 8298ms (cache miss)
4659 http fetch GET 200 https://registry.npmjs.org/escape-string-regexp/-/escape-string-regexp-1.0.5.tgz 8298ms (cache miss)
4660 http fetch GET 200 https://registry.npmjs.org/strip-ansi/-/strip-ansi-5.2.0.tgz 8298ms (cache miss)
4661 http fetch GET 200 https://registry.npmjs.org/expo-notifications/-/expo-notifications-56.0.12.tgz 8301ms (cache miss)
4662 http fetch GET 200 https://registry.npmjs.org/negotiator/-/negotiator-0.6.4.tgz 8306ms (cache miss)
4663 http fetch GET 200 https://registry.npmjs.org/ms/-/ms-2.0.0.tgz 8360ms (cache miss)
4664 http fetch GET 200 https://registry.npmjs.org/statuses/-/statuses-2.0.2.tgz 8373ms (cache miss)
4665 http fetch GET 200 https://registry.npmjs.org/debug/-/debug-3.2.7.tgz 8422ms (cache miss)
4666 http fetch GET 200 https://registry.npmjs.org/statuses/-/statuses-2.0.2.tgz 8422ms (cache miss)
4667 http fetch GET 200 https://registry.npmjs.org/debug/-/debug-2.6.9.tgz 8430ms (cache miss)
4668 http fetch GET 200 https://registry.npmjs.org/encodeurl/-/encodeurl-2.0.0.tgz 8431ms (cache miss)
4669 http fetch GET 200 https://registry.npmjs.org/chalk/-/chalk-2.4.2.tgz 8436ms (cache miss)
4670 http fetch GET 200 https://registry.npmjs.org/debug/-/debug-2.6.9.tgz 8437ms (cache miss)
4671 http fetch GET 200 https://registry.npmjs.org/semver/-/semver-7.8.1.tgz 8447ms (cache miss)
4672 http fetch GET 200 https://registry.npmjs.org/semver/-/semver-7.8.1.tgz 8447ms (cache miss)
4673 http fetch GET 200 https://registry.npmjs.org/source-map/-/source-map-0.6.1.tgz 8451ms (cache miss)
4674 http fetch GET 200 https://registry.npmjs.org/@xmldom/xmldom/-/xmldom-0.9.10.tgz 8464ms (cache miss)
4675 http fetch GET 200 https://registry.npmjs.org/ms/-/ms-2.0.0.tgz 8463ms (cache miss)
4676 http fetch GET 200 https://registry.npmjs.org/source-map/-/source-map-0.6.1.tgz 8482ms (cache miss)
4677 http fetch GET 200 https://registry.npmjs.org/on-finished/-/on-finished-2.4.1.tgz 8486ms (cache miss)
4678 http fetch GET 200 https://registry.npmjs.org/react-is/-/react-is-16.13.1.tgz 8498ms (cache miss)
4679 http fetch GET 200 https://registry.npmjs.org/ms/-/ms-2.0.0.tgz 8547ms (cache miss)
4680 http fetch GET 200 https://registry.npmjs.org/encodeurl/-/encodeurl-2.0.0.tgz 8564ms (cache miss)
4681 http fetch GET 200 https://registry.npmjs.org/supports-color/-/supports-color-8.1.1.tgz 8564ms (cache miss)
4682 http fetch GET 200 https://registry.npmjs.org/debug/-/debug-2.6.9.tgz 8567ms (cache miss)
4683 http fetch GET 200 https://registry.npmjs.org/ms/-/ms-2.0.0.tgz 8567ms (cache miss)
4684 http fetch GET 200 https://registry.npmjs.org/ci-info/-/ci-info-3.9.0.tgz 8567ms (cache miss)
4685 http fetch GET 200 https://registry.npmjs.org/debug/-/debug-2.6.9.tgz 8568ms (cache miss)
4686 http fetch GET 200 https://registry.npmjs.org/semver/-/semver-7.8.1.tgz 8577ms (cache miss)
4687 http fetch GET 200 https://registry.npmjs.org/commander/-/commander-2.20.3.tgz 8582ms (cache miss)
4688 http fetch GET 200 https://registry.npmjs.org/hermes-estree/-/hermes-estree-0.35.0.tgz 8582ms (cache miss)
4689 http fetch GET 200 https://registry.npmjs.org/debug/-/debug-2.6.9.tgz 8590ms (cache miss)
4690 http fetch GET 200 https://registry.npmjs.org/ms/-/ms-2.0.0.tgz 8621ms (cache miss)
4691 http fetch GET 200 https://registry.npmjs.org/semver/-/semver-7.8.1.tgz 8666ms (cache miss)
4692 http fetch GET 200 https://registry.npmjs.org/lru-cache/-/lru-cache-11.5.0.tgz 8725ms (cache miss)
4693 http fetch GET 200 https://registry.npmjs.org/hermes-estree/-/hermes-estree-0.35.0.tgz 8772ms (cache miss)
4694 http fetch GET 200 https://registry.npmjs.org/ansi-styles/-/ansi-styles-5.2.0.tgz 8781ms (cache miss)
4695 http fetch GET 200 https://registry.npmjs.org/uuid/-/uuid-7.0.3.tgz 8787ms (cache miss)
4696 warn deprecated uuid@7.0.3: uuid@10 and below is no longer supported.  For ESM codebases, update to uuid@latest.  For CommonJS codebases, use uuid@11 (but be aware this version will likely be deprecated in 2028).
4697 http fetch GET 200 https://registry.npmjs.org/react-is/-/react-is-18.3.1.tgz 8803ms (cache miss)
4698 http fetch GET 200 https://registry.npmjs.org/negotiator/-/negotiator-0.6.3.tgz 8804ms (cache miss)
4699 http fetch GET 200 https://registry.npmjs.org/fdir/-/fdir-6.5.0.tgz 8804ms (cache miss)
4700 http fetch GET 200 https://registry.npmjs.org/semver/-/semver-7.8.1.tgz 8816ms (cache miss)
4701 http fetch GET 200 https://registry.npmjs.org/semver/-/semver-7.8.1.tgz 8822ms (cache miss)
4702 http fetch GET 200 https://registry.npmjs.org/semver/-/semver-7.8.1.tgz 8833ms (cache miss)
4703 http fetch GET 200 https://registry.npmjs.org/xmlbuilder/-/xmlbuilder-11.0.1.tgz 8874ms (cache miss)
4704 http fetch GET 200 https://registry.npmjs.org/hermes-parser/-/hermes-parser-0.35.0.tgz 8888ms (cache miss)
4705 http fetch GET 200 https://registry.npmjs.org/ws/-/ws-8.20.1.tgz 8895ms (cache miss)
4706 http fetch GET 200 https://registry.npmjs.org/semver/-/semver-7.8.1.tgz 8935ms (cache miss)
4707 http fetch GET 200 https://registry.npmjs.org/mime-types/-/mime-types-2.1.35.tgz 9004ms (cache miss)
4708 http fetch GET 200 https://registry.npmjs.org/semver/-/semver-7.8.1.tgz 9010ms (cache miss)
4709 http fetch GET 200 https://registry.npmjs.org/semver/-/semver-7.8.1.tgz 9011ms (cache miss)
4710 http fetch GET 200 https://registry.npmjs.org/hermes-parser/-/hermes-parser-0.35.0.tgz 9023ms (cache miss)
4711 http fetch GET 200 https://registry.npmjs.org/ci-info/-/ci-info-3.9.0.tgz 9037ms (cache miss)
4712 http fetch GET 200 https://registry.npmjs.org/accepts/-/accepts-1.3.8.tgz 9037ms (cache miss)
4713 http fetch GET 200 https://registry.npmjs.org/mime-db/-/mime-db-1.52.0.tgz 9039ms (cache miss)
4714 http fetch GET 200 https://registry.npmjs.org/expo-asset/-/expo-asset-56.0.13.tgz 9066ms (cache miss)
4715 http fetch GET 200 https://registry.npmjs.org/picomatch/-/picomatch-4.0.4.tgz 9068ms (cache miss)
4716 http fetch GET 200 https://registry.npmjs.org/react-native/-/react-native-0.85.3.tgz 9097ms (cache miss)
4717 http fetch GET 200 https://registry.npmjs.org/babel-preset-expo/-/babel-preset-expo-56.0.11.tgz 9129ms (cache miss)
4718 http fetch GET 200 https://registry.npmjs.org/@expo/metro-config/-/metro-config-56.0.11.tgz 9162ms (cache miss)
4719 http fetch GET 200 https://registry.npmjs.org/@expo/dom-webview/-/dom-webview-56.0.5.tgz 9444ms (cache miss)
4720 http fetch GET 200 https://registry.npmjs.org/commander/-/commander-12.1.0.tgz 9534ms (cache miss)
4721 http fetch GET 200 https://registry.npmjs.org/picomatch/-/picomatch-4.0.4.tgz 9534ms (cache miss)
4722 http fetch GET 200 https://registry.npmjs.org/uuid 9479ms (cache miss)
4723 silly packumentCache corgi:https://registry.npmjs.org/uuid set size:undefined disposed:false
4724 http fetch GET 200 https://registry.npmjs.org/semver/-/semver-7.8.1.tgz 9682ms (cache miss)
4725 silly packumentCache corgi:https://registry.npmjs.org/xcode cache-miss
4726 http fetch GET 200 https://registry.npmjs.org/@expo/router-server/-/router-server-56.0.11.tgz 9763ms (cache miss)
4727 http fetch GET 200 https://registry.npmjs.org/@expo/log-box/-/log-box-56.0.12.tgz 9834ms (cache miss)
4728 http fetch GET 200 https://registry.npmjs.org/@expo/cli/-/cli-56.1.10.tgz 9864ms (cache miss)
4729 http fetch GET 200 https://registry.npmjs.org/@react-native-async-storage/async-storage/-/async-storage-3.1.0.tgz 10045ms (cache miss)
4730 http fetch GET 200 https://registry.npmjs.org/xcode 418ms (cache miss)
4731 silly packumentCache corgi:https://registry.npmjs.org/xcode set size:undefined disposed:false
4732 silly packumentCache corgi:https://registry.npmjs.org/@expo%2fconfig-plugins cache-miss
4733 http fetch GET 200 https://registry.npmjs.org/@expo%2fconfig-plugins 189ms (cache miss)
4734 silly packumentCache corgi:https://registry.npmjs.org/@expo%2fconfig-plugins set size:undefined disposed:false
4735 silly packumentCache corgi:https://registry.npmjs.org/expo cache-miss
4736 silly packumentCache corgi:https://registry.npmjs.org/@expo%2fcli cache-miss
4737 silly packumentCache corgi:https://registry.npmjs.org/@expo%2fconfig cache-miss
4738 silly packumentCache corgi:https://registry.npmjs.org/@expo%2finline-modules cache-miss
4739 silly packumentCache corgi:https://registry.npmjs.org/@expo%2fprebuild-config cache-miss
4740 http fetch GET 200 https://registry.npmjs.org/expo-file-system/-/expo-file-system-56.0.7.tgz 10349ms (cache miss)
4741 http fetch GET 200 https://registry.npmjs.org/@expo%2fconfig 176ms (cache miss)
4742 silly packumentCache corgi:https://registry.npmjs.org/@expo%2fconfig set size:undefined disposed:false
4743 http fetch GET 200 https://registry.npmjs.org/@expo%2fprebuild-config 208ms (cache miss)
4744 silly packumentCache corgi:https://registry.npmjs.org/@expo%2fprebuild-config set size:undefined disposed:false
4745 http fetch GET 200 https://registry.npmjs.org/@expo%2fcli 222ms (cache miss)
4746 silly packumentCache corgi:https://registry.npmjs.org/@expo%2fcli set size:undefined disposed:false
4747 http fetch GET 200 https://registry.npmjs.org/expo-font/-/expo-font-56.0.5.tgz 10592ms (cache miss)
4748 info run msgpackr-extract@3.0.3 install node_modules/msgpackr-extract node-gyp-build-optional-packages
4749 http fetch GET 200 https://registry.npmjs.org/expo 271ms (cache miss)
4750 silly packumentCache corgi:https://registry.npmjs.org/expo set size:undefined disposed:false
4751 http fetch GET 200 https://registry.npmjs.org/@expo%2finline-modules 289ms (cache miss)
4752 silly packumentCache corgi:https://registry.npmjs.org/@expo%2finline-modules set size:undefined disposed:false
4753 silly packumentCache corgi:https://registry.npmjs.org/@expo%2flocal-build-cache-provider cache-miss
4754 silly packumentCache corgi:https://registry.npmjs.org/@expo%2fmetro-config cache-miss
4755 http fetch GET 200 https://registry.npmjs.org/@expo%2flocal-build-cache-provider 232ms (cache miss)
4756 silly packumentCache corgi:https://registry.npmjs.org/@expo%2flocal-build-cache-provider set size:undefined disposed:false
4757 http fetch GET 200 https://registry.npmjs.org/@expo%2fmetro-config 370ms (cache miss)
4758 silly packumentCache corgi:https://registry.npmjs.org/@expo%2fmetro-config set size:undefined disposed:false
4759 silly packumentCache corgi:https://registry.npmjs.org/expo-av cache-miss
4760 silly packumentCache corgi:https://registry.npmjs.org/expo-haptics cache-miss
4761 silly packumentCache corgi:https://registry.npmjs.org/expo-keep-awake cache-miss
4762 silly packumentCache corgi:https://registry.npmjs.org/expo-notifications cache-miss
4763 silly packumentCache corgi:https://registry.npmjs.org/expo-status-bar cache-miss
4764 silly packumentCache corgi:https://registry.npmjs.org/expo-task-manager cache-miss
4765 silly packumentCache corgi:https://registry.npmjs.org/@expo%2fdom-webview cache-miss
4766 silly packumentCache corgi:https://registry.npmjs.org/@expo%2flog-box cache-miss
4767 silly packumentCache corgi:https://registry.npmjs.org/babel-preset-expo cache-miss
4768 silly packumentCache corgi:https://registry.npmjs.org/expo-asset cache-miss
4769 silly packumentCache corgi:https://registry.npmjs.org/expo-file-system cache-miss
4770 silly packumentCache corgi:https://registry.npmjs.org/expo-font cache-miss
4771 silly packumentCache corgi:https://registry.npmjs.org/expo-application cache-miss
4772 silly packumentCache corgi:https://registry.npmjs.org/expo-constants cache-miss
4773 silly packumentCache corgi:https://registry.npmjs.org/@expo%2frouter-server cache-miss
4774 http fetch GET 200 https://registry.npmjs.org/expo-status-bar 177ms (cache miss)
4775 silly packumentCache corgi:https://registry.npmjs.org/expo-status-bar set size:undefined disposed:false
4776 http fetch GET 200 https://registry.npmjs.org/expo-application 188ms (cache miss)
4777 silly packumentCache corgi:https://registry.npmjs.org/expo-application set size:undefined disposed:false
4778 http fetch GET 200 https://registry.npmjs.org/expo-notifications 214ms (cache miss)
4779 silly packumentCache corgi:https://registry.npmjs.org/expo-notifications set size:undefined disposed:false
4780 http fetch GET 200 https://registry.npmjs.org/expo-haptics 246ms (cache miss)
4781 silly packumentCache corgi:https://registry.npmjs.org/expo-haptics set size:undefined disposed:false
4782 http fetch GET 200 https://registry.npmjs.org/@expo%2flog-box 254ms (cache miss)
4783 silly packumentCache corgi:https://registry.npmjs.org/@expo%2flog-box set size:undefined disposed:false
4784 http fetch GET 200 https://registry.npmjs.org/@expo%2fdom-webview 257ms (cache miss)
4785 silly packumentCache corgi:https://registry.npmjs.org/@expo%2fdom-webview set size:undefined disposed:false
4786 http fetch GET 200 https://registry.npmjs.org/expo-keep-awake 262ms (cache miss)
4787 silly packumentCache corgi:https://registry.npmjs.org/expo-keep-awake set size:undefined disposed:false
4788 http fetch GET 200 https://registry.npmjs.org/expo-task-manager 271ms (cache miss)
4789 silly packumentCache corgi:https://registry.npmjs.org/expo-task-manager set size:undefined disposed:false
4790 http fetch GET 200 https://registry.npmjs.org/@expo%2frouter-server 280ms (cache miss)
4791 silly packumentCache corgi:https://registry.npmjs.org/@expo%2frouter-server set size:undefined disposed:false
4792 http fetch GET 200 https://registry.npmjs.org/expo-asset 281ms (cache miss)
4793 silly packumentCache corgi:https://registry.npmjs.org/expo-asset set size:undefined disposed:false
4794 http fetch GET 200 https://registry.npmjs.org/babel-preset-expo 297ms (cache miss)
4795 silly packumentCache corgi:https://registry.npmjs.org/babel-preset-expo set size:undefined disposed:false
4796 http fetch GET 200 https://registry.npmjs.org/expo-constants 304ms (cache miss)
4797 silly packumentCache corgi:https://registry.npmjs.org/expo-constants set size:undefined disposed:false
4798 info run msgpackr-extract@3.0.3 install { code: 0, signal: null }
4799 http fetch GET 200 https://registry.npmjs.org/expo-av 418ms (cache miss)
4800 silly packumentCache corgi:https://registry.npmjs.org/expo-av set size:undefined disposed:false
4801 http fetch GET 200 https://registry.npmjs.org/expo-font 420ms (cache miss)
4802 silly packumentCache corgi:https://registry.npmjs.org/expo-font set size:undefined disposed:false
4803 http fetch GET 200 https://registry.npmjs.org/expo-file-system 430ms (cache miss)
4804 silly packumentCache corgi:https://registry.npmjs.org/expo-file-system set size:undefined disposed:false
4805 silly ADD node_modules/fontfaceobserver
4806 silly ADD node_modules/@babel/plugin-syntax-decorators
4807 silly ADD node_modules/babel-plugin-react-native-web
4808 silly ADD node_modules/babel-plugin-react-compiler
4809 silly ADD node_modules/@babel/plugin-transform-react-pure-annotations
4810 silly ADD node_modules/@babel/plugin-transform-react-jsx-development
4811 silly ADD node_modules/@babel/plugin-transform-parameters
4812 silly ADD node_modules/@babel/plugin-transform-object-rest-spread
4813 silly ADD node_modules/@babel/plugin-transform-logical-assignment-operators
4814 silly ADD node_modules/@babel/plugin-transform-export-namespace-from
4815 silly ADD node_modules/@babel/plugin-transform-class-static-block
4816 silly ADD node_modules/@babel/plugin-proposal-decorators
4817 silly ADD node_modules/source-map-js
4818 silly ADD node_modules/node-gyp-build-optional-packages
4819 silly ADD
4820 silly ADD
4821 silly ADD
4822 silly ADD
4823 silly ADD
4824 silly ADD node_modules/@msgpackr-extract/msgpackr-extract-darwin-arm64
4825 silly ADD node_modules/msgpackr-extract
4826 silly ADD
4827 silly ADD
4828 silly ADD
4829 silly ADD
4830 silly ADD
4831 silly ADD
4832 silly ADD
4833 silly ADD
4834 silly ADD
4835 silly ADD node_modules/lightningcss-darwin-arm64
4836 silly ADD
4837 silly ADD node_modules/detect-libc
4838 silly ADD node_modules/postcss
4839 silly ADD node_modules/msgpackr
4840 silly ADD node_modules/lightningcss
4841 silly ADD node_modules/clone
4842 silly ADD node_modules/defaults
4843 silly ADD node_modules/supports-hyperlinks
4844 silly ADD node_modules/ansi-escapes
4845 silly ADD node_modules/ansi-escapes/node_modules/type-fest
4846 silly ADD node_modules/mimic-fn
4847 silly ADD node_modules/signal-exit
4848 silly ADD node_modules/onetime
4849 silly ADD node_modules/sisteransi
4850 silly ADD node_modules/kleur
4851 silly ADD node_modules/restore-cursor
4852 silly ADD node_modules/wcwidth
4853 silly ADD node_modules/log-symbols
4854 silly ADD node_modules/log-symbols/node_modules/has-flag
4855 silly ADD node_modules/log-symbols/node_modules/color-name
4856 silly ADD node_modules/log-symbols/node_modules/color-convert
4857 silly ADD node_modules/log-symbols/node_modules/supports-color
4858 silly ADD node_modules/log-symbols/node_modules/escape-string-regexp
4859 silly ADD node_modules/log-symbols/node_modules/ansi-styles
4860 silly ADD node_modules/log-symbols/node_modules/chalk
4861 silly ADD node_modules/cli-spinners
4862 silly ADD node_modules/cli-cursor
4863 silly ADD node_modules/validate-npm-package-name
4864 silly ADD node_modules/proc-log
4865 silly ADD node_modules/hosted-git-info
4866 silly ADD node_modules/hosted-git-info/node_modules/lru-cache
4867 silly ADD node_modules/argparse
4868 silly ADD node_modules/vary
4869 silly ADD node_modules/safe-buffer
4870 silly ADD node_modules/on-headers
4871 silly ADD node_modules/compressible
4872 silly ADD node_modules/bytes
4873 silly ADD node_modules/js-yaml
4874 silly ADD node_modules/@expo/sudo-prompt
4875 silly ADD node_modules/zod
4876 silly ADD node_modules/toqr
4877 silly ADD node_modules/terminal-link
4878 silly ADD node_modules/structured-headers
4879 silly ADD node_modules/prompts
4880 silly ADD node_modules/progress
4881 silly ADD node_modules/ora
4882 silly ADD node_modules/ora/node_modules/has-flag
4883 silly ADD node_modules/ora/node_modules/ansi-regex
4884 silly ADD node_modules/ora/node_modules/color-name
4885 silly ADD node_modules/ora/node_modules/color-convert
4886 silly ADD node_modules/ora/node_modules/supports-color
4887 silly ADD node_modules/ora/node_modules/escape-string-regexp
4888 silly ADD node_modules/ora/node_modules/ansi-styles
4889 silly ADD node_modules/ora/node_modules/strip-ansi
4890 silly ADD node_modules/ora/node_modules/chalk
4891 silly ADD node_modules/npm-package-arg
4892 silly ADD node_modules/npm-package-arg/node_modules/semver
4893 silly ADD node_modules/node-forge
4894 silly ADD node_modules/multitars
4895 silly ADD node_modules/lan-network
4896 silly ADD node_modules/fetch-nodeshim
4897 silly ADD node_modules/dnssd-advertise
4898 silly ADD node_modules/compression
4899 silly ADD node_modules/compression/node_modules/ms
4900 silly ADD node_modules/compression/node_modules/negotiator
4901 silly ADD node_modules/compression/node_modules/debug
4902 silly ADD node_modules/@expo/xcpretty
4903 silly ADD node_modules/@expo/ws-tunnel
4904 silly ADD node_modules/@expo/schema-utils
4905 silly ADD node_modules/expo-server
4906 silly ADD node_modules/@expo/prebuild-config
4907 silly ADD node_modules/@expo/prebuild-config/node_modules/semver
4908 silly ADD node_modules/@expo/package-manager
4909 silly ADD node_modules/@expo/osascript
4910 silly ADD node_modules/@expo/metro-file-map
4911 silly ADD node_modules/@expo/inline-modules
4912 silly ADD node_modules/@expo/devcert
4913 silly ADD node_modules/@expo/devcert/node_modules/debug
4914 silly ADD node_modules/@expo/code-signing-certificates
4915 silly ADD node_modules/is-fullwidth-code-point
4916 silly ADD node_modules/emoji-regex
4917 silly ADD node_modules/wrap-ansi
4918 silly ADD node_modules/strip-ansi
4919 silly ADD node_modules/yargs-parser
4920 silly ADD node_modules/y18n
4921 silly ADD node_modules/string-width
4922 silly ADD node_modules/require-directory
4923 silly ADD node_modules/get-caller-file
4924 silly ADD node_modules/cliui
4925 silly ADD node_modules/sax
4926 silly ADD node_modules/big-integer
4927 silly ADD node_modules/stream-buffers
4928 silly ADD node_modules/plist
4929 silly ADD node_modules/plist/node_modules/@xmldom/xmldom
4930 silly ADD node_modules/bplist-parser
4931 silly ADD node_modules/bplist-creator
4932 silly ADD node_modules/simple-plist
4933 silly ADD node_modules/isexe
4934 silly ADD node_modules/tmpl
4935 silly ADD node_modules/makeerror
4936 silly ADD node_modules/escalade
4937 silly ADD node_modules/unicode-property-aliases-ecmascript
4938 silly ADD node_modules/unicode-canonical-property-names-ecmascript
4939 silly ADD node_modules/is-number
4940 silly ADD node_modules/buffer-from
4941 silly ADD node_modules/source-map-support
4942 silly ADD node_modules/source-map-support/node_modules/source-map
4943 silly ADD node_modules/acorn
4944 silly ADD node_modules/@jridgewell/source-map
4945 silly ADD node_modules/has-flag
4946 silly ADD node_modules/type-fest
4947 silly ADD node_modules/is-arrayish
4948 silly ADD node_modules/shebang-regex
4949 silly ADD node_modules/toidentifier
4950 silly ADD node_modules/setprototypeof
4951 silly ADD node_modules/range-parser
4952 silly ADD node_modules/mime
4953 silly ADD node_modules/http-errors
4954 silly ADD node_modules/http-errors/node_modules/statuses
4955 silly ADD node_modules/fresh
4956 silly ADD node_modules/etag
4957 silly ADD node_modules/destroy
4958 silly ADD node_modules/depd
4959 silly ADD node_modules/send
4960 silly ADD node_modules/send/node_modules/statuses
4961 silly ADD node_modules/send/node_modules/on-finished
4962 silly ADD node_modules/send/node_modules/encodeurl
4963 silly ADD node_modules/send/node_modules/debug
4964 silly ADD node_modules/send/node_modules/debug/node_modules/ms
4965 silly ADD node_modules/function-bind
4966 silly ADD node_modules/hasown
4967 silly ADD node_modules/supports-preserve-symlinks-flag
4968 silly ADD node_modules/path-parse
4969 silly ADD node_modules/is-core-module
4970 silly ADD node_modules/es-errors
4971 silly ADD node_modules/unicode-match-property-value-ecmascript
4972 silly ADD node_modules/unicode-match-property-ecmascript
4973 silly ADD node_modules/regjsparser
4974 silly ADD node_modules/regjsgen
4975 silly ADD node_modules/regenerate-unicode-properties
4976 silly ADD node_modules/regenerate
4977 silly ADD node_modules/@babel/preset-typescript
4978 silly ADD node_modules/@babel/plugin-transform-template-literals
4979 silly ADD node_modules/@babel/plugin-transform-shorthand-properties
4980 silly ADD node_modules/@babel/plugin-transform-arrow-functions
4981 silly ADD node_modules/entities
4982 silly ADD node_modules/dom-serializer
4983 silly ADD node_modules/domelementtype
4984 silly ADD node_modules/mdn-data
4985 silly ADD node_modules/nth-check
4986 silly ADD node_modules/domutils
4987 silly ADD node_modules/domhandler
4988 silly ADD node_modules/css-what
4989 silly ADD node_modules/boolbase
4990 silly ADD node_modules/css-tree
4991 silly ADD node_modules/css-tree/node_modules/source-map
4992 silly ADD node_modules/css-select
4993 silly ADD node_modules/warn-once
4994 silly ADD node_modules/react-freeze
4995 silly ADD node_modules/react-native-is-edge-to-edge
4996 silly ADD node_modules/@types/hammerjs
4997 silly ADD node_modules/hoist-non-react-statics
4998 silly ADD node_modules/hoist-non-react-statics/node_modules/react-is
4999 silly ADD node_modules/@types/react-test-renderer
5000 silly ADD node_modules/@egjs/hammerjs
5001 silly ADD node_modules/shell-quote
5002 silly ADD node_modules/asap
5003 silly ADD node_modules/marky
5004 silly ADD node_modules/is-docker
5005 silly ADD node_modules/mkdirp
5006 silly ADD node_modules/lighthouse-logger
5007 silly ADD node_modules/lighthouse-logger/node_modules/ms
5008 silly ADD node_modules/lighthouse-logger/node_modules/debug
5009 silly ADD node_modules/is-wsl
5010 silly ADD node_modules/fb-dotslash
5011 silly ADD node_modules/serve-static
5012 silly ADD node_modules/serve-static/node_modules/encodeurl
5013 silly ADD node_modules/open
5014 silly ADD node_modules/chromium-edge-launcher
5015 silly ADD node_modules/chrome-launcher
5016 silly ADD node_modules/@react-native/debugger-shell
5017 silly ADD node_modules/@react-native/debugger-frontend
5018 silly ADD node_modules/@isaacs/ttlcache
5019 silly ADD node_modules/@react-native/dev-middleware
5020 silly ADD node_modules/whatwg-fetch
5021 silly ADD node_modules/stacktrace-parser
5022 silly ADD node_modules/scheduler
5023 silly ADD node_modules/regenerator-runtime
5024 silly ADD node_modules/react-devtools-core
5025 silly ADD node_modules/promise
5026 silly ADD node_modules/memoize-one
5027 silly ADD node_modules/hermes-compiler
5028 silly ADD node_modules/ansi-regex
5029 silly ADD node_modules/anser
5030 silly ADD node_modules/@react-native/virtualized-lists
5031 silly ADD node_modules/@react-native/normalize-colors
5032 silly ADD node_modules/@react-native/gradle-plugin
5033 silly ADD node_modules/@react-native/community-cli-plugin
5034 silly ADD node_modules/@react-native/community-cli-plugin/node_modules/semver
5035 silly ADD node_modules/@react-native/assets-registry
5036 silly ADD node_modules/inherits
5037 silly ADD node_modules/strict-uri-encode
5038 silly ADD node_modules/split-on-first
5039 silly ADD node_modules/filter-obj
5040 silly ADD node_modules/decode-uri-component
5041 silly ADD node_modules/pngjs
5042 silly ADD node_modules/ee-first
5043 silly ADD node_modules/balanced-match
5044 silly ADD node_modules/brace-expansion
5045 silly ADD node_modules/mime-db
5046 silly ADD node_modules/to-regex-range
5047 silly ADD node_modules/fill-range
5048 silly ADD node_modules/braces
5049 silly ADD node_modules/vlq
5050 silly ADD node_modules/ob1
5051 silly ADD node_modules/terser
5052 silly ADD node_modules/terser/node_modules/commander
5053 silly ADD node_modules/node-int64
5054 silly ADD node_modules/bser
5055 silly ADD node_modules/walker
5056 silly ADD node_modules/micromatch
5057 silly ADD node_modules/fb-watchman
5058 silly ADD node_modules/leven
5059 silly ADD node_modules/jest-get-type
5060 silly ADD node_modules/camelcase
5061 silly ADD node_modules/yaml
5062 silly ADD node_modules/jest-validate
5063 silly ADD node_modules/agent-base
5064 silly ADD node_modules/https-proxy-agent
5065 silly ADD node_modules/exponential-backoff
5066 silly ADD node_modules/@types/yargs-parser
5067 silly ADD node_modules/@types/istanbul-lib-report
5068 silly ADD node_modules/@sinclair/typebox
5069 silly ADD node_modules/@types/yargs
5070 silly ADD node_modules/@types/istanbul-reports
5071 silly ADD node_modules/@types/istanbul-lib-coverage
5072 silly ADD node_modules/@jest/schemas
5073 silly ADD node_modules/picomatch
5074 silly ADD node_modules/@jest/types
5075 silly ADD node_modules/undici-types
5076 silly ADD node_modules/merge-stream
5077 silly ADD node_modules/jest-util
5078 silly ADD node_modules/jest-util/node_modules/ci-info
5079 silly ADD node_modules/@types/node
5080 silly ADD node_modules/queue
5081 silly ADD node_modules/unpipe
5082 silly ADD node_modules/statuses
5083 silly ADD node_modules/on-finished
5084 silly ADD node_modules/escape-html
5085 silly ADD node_modules/encodeurl
5086 silly ADD node_modules/stackframe
5087 silly ADD node_modules/utils-merge
5088 silly ADD node_modules/parseurl
5089 silly ADD node_modules/finalhandler
5090 silly ADD node_modules/finalhandler/node_modules/ms
5091 silly ADD node_modules/finalhandler/node_modules/debug
5092 silly ADD node_modules/negotiator
5093 silly ADD node_modules/ws
5094 silly ADD node_modules/throat
5095 silly ADD node_modules/source-map
5096 silly ADD node_modules/serialize-error
5097 silly ADD node_modules/mime-types
5098 silly ADD node_modules/lodash.throttle
5099 silly ADD node_modules/jsc-safe-url
5100 silly ADD node_modules/jest-worker
5101 silly ADD node_modules/jest-worker/node_modules/supports-color
5102 silly ADD node_modules/image-size
5103 silly ADD node_modules/graceful-fs
5104 silly ADD node_modules/flow-enums-runtime
5105 silly ADD node_modules/error-stack-parser
5106 silly ADD node_modules/connect
5107 silly ADD node_modules/connect/node_modules/ms
5108 silly ADD node_modules/connect/node_modules/debug
5109 silly ADD node_modules/ci-info
5110 silly ADD node_modules/accepts
5111 silly ADD node_modules/yallist
5112 silly ADD node_modules/loose-envify
5113 silly ADD node_modules/hermes-estree
5114 silly ADD node_modules/path-scurry
5115 silly ADD node_modules/path-scurry/node_modules/lru-cache
5116 silly ADD node_modules/minipass
5117 silly ADD node_modules/unimodules-app-loader
5118 silly ADD node_modules/event-target-shim
5119 silly ADD node_modules/parse-png
5120 silly ADD node_modules/jimp-compact
5121 silly ADD node_modules/expo-constants
5122 silly ADD node_modules/expo-application
5123 silly ADD node_modules/badgin
5124 silly ADD node_modules/abort-controller
5125 silly ADD node_modules/@expo/image-utils
5126 silly ADD node_modules/@expo/image-utils/node_modules/semver
5127 silly ADD node_modules/expo-modules-jsi
5128 silly ADD node_modules/@expo/expo-modules-macros-plugin
5129 silly ADD node_modules/commander
5130 silly ADD node_modules/which
5131 silly ADD node_modules/shebang-command
5132 silly ADD node_modules/path-key
5133 silly ADD node_modules/supports-color
5134 silly ADD node_modules/ansi-styles
5135 silly ADD node_modules/cross-spawn
5136 silly ADD node_modules/xmlbuilder
5137 silly ADD node_modules/base64-js
5138 silly ADD node_modules/@xmldom/xmldom
5139 silly ADD node_modules/metro-transform-worker
5140 silly ADD node_modules/metro-transform-plugins
5141 silly ADD node_modules/metro-symbolicate
5142 silly ADD node_modules/metro-source-map
5143 silly ADD node_modules/metro-resolver
5144 silly ADD node_modules/metro-minify-terser
5145 silly ADD node_modules/metro-file-map
5146 silly ADD node_modules/metro-core
5147 silly ADD node_modules/metro-cache-key
5148 silly ADD node_modules/metro-cache
5149 silly ADD node_modules/metro-babel-transformer
5150 silly ADD node_modules/metro-babel-transformer/node_modules/hermes-estree
5151 silly ADD node_modules/metro-babel-transformer/node_modules/hermes-parser
5152 silly ADD node_modules/metro
5153 silly ADD node_modules/metro/node_modules/hermes-estree
5154 silly ADD node_modules/metro/node_modules/hermes-parser
5155 silly ADD node_modules/resolve-from
5156 silly ADD node_modules/minimatch
5157 silly ADD node_modules/ignore
5158 silly ADD node_modules/arg
5159 silly ADD node_modules/@expo/spawn-async
5160 silly ADD node_modules/@expo/env
5161 silly ADD node_modules/xml2js
5162 silly ADD node_modules/xml2js/node_modules/xmlbuilder
5163 silly ADD node_modules/xcode
5164 silly ADD node_modules/xcode/node_modules/uuid
5165 silly ADD node_modules/chalk
5166 silly ADD node_modules/@expo/sdk-runtime-versions
5167 silly ADD node_modules/@expo/plist
5168 silly ADD node_modules/slugify
5169 silly ADD node_modules/resolve-workspace-root
5170 silly ADD node_modules/glob
5171 silly ADD node_modules/getenv
5172 silly ADD node_modules/deepmerge
5173 silly ADD node_modules/@expo/require-utils
5174 silly ADD node_modules/@expo/json-file
5175 silly ADD node_modules/@expo/config-types
5176 silly ADD node_modules/whatwg-url-minimum
5177 silly ADD node_modules/pretty-format
5178 silly ADD node_modules/pretty-format/node_modules/react-is
5179 silly ADD node_modules/pretty-format/node_modules/ansi-styles
5180 silly ADD node_modules/expo-modules-core
5181 silly ADD node_modules/expo-modules-autolinking
5182 silly ADD node_modules/@ungap/structured-clone
5183 silly ADD node_modules/@expo/metro
5184 silly ADD node_modules/@expo/local-build-cache-provider
5185 silly ADD node_modules/@expo/fingerprint
5186 silly ADD node_modules/@expo/fingerprint/node_modules/semver
5187 silly ADD node_modules/@expo/devtools
5188 silly ADD node_modules/@expo/config-plugins
5189 silly ADD node_modules/@expo/config-plugins/node_modules/semver
5190 silly ADD node_modules/@expo/config
5191 silly ADD node_modules/@expo/config/node_modules/semver
5192 silly ADD node_modules/@babel/runtime
5193 silly ADD node_modules/ms
5194 silly ADD node_modules/simple-swizzle
5195 silly ADD node_modules/color-name
5196 silly ADD node_modules/color-string
5197 silly ADD node_modules/color-convert
5198 silly ADD node_modules/update-browserslist-db
5199 silly ADD node_modules/node-releases
5200 silly ADD node_modules/electron-to-chromium
5201 silly ADD node_modules/caniuse-lite
5202 silly ADD node_modules/baseline-browser-mapping
5203 silly ADD node_modules/core-js-compat
5204 silly ADD node_modules/resolve
5205 silly ADD node_modules/lodash.debounce
5206 silly ADD node_modules/@babel/helper-define-polyfill-provider
5207 silly ADD node_modules/csstype
5208 silly ADD node_modules/react-is
5209 silly ADD node_modules/query-string
5210 silly ADD node_modules/@react-navigation/routers
5211 silly ADD node_modules/nanoid
5212 silly ADD node_modules/fast-deep-equal
5213 silly ADD node_modules/escape-string-regexp
5214 silly ADD node_modules/@react-navigation/core
5215 silly ADD node_modules/use-sync-external-store
5216 silly ADD node_modules/use-latest-callback
5217 silly ADD node_modules/sf-symbols-typescript
5218 silly ADD node_modules/color
5219 silly ADD node_modules/@react-navigation/elements
5220 silly ADD node_modules/yargs
5221 silly ADD node_modules/tinyglobby
5222 silly ADD node_modules/tinyglobby/node_modules/picomatch
5223 silly ADD node_modules/tinyglobby/node_modules/fdir
5224 silly ADD node_modules/invariant
5225 silly ADD node_modules/@react-native/codegen
5226 silly ADD node_modules/@babel/plugin-syntax-typescript
5227 silly ADD node_modules/babel-plugin-polyfill-regenerator
5228 silly ADD node_modules/babel-plugin-polyfill-corejs3
5229 silly ADD node_modules/babel-plugin-polyfill-corejs2
5230 silly ADD node_modules/@babel/plugin-syntax-jsx
5231 silly ADD node_modules/regexpu-core
5232 silly ADD node_modules/@babel/helper-create-regexp-features-plugin
5233 silly ADD node_modules/@babel/plugin-syntax-flow
5234 silly ADD node_modules/@babel/helper-skip-transparent-expression-wrappers
5235 silly ADD node_modules/@babel/helper-replace-supers
5236 silly ADD node_modules/@babel/helper-optimise-call-expression
5237 silly ADD node_modules/@babel/helper-member-expression-to-functions
5238 silly ADD node_modules/@babel/helper-create-class-features-plugin
5239 silly ADD node_modules/@babel/helper-wrap-function
5240 silly ADD node_modules/@babel/helper-annotate-as-pure
5241 silly ADD node_modules/@babel/helper-remap-async-to-generator
5242 silly ADD node_modules/@babel/helper-plugin-utils
5243 silly ADD node_modules/react-refresh
5244 silly ADD node_modules/babel-plugin-transform-flow-enums
5245 silly ADD node_modules/babel-plugin-syntax-hermes-parser
5246 silly ADD node_modules/@react-native/babel-plugin-codegen
5247 silly ADD node_modules/@babel/plugin-transform-unicode-regex
5248 silly ADD node_modules/@babel/plugin-transform-typescript
5249 silly ADD node_modules/@babel/plugin-transform-runtime
5250 silly ADD node_modules/@babel/plugin-transform-regenerator
5251 silly ADD node_modules/@babel/plugin-transform-react-jsx-source
5252 silly ADD node_modules/@babel/plugin-transform-react-jsx-self
5253 silly ADD node_modules/@babel/plugin-transform-react-jsx
5254 silly ADD node_modules/@babel/plugin-transform-react-display-name
5255 silly ADD node_modules/@babel/plugin-transform-private-property-in-object
5256 silly ADD node_modules/@babel/plugin-transform-private-methods
5257 silly ADD node_modules/@babel/plugin-transform-optional-chaining
5258 silly ADD node_modules/@babel/plugin-transform-optional-catch-binding
5259 silly ADD node_modules/@babel/plugin-transform-nullish-coalescing-operator
5260 silly ADD node_modules/@babel/plugin-transform-named-capturing-groups-regex
5261 silly ADD node_modules/@babel/plugin-transform-modules-commonjs
5262 silly ADD node_modules/@babel/plugin-transform-for-of
5263 silly ADD node_modules/@babel/plugin-transform-flow-strip-types
5264 silly ADD node_modules/@babel/plugin-transform-destructuring
5265 silly ADD node_modules/@babel/plugin-transform-classes
5266 silly ADD node_modules/@babel/plugin-transform-class-properties
5267 silly ADD node_modules/@babel/plugin-transform-block-scoping
5268 silly ADD node_modules/@babel/plugin-transform-async-to-generator
5269 silly ADD node_modules/@babel/plugin-transform-async-generator-functions
5270 silly ADD node_modules/@babel/plugin-syntax-optional-chaining
5271 silly ADD node_modules/@babel/plugin-syntax-nullish-coalescing-operator
5272 silly ADD node_modules/@babel/plugin-syntax-export-default-from
5273 silly ADD node_modules/@babel/plugin-syntax-dynamic-import
5274 silly ADD node_modules/@babel/plugin-proposal-export-default-from
5275 silly ADD node_modules/nullthrows
5276 silly ADD node_modules/hermes-parser
5277 silly ADD node_modules/@react-native/babel-preset
5278 silly ADD node_modules/metro-runtime
5279 silly ADD node_modules/metro-config
5280 silly ADD node_modules/@react-native/metro-babel-transformer
5281 silly ADD node_modules/@react-native/js-polyfills
5282 silly ADD node_modules/idb
5283 silly ADD node_modules/@jridgewell/resolve-uri
5284 silly ADD node_modules/@jridgewell/sourcemap-codec
5285 silly ADD node_modules/@babel/helper-string-parser
5286 silly ADD node_modules/@babel/helper-globals
5287 silly ADD node_modules/@babel/helper-module-imports
5288 silly ADD node_modules/lru-cache
5289 silly ADD node_modules/browserslist
5290 silly ADD node_modules/@babel/helper-validator-option
5291 silly ADD node_modules/@babel/compat-data
5292 silly ADD node_modules/jsesc
5293 silly ADD node_modules/@jridgewell/trace-mapping
5294 silly ADD node_modules/@jridgewell/gen-mapping
5295 silly ADD node_modules/picocolors
5296 silly ADD node_modules/js-tokens
5297 silly ADD node_modules/@babel/helper-validator-identifier
5298 silly ADD node_modules/semver
5299 silly ADD node_modules/json5
5300 silly ADD node_modules/gensync
5301 silly ADD node_modules/debug
5302 silly ADD node_modules/convert-source-map
5303 silly ADD node_modules/@jridgewell/remapping
5304 silly ADD node_modules/@babel/types
5305 silly ADD node_modules/@babel/traverse
5306 silly ADD node_modules/@babel/template
5307 silly ADD node_modules/@babel/parser
5308 silly ADD node_modules/@babel/helpers
5309 silly ADD node_modules/@babel/helper-module-transforms
5310 silly ADD node_modules/@babel/helper-compilation-targets
5311 silly ADD node_modules/@babel/generator
5312 silly ADD node_modules/@babel/code-frame
5313 silly ADD node_modules/zustand
5314 silly ADD node_modules/uuid
5315 silly ADD node_modules/typescript
5316 silly ADD node_modules/react-native-svg
5317 silly ADD node_modules/react-native-screens
5318 silly ADD node_modules/react-native-safe-area-context
5319 silly ADD node_modules/@react-native/metro-config
5320 silly ADD node_modules/@babel/core
5321 silly ADD node_modules/react-native-worklets
5322 silly ADD node_modules/react-native-worklets/node_modules/semver
5323 silly ADD node_modules/react-native-reanimated
5324 silly ADD node_modules/react-native-reanimated/node_modules/semver
5325 silly ADD node_modules/react-native-gesture-handler
5326 silly ADD node_modules/expo-task-manager
5327 silly ADD node_modules/expo-status-bar
5328 silly ADD node_modules/expo-notifications
5329 silly ADD node_modules/expo-keep-awake
5330 silly ADD node_modules/expo-haptics
5331 silly ADD node_modules/expo-av
5332 silly ADD node_modules/expo
5333 silly ADD node_modules/expo/node_modules/mime-db
5334 silly ADD node_modules/expo/node_modules/negotiator
5335 silly ADD node_modules/expo/node_modules/mime-types
5336 silly ADD node_modules/expo/node_modules/ws
5337 silly ADD node_modules/expo/node_modules/semver
5338 silly ADD node_modules/expo/node_modules/picomatch
5339 silly ADD node_modules/expo/node_modules/ci-info
5340 silly ADD node_modules/expo/node_modules/accepts
5341 silly ADD node_modules/expo/node_modules/expo-font
5342 silly ADD node_modules/expo/node_modules/expo-file-system
5343 silly ADD node_modules/expo/node_modules/expo-asset
5344 silly ADD node_modules/expo/node_modules/babel-preset-expo
5345 silly ADD node_modules/expo/node_modules/@expo/metro-config
5346 silly ADD node_modules/expo/node_modules/@expo/log-box
5347 silly ADD node_modules/expo/node_modules/@expo/dom-webview
5348 silly ADD node_modules/expo/node_modules/@expo/cli
5349 silly ADD node_modules/expo/node_modules/@expo/cli/node_modules/@expo/router-server
5350 silly ADD node_modules/@types/react
5351 silly ADD node_modules/@react-navigation/native
5352 silly ADD node_modules/@react-navigation/bottom-tabs
5353 silly ADD node_modules/react-native
5354 silly ADD node_modules/react-native/node_modules/semver
5355 silly ADD node_modules/react-native/node_modules/commander
5356 silly ADD node_modules/react
5357 silly ADD node_modules/@react-native-async-storage/async-storage
5358 verbose cwd /Users/huseyindeniz/Desktop/pomodoro
5359 verbose os Darwin 25.2.0
5360 verbose node v22.15.0
5361 verbose npm  v10.9.2
5362 notice
5362 notice New major version of npm available! 10.9.2 -> 11.15.0
5362 notice Changelog: https://github.com/npm/cli/releases/tag/v11.15.0
5362 notice To update run: npm install -g npm@11.15.0
5362 notice  { force: true, [Symbol(proc-log.meta)]: true }
5363 verbose exit 0
5364 info ok
